sensor,product,scene_id,epoch,acquired_utc,acquired_local,capture_start,capture_end,date_precision,relative_orbit,orbit_direction,polarizations,burst_id,cloud_cover_pct,valid_pixel_count,valid_fraction,coverage_fraction,footprint,source_url,asset_urls,source_group,tile_id,vertical_datum,native_resolution_m,processing_signature,flags
sentinel1,OPERA_RTC,OPERA_L2_RTC-S1_T008-016943-IW1_20230209T065936Z_20250122T082130Z_S1A_30_v1.0,pre,2023-02-09T06:59:36+00:00,2023-02-09T19:59:36+13:00,,,,8.0,ASCENDING,"VV,VH",T008_016943_IW1,,,,0.0046208783825181,"{""type"": ""Polygon"", ""coordinates"": [[[176.435, -39.217], [176.93096, -39.10344], [177.39733, -38.99437], [177.34045, -38.83039], [176.3755, -39.05368], [176.435, -39.217]]]}",https://datapool.asf.alaska.edu/RTC/OPERA-S1/OPERA_L2_RTC-S1_T008-016943-IW1_20230209T065936Z_20250122T082130Z_S1A_30_v1.0.h5,"[""https://datapool.asf.alaska.edu/RTC/OPERA-S1/OPERA_L2_RTC-S1_T008-016943-IW1_20230209T065936Z_20250122T082130Z_S1A_30_v1.0.iso.xml"", ""https://datapool.asf.alaska.edu/RTC/OPERA-S1/OPERA_L2_RTC-S1_T008-016943-IW1_20230209T065936Z_20250122T082130Z_S1A_30_v1.0_VH.tif"", ""https://datapool.asf.alaska.edu/RTC/OPERA-S1/OPERA_L2_RTC-S1_T008-016943-IW1_20230209T065936Z_20250122T082130Z_S1A_30_v1.0_VV.tif"", ""https://datapool.asf.alaska.edu/RTC/OPERA-S1/OPERA_L2_RTC-S1_T008-016943-IW1_20230209T065936Z_20250122T082130Z_S1A_30_v1.0_mask.tif""]",,,,30.0,OPERA_RTC_V1,
sentinel1,OPERA_RTC,OPERA_L2_RTC-S1_T008-016942-IW1_20230209T065934Z_20250122T082130Z_S1A_30_v1.0,pre,2023-02-09T06:59:34+00:00,2023-02-09T19:59:34+13:00,,,,8.0,ASCENDING,"VV,VH",T008_016942_IW1,,,,0.6455903260952981,"{""type"": ""Polygon"", ""coordinates"": [[[176.49196, -39.38106], [176.99049, -39.26693], [177.45605, -39.15809], [177.39733, -38.99437], [176.435, -39.217], [176.49196, -39.38106]]]}",https://datapool.asf.alaska.edu/RTC/OPERA-S1/OPERA_L2_RTC-S1_T008-016942-IW1_20230209T065934Z_20250122T082130Z_S1A_30_v1.0.h5,"[""https://datapool.asf.alaska.edu/RTC/OPERA-S1/OPERA_L2_RTC-S1_T008-016942-IW1_20230209T065934Z_20250122T082130Z_S1A_30_v1.0.iso.xml"", ""https://datapool.asf.alaska.edu/RTC/OPERA-S1/OPERA_L2_RTC-S1_T008-016942-IW1_20230209T065934Z_20250122T082130Z_S1A_30_v1.0_VH.tif"", ""https://datapool.asf.alaska.edu/RTC/OPERA-S1/OPERA_L2_RTC-S1_T008-016942-IW1_20230209T065934Z_20250122T082130Z_S1A_30_v1.0_VV.tif"", ""https://datapool.asf.alaska.edu/RTC/OPERA-S1/OPERA_L2_RTC-S1_T008-016942-IW1_20230209T065934Z_20250122T082130Z_S1A_30_v1.0_mask.tif""]",,,,30.0,OPERA_RTC_V1,
sentinel1,OPERA_RTC,OPERA_L2_RTC-S1_T008-016941-IW1_20230209T065931Z_20250122T082130Z_S1A_30_v1.0,pre,2023-02-09T06:59:31+00:00,2023-02-09T19:59:31+13:00,,,,8.0,ASCENDING,"VV,VH",T008_016941_IW1,,,,0.3525828634689607,"{""type"": ""Polygon"", ""coordinates"": [[[176.54402, -39.54652], [177.04832, -39.43112], [177.51858, -39.32119], [177.45605, -39.15809], [176.49196, -39.38106], [176.54402, -39.54652]]]}",https://datapool.asf.alaska.edu/RTC/OPERA-S1/OPERA_L2_RTC-S1_T008-016941-IW1_20230209T065931Z_20250122T082130Z_S1A_30_v1.0.h5,"[""https://datapool.asf.alaska.edu/RTC/OPERA-S1/OPERA_L2_RTC-S1_T008-016941-IW1_20230209T065931Z_20250122T082130Z_S1A_30_v1.0.iso.xml"", ""https://datapool.asf.alaska.edu/RTC/OPERA-S1/OPERA_L2_RTC-S1_T008-016941-IW1_20230209T065931Z_20250122T082130Z_S1A_30_v1.0_VH.tif"", ""https://datapool.asf.alaska.edu/RTC/OPERA-S1/OPERA_L2_RTC-S1_T008-016941-IW1_20230209T065931Z_20250122T082130Z_S1A_30_v1.0_VV.tif"", ""https://datapool.asf.alaska.edu/RTC/OPERA-S1/OPERA_L2_RTC-S1_T008-016941-IW1_20230209T065931Z_20250122T082130Z_S1A_30_v1.0_mask.tif""]",,,,30.0,OPERA_RTC_V1,
sentinel1,OPERA_RTC,OPERA_L2_RTC-S1_T175-375056-IW2_20230208T172231Z_20250122T065821Z_S1A_30_v1.0,pre,2023-02-08T17:22:31+00:00,2023-02-09T06:22:31+13:00,,,,175.0,DESCENDING,"VV,VH",T175_375056_IW2,,,,0.4801786007267154,"{""type"": ""Polygon"", ""coordinates"": [[[177.6347, -39.49196], [176.60834, -39.24469], [176.54215, -39.40668], [177.57182, -39.65477], [177.6347, -39.49196]]]}",https://datapool.asf.alaska.edu/RTC/OPERA-S1/OPERA_L2_RTC-S1_T175-375056-IW2_20230208T172231Z_20250122T065821Z_S1A_30_v1.0.h5,"[""https://datapool.asf.alaska.edu/RTC/OPERA-S1/OPERA_L2_RTC-S1_T175-375056-IW2_20230208T172231Z_20250122T065821Z_S1A_30_v1.0.iso.xml"", ""https://datapool.asf.alaska.edu/RTC/OPERA-S1/OPERA_L2_RTC-S1_T175-375056-IW2_20230208T172231Z_20250122T065821Z_S1A_30_v1.0_VH.tif"", ""https://datapool.asf.alaska.edu/RTC/OPERA-S1/OPERA_L2_RTC-S1_T175-375056-IW2_20230208T172231Z_20250122T065821Z_S1A_30_v1.0_VV.tif"", ""https://datapool.asf.alaska.edu/RTC/OPERA-S1/OPERA_L2_RTC-S1_T175-375056-IW2_20230208T172231Z_20250122T065821Z_S1A_30_v1.0_mask.tif""]",,,,30.0,OPERA_RTC_V1,
sentinel1,OPERA_RTC,OPERA_L2_RTC-S1_T175-375055-IW2_20230208T172228Z_20250122T065821Z_S1A_30_v1.0,pre,2023-02-08T17:22:28+00:00,2023-02-09T06:22:28+13:00,,,,175.0,DESCENDING,"VV,VH",T175_375055_IW2,,,,0.5198213992733625,"{""type"": ""Polygon"", ""coordinates"": [[[177.69731, -39.32911], [176.67134, -39.08193], [176.60834, -39.24469], [177.6347, -39.49196], [177.69731, -39.32911]]]}",https://datapool.asf.alaska.edu/RTC/OPERA-S1/OPERA_L2_RTC-S1_T175-375055-IW2_20230208T172228Z_20250122T065821Z_S1A_30_v1.0.h5,"[""https://datapool.asf.alaska.edu/RTC/OPERA-S1/OPERA_L2_RTC-S1_T175-375055-IW2_20230208T172228Z_20250122T065821Z_S1A_30_v1.0.iso.xml"", ""https://datapool.asf.alaska.edu/RTC/OPERA-S1/OPERA_L2_RTC-S1_T175-375055-IW2_20230208T172228Z_20250122T065821Z_S1A_30_v1.0_VH.tif"", ""https://datapool.asf.alaska.edu/RTC/OPERA-S1/OPERA_L2_RTC-S1_T175-375055-IW2_20230208T172228Z_20250122T065821Z_S1A_30_v1.0_VV.tif"", ""https://datapool.asf.alaska.edu/RTC/OPERA-S1/OPERA_L2_RTC-S1_T175-375055-IW2_20230208T172228Z_20250122T065821Z_S1A_30_v1.0_mask.tif""]",,,,30.0,OPERA_RTC_V1,
sentinel1,OPERA_RTC,OPERA_L2_RTC-S1_T073-155964-IW1_20230201T173035Z_20250121T132051Z_S1A_30_v1.0,pre,2023-02-01T17:30:35+00:00,2023-02-02T06:30:35+13:00,,,,73.0,DESCENDING,"VV,VH",T073_155964_IW1,,,,0.0027909958063696,"{""type"": ""Polygon"", ""coordinates"": [[[176.72623, -39.10087], [175.71385, -38.86645], [175.64792, -39.02842], [176.67189, -39.26551], [176.72623, -39.10087]]]}",https://datapool.asf.alaska.edu/RTC/OPERA-S1/OPERA_L2_RTC-S1_T073-155964-IW1_20230201T173035Z_20250121T132051Z_S1A_30_v1.0.h5,"[""https://datapool.asf.alaska.edu/RTC/OPERA-S1/OPERA_L2_RTC-S1_T073-155964-IW1_20230201T173035Z_20250121T132051Z_S1A_30_v1.0.iso.xml"", ""https://datapool.asf.alaska.edu/RTC/OPERA-S1/OPERA_L2_RTC-S1_T073-155964-IW1_20230201T173035Z_20250121T132051Z_S1A_30_v1.0_VH.tif"", ""https://datapool.asf.alaska.edu/RTC/OPERA-S1/OPERA_L2_RTC-S1_T073-155964-IW1_20230201T173035Z_20250121T132051Z_S1A_30_v1.0_VV.tif"", ""https://datapool.asf.alaska.edu/RTC/OPERA-S1/OPERA_L2_RTC-S1_T073-155964-IW1_20230201T173035Z_20250121T132051Z_S1A_30_v1.0_mask.tif""]",,,,30.0,OPERA_RTC_V1,
sentinel1,OPERA_RTC,OPERA_L2_RTC-S1_T008-016943-IW1_20230128T065937Z_20250121T015402Z_S1A_30_v1.0,pre,2023-01-28T06:59:37+00:00,2023-01-28T19:59:37+13:00,,,,8.0,ASCENDING,"VV,VH",T008_016943_IW1,,,,0.0043823995448655,"{""type"": ""Polygon"", ""coordinates"": [[[176.43548, -39.21661], [176.92983, -39.10341], [177.39615, -38.99435], [177.33916, -38.83012], [176.37435, -39.0534], [176.43548, -39.21661]]]}",https://datapool.asf.alaska.edu/RTC/OPERA-S1/OPERA_L2_RTC-S1_T008-016943-IW1_20230128T065937Z_20250121T015402Z_S1A_30_v1.0.h5,"[""https://datapool.asf.alaska.edu/RTC/OPERA-S1/OPERA_L2_RTC-S1_T008-016943-IW1_20230128T065937Z_20250121T015402Z_S1A_30_v1.0.iso.xml"", ""https://datapool.asf.alaska.edu/RTC/OPERA-S1/OPERA_L2_RTC-S1_T008-016943-IW1_20230128T065937Z_20250121T015402Z_S1A_30_v1.0_VH.tif"", ""https://datapool.asf.alaska.edu/RTC/OPERA-S1/OPERA_L2_RTC-S1_T008-016943-IW1_20230128T065937Z_20250121T015402Z_S1A_30_v1.0_VV.tif"", ""https://datapool.asf.alaska.edu/RTC/OPERA-S1/OPERA_L2_RTC-S1_T008-016943-IW1_20230128T065937Z_20250121T015402Z_S1A_30_v1.0_mask.tif""]",,,,30.0,OPERA_RTC_V1,
sentinel1,OPERA_RTC,OPERA_L2_RTC-S1_T008-016942-IW1_20230128T065935Z_20250121T015402Z_S1A_30_v1.0,pre,2023-01-28T06:59:35+00:00,2023-01-28T19:59:35+13:00,,,,8.0,ASCENDING,"VV,VH",T008_016942_IW1,,,,0.6453045165821129,"{""type"": ""Polygon"", ""coordinates"": [[[176.49095, -39.38114], [176.98941, -39.26703], [177.45491, -39.15819], [177.39615, -38.99435], [176.43548, -39.21661], [176.49095, -39.38114]]]}",https://datapool.asf.alaska.edu/RTC/OPERA-S1/OPERA_L2_RTC-S1_T008-016942-IW1_20230128T065935Z_20250121T015402Z_S1A_30_v1.0.h5,"[""https://datapool.asf.alaska.edu/RTC/OPERA-S1/OPERA_L2_RTC-S1_T008-016942-IW1_20230128T065935Z_20250121T015402Z_S1A_30_v1.0.iso.xml"", ""https://datapool.asf.alaska.edu/RTC/OPERA-S1/OPERA_L2_RTC-S1_T008-016942-IW1_20230128T065935Z_20250121T015402Z_S1A_30_v1.0_VH.tif"", ""https://datapool.asf.alaska.edu/RTC/OPERA-S1/OPERA_L2_RTC-S1_T008-016942-IW1_20230128T065935Z_20250121T015402Z_S1A_30_v1.0_VV.tif"", ""https://datapool.asf.alaska.edu/RTC/OPERA-S1/OPERA_L2_RTC-S1_T008-016942-IW1_20230128T065935Z_20250121T015402Z_S1A_30_v1.0_mask.tif""]",,,,30.0,OPERA_RTC_V1,
sentinel1,OPERA_RTC,OPERA_L2_RTC-S1_T008-016941-IW1_20230128T065932Z_20250121T015402Z_S1A_30_v1.0,pre,2023-01-28T06:59:32+00:00,2023-01-28T19:59:32+13:00,,,,8.0,ASCENDING,"VV,VH",T008_016941_IW1,,,,0.3531068682876777,"{""type"": ""Polygon"", ""coordinates"": [[[176.54297, -39.54649], [177.04719, -39.4311], [177.5174, -39.32117], [177.45491, -39.15819], [176.49095, -39.38114], [176.54297, -39.54649]]]}",https://datapool.asf.alaska.edu/RTC/OPERA-S1/OPERA_L2_RTC-S1_T008-016941-IW1_20230128T065932Z_20250121T015402Z_S1A_30_v1.0.h5,"[""https://datapool.asf.alaska.edu/RTC/OPERA-S1/OPERA_L2_RTC-S1_T008-016941-IW1_20230128T065932Z_20250121T015402Z_S1A_30_v1.0.iso.xml"", ""https://datapool.asf.alaska.edu/RTC/OPERA-S1/OPERA_L2_RTC-S1_T008-016941-IW1_20230128T065932Z_20250121T015402Z_S1A_30_v1.0_VH.tif"", ""https://datapool.asf.alaska.edu/RTC/OPERA-S1/OPERA_L2_RTC-S1_T008-016941-IW1_20230128T065932Z_20250121T015402Z_S1A_30_v1.0_VV.tif"", ""https://datapool.asf.alaska.edu/RTC/OPERA-S1/OPERA_L2_RTC-S1_T008-016941-IW1_20230128T065932Z_20250121T015402Z_S1A_30_v1.0_mask.tif""]",,,,30.0,OPERA_RTC_V1,
sentinel1,OPERA_RTC,OPERA_L2_RTC-S1_T175-375056-IW2_20230127T172232Z_20250121T002912Z_S1A_30_v1.0,pre,2023-01-27T17:22:32+00:00,2023-01-28T06:22:32+13:00,,,,175.0,DESCENDING,"VV,VH",T175_375056_IW2,,,,0.4806698068182255,"{""type"": ""Polygon"", ""coordinates"": [[[177.63245, -39.4913], [176.60604, -39.24401], [176.53979, -39.40612], [177.56951, -39.65423], [177.63245, -39.4913]]]}",https://datapool.asf.alaska.edu/RTC/OPERA-S1/OPERA_L2_RTC-S1_T175-375056-IW2_20230127T172232Z_20250121T002912Z_S1A_30_v1.0.h5,"[""https://datapool.asf.alaska.edu/RTC/OPERA-S1/OPERA_L2_RTC-S1_T175-375056-IW2_20230127T172232Z_20250121T002912Z_S1A_30_v1.0.iso.xml"", ""https://datapool.asf.alaska.edu/RTC/OPERA-S1/OPERA_L2_RTC-S1_T175-375056-IW2_20230127T172232Z_20250121T002912Z_S1A_30_v1.0_VH.tif"", ""https://datapool.asf.alaska.edu/RTC/OPERA-S1/OPERA_L2_RTC-S1_T175-375056-IW2_20230127T172232Z_20250121T002912Z_S1A_30_v1.0_VV.tif"", ""https://datapool.asf.alaska.edu/RTC/OPERA-S1/OPERA_L2_RTC-S1_T175-375056-IW2_20230127T172232Z_20250121T002912Z_S1A_30_v1.0_mask.tif""]",,,,30.0,OPERA_RTC_V1,
sentinel1,OPERA_RTC,OPERA_L2_RTC-S1_T175-375055-IW2_20230127T172229Z_20250121T002912Z_S1A_30_v1.0,pre,2023-01-27T17:22:29+00:00,2023-01-28T06:22:29+13:00,,,,175.0,DESCENDING,"VV,VH",T175_375055_IW2,,,,0.5193301931817202,"{""type"": ""Polygon"", ""coordinates"": [[[177.6951, -39.32834], [176.66715, -39.08065], [176.60604, -39.24401], [177.63245, -39.4913], [177.6951, -39.32834]]]}",https://datapool.asf.alaska.edu/RTC/OPERA-S1/OPERA_L2_RTC-S1_T175-375055-IW2_20230127T172229Z_20250121T002912Z_S1A_30_v1.0.h5,"[""https://datapool.asf.alaska.edu/RTC/OPERA-S1/OPERA_L2_RTC-S1_T175-375055-IW2_20230127T172229Z_20250121T002912Z_S1A_30_v1.0.iso.xml"", ""https://datapool.asf.alaska.edu/RTC/OPERA-S1/OPERA_L2_RTC-S1_T175-375055-IW2_20230127T172229Z_20250121T002912Z_S1A_30_v1.0_VH.tif"", ""https://datapool.asf.alaska.edu/RTC/OPERA-S1/OPERA_L2_RTC-S1_T175-375055-IW2_20230127T172229Z_20250121T002912Z_S1A_30_v1.0_VV.tif"", ""https://datapool.asf.alaska.edu/RTC/OPERA-S1/OPERA_L2_RTC-S1_T175-375055-IW2_20230127T172229Z_20250121T002912Z_S1A_30_v1.0_mask.tif""]",,,,30.0,OPERA_RTC_V1,
sentinel1,OPERA_RTC,OPERA_L2_RTC-S1_T081-173738-IW3_20230121T070743Z_20250120T081453Z_S1A_30_v1.0,pre,2023-01-21T07:07:43+00:00,2023-01-21T20:07:43+13:00,,,,81.0,ASCENDING,"VV,VH",T081_173738_IW3,,,,0.1389992205461188,"{""type"": ""Polygon"", ""coordinates"": [[[176.45859, -39.26615], [176.91482, -39.15301], [177.35328, -39.04225], [177.28938, -38.87974], [176.39475, -39.1036], [176.45859, -39.26615]]]}",https://datapool.asf.alaska.edu/RTC/OPERA-S1/OPERA_L2_RTC-S1_T081-173738-IW3_20230121T070743Z_20250120T081453Z_S1A_30_v1.0.h5,"[""https://datapool.asf.alaska.edu/RTC/OPERA-S1/OPERA_L2_RTC-S1_T081-173738-IW3_20230121T070743Z_20250120T081453Z_S1A_30_v1.0.iso.xml"", ""https://datapool.asf.alaska.edu/RTC/OPERA-S1/OPERA_L2_RTC-S1_T081-173738-IW3_20230121T070743Z_20250120T081453Z_S1A_30_v1.0_VH.tif"", ""https://datapool.asf.alaska.edu/RTC/OPERA-S1/OPERA_L2_RTC-S1_T081-173738-IW3_20230121T070743Z_20250120T081453Z_S1A_30_v1.0_VV.tif"", ""https://datapool.asf.alaska.edu/RTC/OPERA-S1/OPERA_L2_RTC-S1_T081-173738-IW3_20230121T070743Z_20250120T081453Z_S1A_30_v1.0_mask.tif""]",,,,30.0,OPERA_RTC_V1,
sentinel1,OPERA_RTC,OPERA_L2_RTC-S1_T081-173737-IW3_20230121T070740Z_20250120T081453Z_S1A_30_v1.0,pre,2023-01-21T07:07:40+00:00,2023-01-21T20:07:40+13:00,,,,81.0,ASCENDING,"VV,VH",T081_173737_IW3,,,,0.67818768239808,"{""type"": ""Polygon"", ""coordinates"": [[[176.51782, -39.42961], [176.978, -39.31549], [177.41857, -39.20418], [177.35328, -39.04225], [176.45859, -39.26615], [176.51782, -39.42961]]]}",https://datapool.asf.alaska.edu/RTC/OPERA-S1/OPERA_L2_RTC-S1_T081-173737-IW3_20230121T070740Z_20250120T081453Z_S1A_30_v1.0.h5,"[""https://datapool.asf.alaska.edu/RTC/OPERA-S1/OPERA_L2_RTC-S1_T081-173737-IW3_20230121T070740Z_20250120T081453Z_S1A_30_v1.0.iso.xml"", ""https://datapool.asf.alaska.edu/RTC/OPERA-S1/OPERA_L2_RTC-S1_T081-173737-IW3_20230121T070740Z_20250120T081453Z_S1A_30_v1.0_VH.tif"", ""https://datapool.asf.alaska.edu/RTC/OPERA-S1/OPERA_L2_RTC-S1_T081-173737-IW3_20230121T070740Z_20250120T081453Z_S1A_30_v1.0_VV.tif"", ""https://datapool.asf.alaska.edu/RTC/OPERA-S1/OPERA_L2_RTC-S1_T081-173737-IW3_20230121T070740Z_20250120T081453Z_S1A_30_v1.0_mask.tif""]",,,,30.0,OPERA_RTC_V1,
sentinel1,OPERA_RTC,OPERA_L2_RTC-S1_T081-173736-IW3_20230121T070737Z_20250120T081453Z_S1A_30_v1.0,pre,2023-01-21T07:07:37+00:00,2023-01-21T20:07:37+13:00,,,,81.0,ASCENDING,"VV,VH",T081_173736_IW3,,,,0.1873567868946073,"{""type"": ""Polygon"", ""coordinates"": [[[176.5805, -39.59305], [177.04218, -39.47855], [177.4862, -39.36634], [177.41857, -39.20418], [176.51782, -39.42961], [176.5805, -39.59305]]]}",https://datapool.asf.alaska.edu/RTC/OPERA-S1/OPERA_L2_RTC-S1_T081-173736-IW3_20230121T070737Z_20250120T081453Z_S1A_30_v1.0.h5,"[""https://datapool.asf.alaska.edu/RTC/OPERA-S1/OPERA_L2_RTC-S1_T081-173736-IW3_20230121T070737Z_20250120T081453Z_S1A_30_v1.0.iso.xml"", ""https://datapool.asf.alaska.edu/RTC/OPERA-S1/OPERA_L2_RTC-S1_T081-173736-IW3_20230121T070737Z_20250120T081453Z_S1A_30_v1.0_VH.tif"", ""https://datapool.asf.alaska.edu/RTC/OPERA-S1/OPERA_L2_RTC-S1_T081-173736-IW3_20230121T070737Z_20250120T081453Z_S1A_30_v1.0_VV.tif"", ""https://datapool.asf.alaska.edu/RTC/OPERA-S1/OPERA_L2_RTC-S1_T081-173736-IW3_20230121T070737Z_20250120T081453Z_S1A_30_v1.0_mask.tif""]",,,,30.0,OPERA_RTC_V1,
sentinel1,OPERA_RTC,OPERA_L2_RTC-S1_T073-155964-IW1_20230120T173035Z_20250120T064437Z_S1A_30_v1.0,pre,2023-01-20T17:30:35+00:00,2023-01-21T06:30:35+13:00,,,,73.0,DESCENDING,"VV,VH",T073_155964_IW1,,,,0.0037340615418385,"{""type"": ""Polygon"", ""coordinates"": [[[176.72743, -39.10079], [175.71505, -38.86637], [175.64911, -39.02833], [176.67309, -39.26542], [176.72743, -39.10079]]]}",https://datapool.asf.alaska.edu/RTC/OPERA-S1/OPERA_L2_RTC-S1_T073-155964-IW1_20230120T173035Z_20250120T064437Z_S1A_30_v1.0.h5,"[""https://datapool.asf.alaska.edu/RTC/OPERA-S1/OPERA_L2_RTC-S1_T073-155964-IW1_20230120T173035Z_20250120T064437Z_S1A_30_v1.0.iso.xml"", ""https://datapool.asf.alaska.edu/RTC/OPERA-S1/OPERA_L2_RTC-S1_T073-155964-IW1_20230120T173035Z_20250120T064437Z_S1A_30_v1.0_VH.tif"", ""https://datapool.asf.alaska.edu/RTC/OPERA-S1/OPERA_L2_RTC-S1_T073-155964-IW1_20230120T173035Z_20250120T064437Z_S1A_30_v1.0_VV.tif"", ""https://datapool.asf.alaska.edu/RTC/OPERA-S1/OPERA_L2_RTC-S1_T073-155964-IW1_20230120T173035Z_20250120T064437Z_S1A_30_v1.0_mask.tif""]",,,,30.0,OPERA_RTC_V1,
sentinel1,OPERA_RTC,OPERA_L2_RTC-S1_T008-016943-IW1_20230116T065937Z_20250119T192501Z_S1A_30_v1.0,pre,2023-01-16T06:59:37+00:00,2023-01-16T19:59:37+13:00,,,,8.0,ASCENDING,"VV,VH",T008_016943_IW1,,,,0.0046979833630005,"{""type"": ""Polygon"", ""coordinates"": [[[176.43663, -39.21672], [176.93252, -39.10317], [177.39883, -38.99411], [177.33999, -38.83045], [176.37709, -39.05328], [176.43663, -39.21672]]]}",https://datapool.asf.alaska.edu/RTC/OPERA-S1/OPERA_L2_RTC-S1_T008-016943-IW1_20230116T065937Z_20250119T192501Z_S1A_30_v1.0.h5,"[""https://datapool.asf.alaska.edu/RTC/OPERA-S1/OPERA_L2_RTC-S1_T008-016943-IW1_20230116T065937Z_20250119T192501Z_S1A_30_v1.0.iso.xml"", ""https://datapool.asf.alaska.edu/RTC/OPERA-S1/OPERA_L2_RTC-S1_T008-016943-IW1_20230116T065937Z_20250119T192501Z_S1A_30_v1.0_VH.tif"", ""https://datapool.asf.alaska.edu/RTC/OPERA-S1/OPERA_L2_RTC-S1_T008-016943-IW1_20230116T065937Z_20250119T192501Z_S1A_30_v1.0_VV.tif"", ""https://datapool.asf.alaska.edu/RTC/OPERA-S1/OPERA_L2_RTC-S1_T008-016943-IW1_20230116T065937Z_20250119T192501Z_S1A_30_v1.0_mask.tif""]",,,,30.0,OPERA_RTC_V1,
sentinel1,OPERA_RTC,OPERA_L2_RTC-S1_T008-016942-IW1_20230116T065935Z_20250119T192501Z_S1A_30_v1.0,pre,2023-01-16T06:59:35+00:00,2023-01-16T19:59:35+13:00,,,,8.0,ASCENDING,"VV,VH",T008_016942_IW1,,,,0.6458415534059655,"{""type"": ""Polygon"", ""coordinates"": [[[176.4936, -39.38078], [176.99205, -39.26667], [177.45755, -39.15782], [177.39883, -38.99411], [176.43663, -39.21672], [176.4936, -39.38078]]]}",https://datapool.asf.alaska.edu/RTC/OPERA-S1/OPERA_L2_RTC-S1_T008-016942-IW1_20230116T065935Z_20250119T192501Z_S1A_30_v1.0.h5,"[""https://datapool.asf.alaska.edu/RTC/OPERA-S1/OPERA_L2_RTC-S1_T008-016942-IW1_20230116T065935Z_20250119T192501Z_S1A_30_v1.0.iso.xml"", ""https://datapool.asf.alaska.edu/RTC/OPERA-S1/OPERA_L2_RTC-S1_T008-016942-IW1_20230116T065935Z_20250119T192501Z_S1A_30_v1.0_VH.tif"", ""https://datapool.asf.alaska.edu/RTC/OPERA-S1/OPERA_L2_RTC-S1_T008-016942-IW1_20230116T065935Z_20250119T192501Z_S1A_30_v1.0_VV.tif"", ""https://datapool.asf.alaska.edu/RTC/OPERA-S1/OPERA_L2_RTC-S1_T008-016942-IW1_20230116T065935Z_20250119T192501Z_S1A_30_v1.0_mask.tif""]",,,,30.0,OPERA_RTC_V1,
sentinel1,OPERA_RTC,OPERA_L2_RTC-S1_T008-016941-IW1_20230116T065932Z_20250119T192501Z_S1A_30_v1.0,pre,2023-01-16T06:59:32+00:00,2023-01-16T19:59:32+13:00,,,,8.0,ASCENDING,"VV,VH",T008_016941_IW1,,,,0.3522737631678255,"{""type"": ""Polygon"", ""coordinates"": [[[176.54553, -39.54588], [177.04975, -39.43049], [177.51995, -39.32056], [177.45755, -39.15782], [176.4936, -39.38078], [176.54553, -39.54588]]]}",https://datapool.asf.alaska.edu/RTC/OPERA-S1/OPERA_L2_RTC-S1_T008-016941-IW1_20230116T065932Z_20250119T192501Z_S1A_30_v1.0.h5,"[""https://datapool.asf.alaska.edu/RTC/OPERA-S1/OPERA_L2_RTC-S1_T008-016941-IW1_20230116T065932Z_20250119T192501Z_S1A_30_v1.0.iso.xml"", ""https://datapool.asf.alaska.edu/RTC/OPERA-S1/OPERA_L2_RTC-S1_T008-016941-IW1_20230116T065932Z_20250119T192501Z_S1A_30_v1.0_VH.tif"", ""https://datapool.asf.alaska.edu/RTC/OPERA-S1/OPERA_L2_RTC-S1_T008-016941-IW1_20230116T065932Z_20250119T192501Z_S1A_30_v1.0_VV.tif"", ""https://datapool.asf.alaska.edu/RTC/OPERA-S1/OPERA_L2_RTC-S1_T008-016941-IW1_20230116T065932Z_20250119T192501Z_S1A_30_v1.0_mask.tif""]",,,,30.0,OPERA_RTC_V1,
sentinel1,OPERA_RTC,OPERA_L2_RTC-S1_T175-375056-IW2_20230115T172232Z_20250119T180259Z_S1A_30_v1.0,pre,2023-01-15T17:22:32+00:00,2023-01-16T06:22:32+13:00,,,,175.0,DESCENDING,"VV,VH",T175_375056_IW2,,,,0.4816431775995764,"{""type"": ""Polygon"", ""coordinates"": [[[177.63373, -39.49138], [176.60737, -39.24408], [176.54112, -39.4062], [177.57079, -39.65431], [177.63373, -39.49138]]]}",https://datapool.asf.alaska.edu/RTC/OPERA-S1/OPERA_L2_RTC-S1_T175-375056-IW2_20230115T172232Z_20250119T180259Z_S1A_30_v1.0.h5,"[""https://datapool.asf.alaska.edu/RTC/OPERA-S1/OPERA_L2_RTC-S1_T175-375056-IW2_20230115T172232Z_20250119T180259Z_S1A_30_v1.0.iso.xml"", ""https://datapool.asf.alaska.edu/RTC/OPERA-S1/OPERA_L2_RTC-S1_T175-375056-IW2_20230115T172232Z_20250119T180259Z_S1A_30_v1.0_VH.tif"", ""https://datapool.asf.alaska.edu/RTC/OPERA-S1/OPERA_L2_RTC-S1_T175-375056-IW2_20230115T172232Z_20250119T180259Z_S1A_30_v1.0_VV.tif"", ""https://datapool.asf.alaska.edu/RTC/OPERA-S1/OPERA_L2_RTC-S1_T175-375056-IW2_20230115T172232Z_20250119T180259Z_S1A_30_v1.0_mask.tif""]",,,,30.0,OPERA_RTC_V1,
sentinel1,OPERA_RTC,OPERA_L2_RTC-S1_T175-375055-IW2_20230115T172229Z_20250119T180259Z_S1A_30_v1.0,pre,2023-01-15T17:22:29+00:00,2023-01-16T06:22:29+13:00,,,,175.0,DESCENDING,"VV,VH",T175_375055_IW2,,,,0.5183568224003422,"{""type"": ""Polygon"", ""coordinates"": [[[177.69639, -39.32841], [176.66848, -39.08073], [176.60737, -39.24408], [177.63373, -39.49138], [177.69639, -39.32841]]]}",https://datapool.asf.alaska.edu/RTC/OPERA-S1/OPERA_L2_RTC-S1_T175-375055-IW2_20230115T172229Z_20250119T180259Z_S1A_30_v1.0.h5,"[""https://datapool.asf.alaska.edu/RTC/OPERA-S1/OPERA_L2_RTC-S1_T175-375055-IW2_20230115T172229Z_20250119T180259Z_S1A_30_v1.0.iso.xml"", ""https://datapool.asf.alaska.edu/RTC/OPERA-S1/OPERA_L2_RTC-S1_T175-375055-IW2_20230115T172229Z_20250119T180259Z_S1A_30_v1.0_VH.tif"", ""https://datapool.asf.alaska.edu/RTC/OPERA-S1/OPERA_L2_RTC-S1_T175-375055-IW2_20230115T172229Z_20250119T180259Z_S1A_30_v1.0_VV.tif"", ""https://datapool.asf.alaska.edu/RTC/OPERA-S1/OPERA_L2_RTC-S1_T175-375055-IW2_20230115T172229Z_20250119T180259Z_S1A_30_v1.0_mask.tif""]",,,,30.0,OPERA_RTC_V1,
sentinel1,OPERA_RTC,OPERA_L2_RTC-S1_T081-173738-IW3_20230109T070743Z_20250119T015211Z_S1A_30_v1.0,pre,2023-01-09T07:07:43+00:00,2023-01-09T20:07:43+13:00,,,,81.0,ASCENDING,"VV,VH",T081_173738_IW3,,,,0.1393410152431812,"{""type"": ""Polygon"", ""coordinates"": [[[176.45892, -39.26615], [176.91512, -39.15302], [177.35357, -39.04226], [177.28967, -38.87974], [176.39508, -39.1036], [176.45892, -39.26615]]]}",https://datapool.asf.alaska.edu/RTC/OPERA-S1/OPERA_L2_RTC-S1_T081-173738-IW3_20230109T070743Z_20250119T015211Z_S1A_30_v1.0.h5,"[""https://datapool.asf.alaska.edu/RTC/OPERA-S1/OPERA_L2_RTC-S1_T081-173738-IW3_20230109T070743Z_20250119T015211Z_S1A_30_v1.0.iso.xml"", ""https://datapool.asf.alaska.edu/RTC/OPERA-S1/OPERA_L2_RTC-S1_T081-173738-IW3_20230109T070743Z_20250119T015211Z_S1A_30_v1.0_VH.tif"", ""https://datapool.asf.alaska.edu/RTC/OPERA-S1/OPERA_L2_RTC-S1_T081-173738-IW3_20230109T070743Z_20250119T015211Z_S1A_30_v1.0_VV.tif"", ""https://datapool.asf.alaska.edu/RTC/OPERA-S1/OPERA_L2_RTC-S1_T081-173738-IW3_20230109T070743Z_20250119T015211Z_S1A_30_v1.0_mask.tif""]",,,,30.0,OPERA_RTC_V1,
sentinel1,OPERA_RTC,OPERA_L2_RTC-S1_T081-173737-IW3_20230109T070740Z_20250119T015211Z_S1A_30_v1.0,pre,2023-01-09T07:07:40+00:00,2023-01-09T20:07:40+13:00,,,,81.0,ASCENDING,"VV,VH",T081_173737_IW3,,,,0.6785496076456223,"{""type"": ""Polygon"", ""coordinates"": [[[176.51819, -39.42974], [176.97835, -39.31562], [177.41892, -39.2043], [177.35357, -39.04226], [176.45892, -39.26615], [176.51819, -39.42974]]]}",https://datapool.asf.alaska.edu/RTC/OPERA-S1/OPERA_L2_RTC-S1_T081-173737-IW3_20230109T070740Z_20250119T015211Z_S1A_30_v1.0.h5,"[""https://datapool.asf.alaska.edu/RTC/OPERA-S1/OPERA_L2_RTC-S1_T081-173737-IW3_20230109T070740Z_20250119T015211Z_S1A_30_v1.0.iso.xml"", ""https://datapool.asf.alaska.edu/RTC/OPERA-S1/OPERA_L2_RTC-S1_T081-173737-IW3_20230109T070740Z_20250119T015211Z_S1A_30_v1.0_VH.tif"", ""https://datapool.asf.alaska.edu/RTC/OPERA-S1/OPERA_L2_RTC-S1_T081-173737-IW3_20230109T070740Z_20250119T015211Z_S1A_30_v1.0_VV.tif"", ""https://datapool.asf.alaska.edu/RTC/OPERA-S1/OPERA_L2_RTC-S1_T081-173737-IW3_20230109T070740Z_20250119T015211Z_S1A_30_v1.0_mask.tif""]",,,,30.0,OPERA_RTC_V1,
sentinel1,OPERA_RTC,OPERA_L2_RTC-S1_T081-173736-IW3_20230109T070738Z_20250119T015211Z_S1A_30_v1.0,pre,2023-01-09T07:07:38+00:00,2023-01-09T20:07:38+13:00,,,,81.0,ASCENDING,"VV,VH",T081_173736_IW3,,,,0.1866631347605734,"{""type"": ""Polygon"", ""coordinates"": [[[176.58078, -39.59293], [177.04244, -39.47844], [177.48645, -39.36622], [177.41892, -39.2043], [176.51819, -39.42974], [176.58078, -39.59293]]]}",https://datapool.asf.alaska.edu/RTC/OPERA-S1/OPERA_L2_RTC-S1_T081-173736-IW3_20230109T070738Z_20250119T015211Z_S1A_30_v1.0.h5,"[""https://datapool.asf.alaska.edu/RTC/OPERA-S1/OPERA_L2_RTC-S1_T081-173736-IW3_20230109T070738Z_20250119T015211Z_S1A_30_v1.0.iso.xml"", ""https://datapool.asf.alaska.edu/RTC/OPERA-S1/OPERA_L2_RTC-S1_T081-173736-IW3_20230109T070738Z_20250119T015211Z_S1A_30_v1.0_VH.tif"", ""https://datapool.asf.alaska.edu/RTC/OPERA-S1/OPERA_L2_RTC-S1_T081-173736-IW3_20230109T070738Z_20250119T015211Z_S1A_30_v1.0_VV.tif"", ""https://datapool.asf.alaska.edu/RTC/OPERA-S1/OPERA_L2_RTC-S1_T081-173736-IW3_20230109T070738Z_20250119T015211Z_S1A_30_v1.0_mask.tif""]",,,,30.0,OPERA_RTC_V1,
sentinel1,OPERA_RTC,OPERA_L2_RTC-S1_T073-155964-IW1_20230108T173036Z_20250119T002252Z_S1A_30_v1.0,pre,2023-01-08T17:30:36+00:00,2023-01-09T06:30:36+13:00,,,,73.0,DESCENDING,"VV,VH",T073_155964_IW1,,,,0.0027625665129718,"{""type"": ""Polygon"", ""coordinates"": [[[176.7264, -39.10024], [175.71406, -38.86583], [175.64808, -39.02792], [176.67202, -39.265], [176.7264, -39.10024]]]}",https://datapool.asf.alaska.edu/RTC/OPERA-S1/OPERA_L2_RTC-S1_T073-155964-IW1_20230108T173036Z_20250119T002252Z_S1A_30_v1.0.h5,"[""https://datapool.asf.alaska.edu/RTC/OPERA-S1/OPERA_L2_RTC-S1_T073-155964-IW1_20230108T173036Z_20250119T002252Z_S1A_30_v1.0.iso.xml"", ""https://datapool.asf.alaska.edu/RTC/OPERA-S1/OPERA_L2_RTC-S1_T073-155964-IW1_20230108T173036Z_20250119T002252Z_S1A_30_v1.0_VH.tif"", ""https://datapool.asf.alaska.edu/RTC/OPERA-S1/OPERA_L2_RTC-S1_T073-155964-IW1_20230108T173036Z_20250119T002252Z_S1A_30_v1.0_VV.tif"", ""https://datapool.asf.alaska.edu/RTC/OPERA-S1/OPERA_L2_RTC-S1_T073-155964-IW1_20230108T173036Z_20250119T002252Z_S1A_30_v1.0_mask.tif""]",,,,30.0,OPERA_RTC_V1,
sentinel1,OPERA_RTC,OPERA_L2_RTC-S1_T008-016943-IW1_20230104T065938Z_20250118T124701Z_S1A_30_v1.0,pre,2023-01-04T06:59:38+00:00,2023-01-04T19:59:38+13:00,,,,8.0,ASCENDING,"VV,VH",T008_016943_IW1,,,,0.0042638546315234,"{""type"": ""Polygon"", ""coordinates"": [[[176.43459, -39.21666], [176.93046, -39.10312], [177.39677, -38.99407], [177.33983, -38.82996], [176.37505, -39.05321], [176.43459, -39.21666]]]}",https://datapool.asf.alaska.edu/RTC/OPERA-S1/OPERA_L2_RTC-S1_T008-016943-IW1_20230104T065938Z_20250118T124701Z_S1A_30_v1.0.h5,"[""https://datapool.asf.alaska.edu/RTC/OPERA-S1/OPERA_L2_RTC-S1_T008-016943-IW1_20230104T065938Z_20250118T124701Z_S1A_30_v1.0.iso.xml"", ""https://datapool.asf.alaska.edu/RTC/OPERA-S1/OPERA_L2_RTC-S1_T008-016943-IW1_20230104T065938Z_20250118T124701Z_S1A_30_v1.0_VH.tif"", ""https://datapool.asf.alaska.edu/RTC/OPERA-S1/OPERA_L2_RTC-S1_T008-016943-IW1_20230104T065938Z_20250118T124701Z_S1A_30_v1.0_VV.tif"", ""https://datapool.asf.alaska.edu/RTC/OPERA-S1/OPERA_L2_RTC-S1_T008-016943-IW1_20230104T065938Z_20250118T124701Z_S1A_30_v1.0_mask.tif""]",,,,30.0,OPERA_RTC_V1,
sentinel1,OPERA_RTC,OPERA_L2_RTC-S1_T008-016942-IW1_20230104T065935Z_20250118T124701Z_S1A_30_v1.0,pre,2023-01-04T06:59:35+00:00,2023-01-04T19:59:35+13:00,,,,8.0,ASCENDING,"VV,VH",T008_016942_IW1,,,,0.64448544705946,"{""type"": ""Polygon"", ""coordinates"": [[[176.49155, -39.38072], [176.98999, -39.26662], [177.45548, -39.15779], [177.39677, -38.99407], [176.43459, -39.21666], [176.49155, -39.38072]]]}",https://datapool.asf.alaska.edu/RTC/OPERA-S1/OPERA_L2_RTC-S1_T008-016942-IW1_20230104T065935Z_20250118T124701Z_S1A_30_v1.0.h5,"[""https://datapool.asf.alaska.edu/RTC/OPERA-S1/OPERA_L2_RTC-S1_T008-016942-IW1_20230104T065935Z_20250118T124701Z_S1A_30_v1.0.iso.xml"", ""https://datapool.asf.alaska.edu/RTC/OPERA-S1/OPERA_L2_RTC-S1_T008-016942-IW1_20230104T065935Z_20250118T124701Z_S1A_30_v1.0_VH.tif"", ""https://datapool.asf.alaska.edu/RTC/OPERA-S1/OPERA_L2_RTC-S1_T008-016942-IW1_20230104T065935Z_20250118T124701Z_S1A_30_v1.0_VV.tif"", ""https://datapool.asf.alaska.edu/RTC/OPERA-S1/OPERA_L2_RTC-S1_T008-016942-IW1_20230104T065935Z_20250118T124701Z_S1A_30_v1.0_mask.tif""]",,,,30.0,OPERA_RTC_V1,
sentinel1,OPERA_RTC,OPERA_L2_RTC-S1_T008-016941-IW1_20230104T065933Z_20250118T124701Z_S1A_30_v1.0,pre,2023-01-04T06:59:33+00:00,2023-01-04T19:59:33+13:00,,,,8.0,ASCENDING,"VV,VH",T008_016941_IW1,,,,0.3540367062346083,"{""type"": ""Polygon"", ""coordinates"": [[[176.54357, -39.54606], [177.04778, -39.43068], [177.51797, -39.32077], [177.45548, -39.15779], [176.49155, -39.38072], [176.54357, -39.54606]]]}",https://datapool.asf.alaska.edu/RTC/OPERA-S1/OPERA_L2_RTC-S1_T008-016941-IW1_20230104T065933Z_20250118T124701Z_S1A_30_v1.0.h5,"[""https://datapool.asf.alaska.edu/RTC/OPERA-S1/OPERA_L2_RTC-S1_T008-016941-IW1_20230104T065933Z_20250118T124701Z_S1A_30_v1.0.iso.xml"", ""https://datapool.asf.alaska.edu/RTC/OPERA-S1/OPERA_L2_RTC-S1_T008-016941-IW1_20230104T065933Z_20250118T124701Z_S1A_30_v1.0_VH.tif"", ""https://datapool.asf.alaska.edu/RTC/OPERA-S1/OPERA_L2_RTC-S1_T008-016941-IW1_20230104T065933Z_20250118T124701Z_S1A_30_v1.0_VV.tif"", ""https://datapool.asf.alaska.edu/RTC/OPERA-S1/OPERA_L2_RTC-S1_T008-016941-IW1_20230104T065933Z_20250118T124701Z_S1A_30_v1.0_mask.tif""]",,,,30.0,OPERA_RTC_V1,
sentinel1,OPERA_RTC,OPERA_L2_RTC-S1_T175-375056-IW2_20230103T172233Z_20250118T112008Z_S1A_30_v1.0,pre,2023-01-03T17:22:33+00:00,2023-01-04T06:22:33+13:00,,,,175.0,DESCENDING,"VV,VH",T175_375056_IW2,,,,0.4829918955344996,"{""type"": ""Polygon"", ""coordinates"": [[[177.63378, -39.49102], [176.60744, -39.24376], [176.54114, -39.40599], [177.5708, -39.65407], [177.63378, -39.49102]]]}",https://datapool.asf.alaska.edu/RTC/OPERA-S1/OPERA_L2_RTC-S1_T175-375056-IW2_20230103T172233Z_20250118T112008Z_S1A_30_v1.0.h5,"[""https://datapool.asf.alaska.edu/RTC/OPERA-S1/OPERA_L2_RTC-S1_T175-375056-IW2_20230103T172233Z_20250118T112008Z_S1A_30_v1.0.iso.xml"", ""https://datapool.asf.alaska.edu/RTC/OPERA-S1/OPERA_L2_RTC-S1_T175-375056-IW2_20230103T172233Z_20250118T112008Z_S1A_30_v1.0_VH.tif"", ""https://datapool.asf.alaska.edu/RTC/OPERA-S1/OPERA_L2_RTC-S1_T175-375056-IW2_20230103T172233Z_20250118T112008Z_S1A_30_v1.0_VV.tif"", ""https://datapool.asf.alaska.edu/RTC/OPERA-S1/OPERA_L2_RTC-S1_T175-375056-IW2_20230103T172233Z_20250118T112008Z_S1A_30_v1.0_mask.tif""]",,,,30.0,OPERA_RTC_V1,
sentinel1,OPERA_RTC,OPERA_L2_RTC-S1_T175-375055-IW2_20230103T172230Z_20250118T112008Z_S1A_30_v1.0,pre,2023-01-03T17:22:30+00:00,2023-01-04T06:22:30+13:00,,,,175.0,DESCENDING,"VV,VH",T175_375055_IW2,,,,0.5170081044652792,"{""type"": ""Polygon"", ""coordinates"": [[[177.69638, -39.32818], [176.6685, -39.08052], [176.60744, -39.24376], [177.63378, -39.49102], [177.69638, -39.32818]]]}",https://datapool.asf.alaska.edu/RTC/OPERA-S1/OPERA_L2_RTC-S1_T175-375055-IW2_20230103T172230Z_20250118T112008Z_S1A_30_v1.0.h5,"[""https://datapool.asf.alaska.edu/RTC/OPERA-S1/OPERA_L2_RTC-S1_T175-375055-IW2_20230103T172230Z_20250118T112008Z_S1A_30_v1.0.iso.xml"", ""https://datapool.asf.alaska.edu/RTC/OPERA-S1/OPERA_L2_RTC-S1_T175-375055-IW2_20230103T172230Z_20250118T112008Z_S1A_30_v1.0_VH.tif"", ""https://datapool.asf.alaska.edu/RTC/OPERA-S1/OPERA_L2_RTC-S1_T175-375055-IW2_20230103T172230Z_20250118T112008Z_S1A_30_v1.0_VV.tif"", ""https://datapool.asf.alaska.edu/RTC/OPERA-S1/OPERA_L2_RTC-S1_T175-375055-IW2_20230103T172230Z_20250118T112008Z_S1A_30_v1.0_mask.tif""]",,,,30.0,OPERA_RTC_V1,
sentinel1,OPERA_RTC,OPERA_L2_RTC-S1_T081-173738-IW3_20230310T070742Z_20250125T102915Z_S1A_30_v1.0,post,2023-03-10T07:07:42+00:00,2023-03-10T20:07:42+13:00,,,,81.0,ASCENDING,"VV,VH",T081_173738_IW3,,,,0.1406806681073228,"{""type"": ""Polygon"", ""coordinates"": [[[176.45815, -39.26667], [176.91442, -39.15352], [177.35292, -39.04275], [177.28896, -38.88012], [176.39426, -39.104], [176.45815, -39.26667]]]}",https://datapool.asf.alaska.edu/RTC/OPERA-S1/OPERA_L2_RTC-S1_T081-173738-IW3_20230310T070742Z_20250125T102915Z_S1A_30_v1.0.h5,"[""https://datapool.asf.alaska.edu/RTC/OPERA-S1/OPERA_L2_RTC-S1_T081-173738-IW3_20230310T070742Z_20250125T102915Z_S1A_30_v1.0.iso.xml"", ""https://datapool.asf.alaska.edu/RTC/OPERA-S1/OPERA_L2_RTC-S1_T081-173738-IW3_20230310T070742Z_20250125T102915Z_S1A_30_v1.0_VH.tif"", ""https://datapool.asf.alaska.edu/RTC/OPERA-S1/OPERA_L2_RTC-S1_T081-173738-IW3_20230310T070742Z_20250125T102915Z_S1A_30_v1.0_VV.tif"", ""https://datapool.asf.alaska.edu/RTC/OPERA-S1/OPERA_L2_RTC-S1_T081-173738-IW3_20230310T070742Z_20250125T102915Z_S1A_30_v1.0_mask.tif""]",,,,30.0,OPERA_RTC_V1,
sentinel1,OPERA_RTC,OPERA_L2_RTC-S1_T081-173737-IW3_20230310T070739Z_20250125T102915Z_S1A_30_v1.0,post,2023-03-10T07:07:39+00:00,2023-03-10T20:07:39+13:00,,,,81.0,ASCENDING,"VV,VH",T081_173737_IW3,,,,0.677395544508753,"{""type"": ""Polygon"", ""coordinates"": [[[176.51733, -39.43001], [176.97755, -39.31588], [177.41816, -39.20456], [177.35292, -39.04275], [176.45815, -39.26667], [176.51733, -39.43001]]]}",https://datapool.asf.alaska.edu/RTC/OPERA-S1/OPERA_L2_RTC-S1_T081-173737-IW3_20230310T070739Z_20250125T102915Z_S1A_30_v1.0.h5,"[""https://datapool.asf.alaska.edu/RTC/OPERA-S1/OPERA_L2_RTC-S1_T081-173737-IW3_20230310T070739Z_20250125T102915Z_S1A_30_v1.0.iso.xml"", ""https://datapool.asf.alaska.edu/RTC/OPERA-S1/OPERA_L2_RTC-S1_T081-173737-IW3_20230310T070739Z_20250125T102915Z_S1A_30_v1.0_VH.tif"", ""https://datapool.asf.alaska.edu/RTC/OPERA-S1/OPERA_L2_RTC-S1_T081-173737-IW3_20230310T070739Z_20250125T102915Z_S1A_30_v1.0_VV.tif"", ""https://datapool.asf.alaska.edu/RTC/OPERA-S1/OPERA_L2_RTC-S1_T081-173737-IW3_20230310T070739Z_20250125T102915Z_S1A_30_v1.0_mask.tif""]",,,,30.0,OPERA_RTC_V1,
sentinel1,OPERA_RTC,OPERA_L2_RTC-S1_T081-173736-IW3_20230310T070736Z_20250125T102915Z_S1A_30_v1.0,post,2023-03-10T07:07:36+00:00,2023-03-10T20:07:36+13:00,,,,81.0,ASCENDING,"VV,VH",T081_173736_IW3,,,,0.1864746530138602,"{""type"": ""Polygon"", ""coordinates"": [[[176.5801, -39.59369], [177.04183, -39.47918], [177.48589, -39.36696], [177.41816, -39.20456], [176.51733, -39.43001], [176.5801, -39.59369]]]}",https://datapool.asf.alaska.edu/RTC/OPERA-S1/OPERA_L2_RTC-S1_T081-173736-IW3_20230310T070736Z_20250125T102915Z_S1A_30_v1.0.h5,"[""https://datapool.asf.alaska.edu/RTC/OPERA-S1/OPERA_L2_RTC-S1_T081-173736-IW3_20230310T070736Z_20250125T102915Z_S1A_30_v1.0.iso.xml"", ""https://datapool.asf.alaska.edu/RTC/OPERA-S1/OPERA_L2_RTC-S1_T081-173736-IW3_20230310T070736Z_20250125T102915Z_S1A_30_v1.0_VH.tif"", ""https://datapool.asf.alaska.edu/RTC/OPERA-S1/OPERA_L2_RTC-S1_T081-173736-IW3_20230310T070736Z_20250125T102915Z_S1A_30_v1.0_VV.tif"", ""https://datapool.asf.alaska.edu/RTC/OPERA-S1/OPERA_L2_RTC-S1_T081-173736-IW3_20230310T070736Z_20250125T102915Z_S1A_30_v1.0_mask.tif""]",,,,30.0,OPERA_RTC_V1,
sentinel1,OPERA_RTC,OPERA_L2_RTC-S1_T073-155964-IW1_20230309T173034Z_20250125T085827Z_S1A_30_v1.0,post,2023-03-09T17:30:34+00:00,2023-03-10T06:30:34+13:00,,,,73.0,DESCENDING,"VV,VH",T073_155964_IW1,,,,0.0032209748373641,"{""type"": ""Polygon"", ""coordinates"": [[[176.72677, -39.10089], [175.71433, -38.86645], [175.64835, -39.02854], [176.67239, -39.26565], [176.72677, -39.10089]]]}",https://datapool.asf.alaska.edu/RTC/OPERA-S1/OPERA_L2_RTC-S1_T073-155964-IW1_20230309T173034Z_20250125T085827Z_S1A_30_v1.0.h5,"[""https://datapool.asf.alaska.edu/RTC/OPERA-S1/OPERA_L2_RTC-S1_T073-155964-IW1_20230309T173034Z_20250125T085827Z_S1A_30_v1.0.iso.xml"", ""https://datapool.asf.alaska.edu/RTC/OPERA-S1/OPERA_L2_RTC-S1_T073-155964-IW1_20230309T173034Z_20250125T085827Z_S1A_30_v1.0_VH.tif"", ""https://datapool.asf.alaska.edu/RTC/OPERA-S1/OPERA_L2_RTC-S1_T073-155964-IW1_20230309T173034Z_20250125T085827Z_S1A_30_v1.0_VV.tif"", ""https://datapool.asf.alaska.edu/RTC/OPERA-S1/OPERA_L2_RTC-S1_T073-155964-IW1_20230309T173034Z_20250125T085827Z_S1A_30_v1.0_mask.tif""]",,,,30.0,OPERA_RTC_V1,
sentinel1,OPERA_RTC,OPERA_L2_RTC-S1_T008-016943-IW1_20230305T065937Z_20250124T214714Z_S1A_30_v1.0,post,2023-03-05T06:59:37+00:00,2023-03-05T19:59:37+13:00,,,,8.0,ASCENDING,"VV,VH",T008_016943_IW1,,,,0.0042985913475196,"{""type"": ""Polygon"", ""coordinates"": [[[176.43364, -39.21692], [176.92808, -39.10371], [177.39447, -38.99465], [177.33754, -38.83054], [176.37256, -39.05383], [176.43364, -39.21692]]]}",https://datapool.asf.alaska.edu/RTC/OPERA-S1/OPERA_L2_RTC-S1_T008-016943-IW1_20230305T065937Z_20250124T214714Z_S1A_30_v1.0.h5,"[""https://datapool.asf.alaska.edu/RTC/OPERA-S1/OPERA_L2_RTC-S1_T008-016943-IW1_20230305T065937Z_20250124T214714Z_S1A_30_v1.0.iso.xml"", ""https://datapool.asf.alaska.edu/RTC/OPERA-S1/OPERA_L2_RTC-S1_T008-016943-IW1_20230305T065937Z_20250124T214714Z_S1A_30_v1.0_VH.tif"", ""https://datapool.asf.alaska.edu/RTC/OPERA-S1/OPERA_L2_RTC-S1_T008-016943-IW1_20230305T065937Z_20250124T214714Z_S1A_30_v1.0_VV.tif"", ""https://datapool.asf.alaska.edu/RTC/OPERA-S1/OPERA_L2_RTC-S1_T008-016943-IW1_20230305T065937Z_20250124T214714Z_S1A_30_v1.0_mask.tif""]",,,,30.0,OPERA_RTC_V1,
sentinel1,OPERA_RTC,OPERA_L2_RTC-S1_T008-016942-IW1_20230305T065934Z_20250124T214714Z_S1A_30_v1.0,post,2023-03-05T06:59:34+00:00,2023-03-05T19:59:34+13:00,,,,8.0,ASCENDING,"VV,VH",T008_016942_IW1,,,,0.644596749323536,"{""type"": ""Polygon"", ""coordinates"": [[[176.48906, -39.38133], [176.98761, -39.26721], [177.45318, -39.15836], [177.39447, -38.99465], [176.43364, -39.21692], [176.48906, -39.38133]]]}",https://datapool.asf.alaska.edu/RTC/OPERA-S1/OPERA_L2_RTC-S1_T008-016942-IW1_20230305T065934Z_20250124T214714Z_S1A_30_v1.0.h5,"[""https://datapool.asf.alaska.edu/RTC/OPERA-S1/OPERA_L2_RTC-S1_T008-016942-IW1_20230305T065934Z_20250124T214714Z_S1A_30_v1.0.iso.xml"", ""https://datapool.asf.alaska.edu/RTC/OPERA-S1/OPERA_L2_RTC-S1_T008-016942-IW1_20230305T065934Z_20250124T214714Z_S1A_30_v1.0_VH.tif"", ""https://datapool.asf.alaska.edu/RTC/OPERA-S1/OPERA_L2_RTC-S1_T008-016942-IW1_20230305T065934Z_20250124T214714Z_S1A_30_v1.0_VV.tif"", ""https://datapool.asf.alaska.edu/RTC/OPERA-S1/OPERA_L2_RTC-S1_T008-016942-IW1_20230305T065934Z_20250124T214714Z_S1A_30_v1.0_mask.tif""]",,,,30.0,OPERA_RTC_V1,
sentinel1,OPERA_RTC,OPERA_L2_RTC-S1_T008-016941-IW1_20230305T065931Z_20250124T214714Z_S1A_30_v1.0,post,2023-03-05T06:59:31+00:00,2023-03-05T19:59:31+13:00,,,,8.0,ASCENDING,"VV,VH",T008_016941_IW1,,,,0.3539179888254357,"{""type"": ""Polygon"", ""coordinates"": [[[176.54107, -39.54668], [177.04539, -39.43128], [177.51566, -39.32134], [177.45318, -39.15836], [176.48906, -39.38133], [176.54107, -39.54668]]]}",https://datapool.asf.alaska.edu/RTC/OPERA-S1/OPERA_L2_RTC-S1_T008-016941-IW1_20230305T065931Z_20250124T214714Z_S1A_30_v1.0.h5,"[""https://datapool.asf.alaska.edu/RTC/OPERA-S1/OPERA_L2_RTC-S1_T008-016941-IW1_20230305T065931Z_20250124T214714Z_S1A_30_v1.0.iso.xml"", ""https://datapool.asf.alaska.edu/RTC/OPERA-S1/OPERA_L2_RTC-S1_T008-016941-IW1_20230305T065931Z_20250124T214714Z_S1A_30_v1.0_VH.tif"", ""https://datapool.asf.alaska.edu/RTC/OPERA-S1/OPERA_L2_RTC-S1_T008-016941-IW1_20230305T065931Z_20250124T214714Z_S1A_30_v1.0_VV.tif"", ""https://datapool.asf.alaska.edu/RTC/OPERA-S1/OPERA_L2_RTC-S1_T008-016941-IW1_20230305T065931Z_20250124T214714Z_S1A_30_v1.0_mask.tif""]",,,,30.0,OPERA_RTC_V1,
sentinel1,OPERA_RTC,OPERA_L2_RTC-S1_T175-375056-IW2_20230304T172231Z_20250124T205636Z_S1A_30_v1.0,post,2023-03-04T17:22:31+00:00,2023-03-05T06:22:31+13:00,,,,175.0,DESCENDING,"VV,VH",T175_375056_IW2,,,,0.4776641266738041,"{""type"": ""Polygon"", ""coordinates"": [[[177.63234, -39.49203], [176.60591, -39.24474], [176.53962, -39.40698], [177.56936, -39.65508], [177.63234, -39.49203]]]}",https://datapool.asf.alaska.edu/RTC/OPERA-S1/OPERA_L2_RTC-S1_T175-375056-IW2_20230304T172231Z_20250124T205636Z_S1A_30_v1.0.h5,"[""https://datapool.asf.alaska.edu/RTC/OPERA-S1/OPERA_L2_RTC-S1_T175-375056-IW2_20230304T172231Z_20250124T205636Z_S1A_30_v1.0.iso.xml"", ""https://datapool.asf.alaska.edu/RTC/OPERA-S1/OPERA_L2_RTC-S1_T175-375056-IW2_20230304T172231Z_20250124T205636Z_S1A_30_v1.0_VH.tif"", ""https://datapool.asf.alaska.edu/RTC/OPERA-S1/OPERA_L2_RTC-S1_T175-375056-IW2_20230304T172231Z_20250124T205636Z_S1A_30_v1.0_VV.tif"", ""https://datapool.asf.alaska.edu/RTC/OPERA-S1/OPERA_L2_RTC-S1_T175-375056-IW2_20230304T172231Z_20250124T205636Z_S1A_30_v1.0_mask.tif""]",,,,30.0,OPERA_RTC_V1,
sentinel1,OPERA_RTC,OPERA_L2_RTC-S1_T175-375055-IW2_20230304T172228Z_20250124T205636Z_S1A_30_v1.0,post,2023-03-04T17:22:28+00:00,2023-03-05T06:22:28+13:00,,,,175.0,DESCENDING,"VV,VH",T175_375055_IW2,,,,0.5223358733262842,"{""type"": ""Polygon"", ""coordinates"": [[[177.69499, -39.32906], [176.66895, -39.08187], [176.60591, -39.24474], [177.63234, -39.49203], [177.69499, -39.32906]]]}",https://datapool.asf.alaska.edu/RTC/OPERA-S1/OPERA_L2_RTC-S1_T175-375055-IW2_20230304T172228Z_20250124T205636Z_S1A_30_v1.0.h5,"[""https://datapool.asf.alaska.edu/RTC/OPERA-S1/OPERA_L2_RTC-S1_T175-375055-IW2_20230304T172228Z_20250124T205636Z_S1A_30_v1.0.iso.xml"", ""https://datapool.asf.alaska.edu/RTC/OPERA-S1/OPERA_L2_RTC-S1_T175-375055-IW2_20230304T172228Z_20250124T205636Z_S1A_30_v1.0_VH.tif"", ""https://datapool.asf.alaska.edu/RTC/OPERA-S1/OPERA_L2_RTC-S1_T175-375055-IW2_20230304T172228Z_20250124T205636Z_S1A_30_v1.0_VV.tif"", ""https://datapool.asf.alaska.edu/RTC/OPERA-S1/OPERA_L2_RTC-S1_T175-375055-IW2_20230304T172228Z_20250124T205636Z_S1A_30_v1.0_mask.tif""]",,,,30.0,OPERA_RTC_V1,
sentinel1,OPERA_RTC,OPERA_L2_RTC-S1_T081-173738-IW3_20230226T070742Z_20250124T035424Z_S1A_30_v1.0,post,2023-02-26T07:07:42+00:00,2023-02-26T20:07:42+13:00,,,,81.0,ASCENDING,"VV,VH",T081_173738_IW3,,,,0.1395950305926868,"{""type"": ""Polygon"", ""coordinates"": [[[176.45855, -39.26631], [176.91479, -39.15316], [177.35328, -39.04238], [177.28937, -38.87987], [176.3947, -39.10376], [176.45855, -39.26631]]]}",https://datapool.asf.alaska.edu/RTC/OPERA-S1/OPERA_L2_RTC-S1_T081-173738-IW3_20230226T070742Z_20250124T035424Z_S1A_30_v1.0.h5,"[""https://datapool.asf.alaska.edu/RTC/OPERA-S1/OPERA_L2_RTC-S1_T081-173738-IW3_20230226T070742Z_20250124T035424Z_S1A_30_v1.0.iso.xml"", ""https://datapool.asf.alaska.edu/RTC/OPERA-S1/OPERA_L2_RTC-S1_T081-173738-IW3_20230226T070742Z_20250124T035424Z_S1A_30_v1.0_VH.tif"", ""https://datapool.asf.alaska.edu/RTC/OPERA-S1/OPERA_L2_RTC-S1_T081-173738-IW3_20230226T070742Z_20250124T035424Z_S1A_30_v1.0_VV.tif"", ""https://datapool.asf.alaska.edu/RTC/OPERA-S1/OPERA_L2_RTC-S1_T081-173738-IW3_20230226T070742Z_20250124T035424Z_S1A_30_v1.0_mask.tif""]",,,,30.0,OPERA_RTC_V1,
sentinel1,OPERA_RTC,OPERA_L2_RTC-S1_T081-173737-IW3_20230226T070739Z_20250124T035424Z_S1A_30_v1.0,post,2023-02-26T07:07:39+00:00,2023-02-26T20:07:39+13:00,,,,81.0,ASCENDING,"VV,VH",T081_173737_IW3,,,,0.6776278497133564,"{""type"": ""Polygon"", ""coordinates"": [[[176.51773, -39.42965], [176.97793, -39.31551], [177.41852, -39.20418], [177.35328, -39.04238], [176.45855, -39.26631], [176.51773, -39.42965]]]}",https://datapool.asf.alaska.edu/RTC/OPERA-S1/OPERA_L2_RTC-S1_T081-173737-IW3_20230226T070739Z_20250124T035424Z_S1A_30_v1.0.h5,"[""https://datapool.asf.alaska.edu/RTC/OPERA-S1/OPERA_L2_RTC-S1_T081-173737-IW3_20230226T070739Z_20250124T035424Z_S1A_30_v1.0.iso.xml"", ""https://datapool.asf.alaska.edu/RTC/OPERA-S1/OPERA_L2_RTC-S1_T081-173737-IW3_20230226T070739Z_20250124T035424Z_S1A_30_v1.0_VH.tif"", ""https://datapool.asf.alaska.edu/RTC/OPERA-S1/OPERA_L2_RTC-S1_T081-173737-IW3_20230226T070739Z_20250124T035424Z_S1A_30_v1.0_VV.tif"", ""https://datapool.asf.alaska.edu/RTC/OPERA-S1/OPERA_L2_RTC-S1_T081-173737-IW3_20230226T070739Z_20250124T035424Z_S1A_30_v1.0_mask.tif""]",,,,30.0,OPERA_RTC_V1,
sentinel1,OPERA_RTC,OPERA_L2_RTC-S1_T081-173736-IW3_20230226T070737Z_20250124T035424Z_S1A_30_v1.0,post,2023-02-26T07:07:37+00:00,2023-02-26T20:07:37+13:00,,,,81.0,ASCENDING,"VV,VH",T081_173736_IW3,,,,0.1873291692615619,"{""type"": ""Polygon"", ""coordinates"": [[[176.58041, -39.59309], [177.04211, -39.47857], [177.48616, -39.36634], [177.41852, -39.20418], [176.51773, -39.42965], [176.58041, -39.59309]]]}",https://datapool.asf.alaska.edu/RTC/OPERA-S1/OPERA_L2_RTC-S1_T081-173736-IW3_20230226T070737Z_20250124T035424Z_S1A_30_v1.0.h5,"[""https://datapool.asf.alaska.edu/RTC/OPERA-S1/OPERA_L2_RTC-S1_T081-173736-IW3_20230226T070737Z_20250124T035424Z_S1A_30_v1.0.iso.xml"", ""https://datapool.asf.alaska.edu/RTC/OPERA-S1/OPERA_L2_RTC-S1_T081-173736-IW3_20230226T070737Z_20250124T035424Z_S1A_30_v1.0_VH.tif"", ""https://datapool.asf.alaska.edu/RTC/OPERA-S1/OPERA_L2_RTC-S1_T081-173736-IW3_20230226T070737Z_20250124T035424Z_S1A_30_v1.0_VV.tif"", ""https://datapool.asf.alaska.edu/RTC/OPERA-S1/OPERA_L2_RTC-S1_T081-173736-IW3_20230226T070737Z_20250124T035424Z_S1A_30_v1.0_mask.tif""]",,,,30.0,OPERA_RTC_V1,
sentinel1,OPERA_RTC,OPERA_L2_RTC-S1_T073-155964-IW1_20230225T173035Z_20250124T022320Z_S1A_30_v1.0,post,2023-02-25T17:30:35+00:00,2023-02-26T06:30:35+13:00,,,,73.0,DESCENDING,"VV,VH",T073_155964_IW1,,,,0.0023428216919277,"{""type"": ""Polygon"", ""coordinates"": [[[176.72557, -39.10098], [175.71313, -38.86653], [175.64715, -39.02862], [176.67118, -39.26574], [176.72557, -39.10098]]]}",https://datapool.asf.alaska.edu/RTC/OPERA-S1/OPERA_L2_RTC-S1_T073-155964-IW1_20230225T173035Z_20250124T022320Z_S1A_30_v1.0.h5,"[""https://datapool.asf.alaska.edu/RTC/OPERA-S1/OPERA_L2_RTC-S1_T073-155964-IW1_20230225T173035Z_20250124T022320Z_S1A_30_v1.0.iso.xml"", ""https://datapool.asf.alaska.edu/RTC/OPERA-S1/OPERA_L2_RTC-S1_T073-155964-IW1_20230225T173035Z_20250124T022320Z_S1A_30_v1.0_VH.tif"", ""https://datapool.asf.alaska.edu/RTC/OPERA-S1/OPERA_L2_RTC-S1_T073-155964-IW1_20230225T173035Z_20250124T022320Z_S1A_30_v1.0_VV.tif"", ""https://datapool.asf.alaska.edu/RTC/OPERA-S1/OPERA_L2_RTC-S1_T073-155964-IW1_20230225T173035Z_20250124T022320Z_S1A_30_v1.0_mask.tif""]",,,,30.0,OPERA_RTC_V1,
sentinel1,OPERA_RTC,OPERA_L2_RTC-S1_T008-016943-IW1_20230221T065936Z_20250123T145754Z_S1A_30_v1.0,post,2023-02-21T06:59:36+00:00,2023-02-21T19:59:36+13:00,,,,8.0,ASCENDING,"VV,VH",T008_016943_IW1,,,,0.0046297830888806,"{""type"": ""Polygon"", ""coordinates"": [[[176.43449, -39.21713], [176.93043, -39.10357], [177.39679, -38.99451], [177.33986, -38.8304], [176.37495, -39.05368], [176.43449, -39.21713]]]}",https://datapool.asf.alaska.edu/RTC/OPERA-S1/OPERA_L2_RTC-S1_T008-016943-IW1_20230221T065936Z_20250123T145754Z_S1A_30_v1.0.h5,"[""https://datapool.asf.alaska.edu/RTC/OPERA-S1/OPERA_L2_RTC-S1_T008-016943-IW1_20230221T065936Z_20250123T145754Z_S1A_30_v1.0.iso.xml"", ""https://datapool.asf.alaska.edu/RTC/OPERA-S1/OPERA_L2_RTC-S1_T008-016943-IW1_20230221T065936Z_20250123T145754Z_S1A_30_v1.0_VH.tif"", ""https://datapool.asf.alaska.edu/RTC/OPERA-S1/OPERA_L2_RTC-S1_T008-016943-IW1_20230221T065936Z_20250123T145754Z_S1A_30_v1.0_VV.tif"", ""https://datapool.asf.alaska.edu/RTC/OPERA-S1/OPERA_L2_RTC-S1_T008-016943-IW1_20230221T065936Z_20250123T145754Z_S1A_30_v1.0_mask.tif""]",,,,30.0,OPERA_RTC_V1,
sentinel1,OPERA_RTC,OPERA_L2_RTC-S1_T008-016942-IW1_20230221T065934Z_20250123T145754Z_S1A_30_v1.0,post,2023-02-21T06:59:34+00:00,2023-02-21T19:59:34+13:00,,,,8.0,ASCENDING,"VV,VH",T008_016942_IW1,,,,0.646072075844156,"{""type"": ""Polygon"", ""coordinates"": [[[176.4915, -39.38131], [176.99001, -39.26719], [177.45555, -39.15835], [177.39679, -38.99451], [176.43449, -39.21713], [176.4915, -39.38131]]]}",https://datapool.asf.alaska.edu/RTC/OPERA-S1/OPERA_L2_RTC-S1_T008-016942-IW1_20230221T065934Z_20250123T145754Z_S1A_30_v1.0.h5,"[""https://datapool.asf.alaska.edu/RTC/OPERA-S1/OPERA_L2_RTC-S1_T008-016942-IW1_20230221T065934Z_20250123T145754Z_S1A_30_v1.0.iso.xml"", ""https://datapool.asf.alaska.edu/RTC/OPERA-S1/OPERA_L2_RTC-S1_T008-016942-IW1_20230221T065934Z_20250123T145754Z_S1A_30_v1.0_VH.tif"", ""https://datapool.asf.alaska.edu/RTC/OPERA-S1/OPERA_L2_RTC-S1_T008-016942-IW1_20230221T065934Z_20250123T145754Z_S1A_30_v1.0_VV.tif"", ""https://datapool.asf.alaska.edu/RTC/OPERA-S1/OPERA_L2_RTC-S1_T008-016942-IW1_20230221T065934Z_20250123T145754Z_S1A_30_v1.0_mask.tif""]",,,,30.0,OPERA_RTC_V1,
sentinel1,OPERA_RTC,OPERA_L2_RTC-S1_T008-016941-IW1_20230221T065931Z_20250123T145754Z_S1A_30_v1.0,post,2023-02-21T06:59:31+00:00,2023-02-21T19:59:31+13:00,,,,8.0,ASCENDING,"VV,VH",T008_016941_IW1,,,,0.3521038839596671,"{""type"": ""Polygon"", ""coordinates"": [[[176.54351, -39.54665], [177.04779, -39.43126], [177.51803, -39.32133], [177.45555, -39.15835], [176.4915, -39.38131], [176.54351, -39.54665]]]}",https://datapool.asf.alaska.edu/RTC/OPERA-S1/OPERA_L2_RTC-S1_T008-016941-IW1_20230221T065931Z_20250123T145754Z_S1A_30_v1.0.h5,"[""https://datapool.asf.alaska.edu/RTC/OPERA-S1/OPERA_L2_RTC-S1_T008-016941-IW1_20230221T065931Z_20250123T145754Z_S1A_30_v1.0.iso.xml"", ""https://datapool.asf.alaska.edu/RTC/OPERA-S1/OPERA_L2_RTC-S1_T008-016941-IW1_20230221T065931Z_20250123T145754Z_S1A_30_v1.0_VH.tif"", ""https://datapool.asf.alaska.edu/RTC/OPERA-S1/OPERA_L2_RTC-S1_T008-016941-IW1_20230221T065931Z_20250123T145754Z_S1A_30_v1.0_VV.tif"", ""https://datapool.asf.alaska.edu/RTC/OPERA-S1/OPERA_L2_RTC-S1_T008-016941-IW1_20230221T065931Z_20250123T145754Z_S1A_30_v1.0_mask.tif""]",,,,30.0,OPERA_RTC_V1,
sentinel1,OPERA_RTC,OPERA_L2_RTC-S1_T175-375056-IW2_20230220T172231Z_20250123T133348Z_S1A_30_v1.0,post,2023-02-20T17:22:31+00:00,2023-02-21T06:22:31+13:00,,,,175.0,DESCENDING,"VV,VH",T175_375056_IW2,,,,0.4798412096930303,"{""type"": ""Polygon"", ""coordinates"": [[[177.63413, -39.4919], [176.60773, -39.24463], [176.54148, -39.40674], [177.57119, -39.65484], [177.63413, -39.4919]]]}",https://datapool.asf.alaska.edu/RTC/OPERA-S1/OPERA_L2_RTC-S1_T175-375056-IW2_20230220T172231Z_20250123T133348Z_S1A_30_v1.0.h5,"[""https://datapool.asf.alaska.edu/RTC/OPERA-S1/OPERA_L2_RTC-S1_T175-375056-IW2_20230220T172231Z_20250123T133348Z_S1A_30_v1.0.iso.xml"", ""https://datapool.asf.alaska.edu/RTC/OPERA-S1/OPERA_L2_RTC-S1_T175-375056-IW2_20230220T172231Z_20250123T133348Z_S1A_30_v1.0_VH.tif"", ""https://datapool.asf.alaska.edu/RTC/OPERA-S1/OPERA_L2_RTC-S1_T175-375056-IW2_20230220T172231Z_20250123T133348Z_S1A_30_v1.0_VV.tif"", ""https://datapool.asf.alaska.edu/RTC/OPERA-S1/OPERA_L2_RTC-S1_T175-375056-IW2_20230220T172231Z_20250123T133348Z_S1A_30_v1.0_mask.tif""]",,,,30.0,OPERA_RTC_V1,
sentinel1,OPERA_RTC,OPERA_L2_RTC-S1_T175-375055-IW2_20230220T172228Z_20250123T133348Z_S1A_30_v1.0,post,2023-02-20T17:22:28+00:00,2023-02-21T06:22:28+13:00,,,,175.0,DESCENDING,"VV,VH",T175_375055_IW2,,,,0.5201587903077015,"{""type"": ""Polygon"", ""coordinates"": [[[177.69677, -39.32894], [176.67076, -39.08175], [176.60773, -39.24463], [177.63413, -39.4919], [177.69677, -39.32894]]]}",https://datapool.asf.alaska.edu/RTC/OPERA-S1/OPERA_L2_RTC-S1_T175-375055-IW2_20230220T172228Z_20250123T133348Z_S1A_30_v1.0.h5,"[""https://datapool.asf.alaska.edu/RTC/OPERA-S1/OPERA_L2_RTC-S1_T175-375055-IW2_20230220T172228Z_20250123T133348Z_S1A_30_v1.0.iso.xml"", ""https://datapool.asf.alaska.edu/RTC/OPERA-S1/OPERA_L2_RTC-S1_T175-375055-IW2_20230220T172228Z_20250123T133348Z_S1A_30_v1.0_VH.tif"", ""https://datapool.asf.alaska.edu/RTC/OPERA-S1/OPERA_L2_RTC-S1_T175-375055-IW2_20230220T172228Z_20250123T133348Z_S1A_30_v1.0_VV.tif"", ""https://datapool.asf.alaska.edu/RTC/OPERA-S1/OPERA_L2_RTC-S1_T175-375055-IW2_20230220T172228Z_20250123T133348Z_S1A_30_v1.0_mask.tif""]",,,,30.0,OPERA_RTC_V1,
sentinel1,OPERA_RTC,OPERA_L2_RTC-S1_T081-173738-IW3_20230214T070742Z_20250122T211513Z_S1A_30_v1.0,post,2023-02-14T07:07:42+00:00,2023-02-14T20:07:42+13:00,,,,81.0,ASCENDING,"VV,VH",T081_173738_IW3,,,,0.140366685507522,"{""type"": ""Polygon"", ""coordinates"": [[[176.45976, -39.2662], [176.91599, -39.15305], [177.35446, -39.04227], [177.2905, -38.87964], [176.39587, -39.10353], [176.45976, -39.2662]]]}",https://datapool.asf.alaska.edu/RTC/OPERA-S1/OPERA_L2_RTC-S1_T081-173738-IW3_20230214T070742Z_20250122T211513Z_S1A_30_v1.0.h5,"[""https://datapool.asf.alaska.edu/RTC/OPERA-S1/OPERA_L2_RTC-S1_T081-173738-IW3_20230214T070742Z_20250122T211513Z_S1A_30_v1.0.iso.xml"", ""https://datapool.asf.alaska.edu/RTC/OPERA-S1/OPERA_L2_RTC-S1_T081-173738-IW3_20230214T070742Z_20250122T211513Z_S1A_30_v1.0_VH.tif"", ""https://datapool.asf.alaska.edu/RTC/OPERA-S1/OPERA_L2_RTC-S1_T081-173738-IW3_20230214T070742Z_20250122T211513Z_S1A_30_v1.0_VV.tif"", ""https://datapool.asf.alaska.edu/RTC/OPERA-S1/OPERA_L2_RTC-S1_T081-173738-IW3_20230214T070742Z_20250122T211513Z_S1A_30_v1.0_mask.tif""]",,,,30.0,OPERA_RTC_V1,
sentinel1,OPERA_RTC,OPERA_L2_RTC-S1_T081-173737-IW3_20230214T070739Z_20250122T211513Z_S1A_30_v1.0,post,2023-02-14T07:07:39+00:00,2023-02-14T20:07:39+13:00,,,,81.0,ASCENDING,"VV,VH",T081_173737_IW3,,,,0.6774520861026924,"{""type"": ""Polygon"", ""coordinates"": [[[176.51895, -39.42954], [176.97913, -39.3154], [177.41971, -39.20408], [177.35446, -39.04227], [176.45976, -39.2662], [176.51895, -39.42954]]]}",https://datapool.asf.alaska.edu/RTC/OPERA-S1/OPERA_L2_RTC-S1_T081-173737-IW3_20230214T070739Z_20250122T211513Z_S1A_30_v1.0.h5,"[""https://datapool.asf.alaska.edu/RTC/OPERA-S1/OPERA_L2_RTC-S1_T081-173737-IW3_20230214T070739Z_20250122T211513Z_S1A_30_v1.0.iso.xml"", ""https://datapool.asf.alaska.edu/RTC/OPERA-S1/OPERA_L2_RTC-S1_T081-173737-IW3_20230214T070739Z_20250122T211513Z_S1A_30_v1.0_VH.tif"", ""https://datapool.asf.alaska.edu/RTC/OPERA-S1/OPERA_L2_RTC-S1_T081-173737-IW3_20230214T070739Z_20250122T211513Z_S1A_30_v1.0_VV.tif"", ""https://datapool.asf.alaska.edu/RTC/OPERA-S1/OPERA_L2_RTC-S1_T081-173737-IW3_20230214T070739Z_20250122T211513Z_S1A_30_v1.0_mask.tif""]",,,,30.0,OPERA_RTC_V1,
sentinel1,OPERA_RTC,OPERA_L2_RTC-S1_T081-173736-IW3_20230214T070736Z_20250122T211513Z_S1A_30_v1.0,post,2023-02-14T07:07:36+00:00,2023-02-14T20:07:36+13:00,,,,81.0,ASCENDING,"VV,VH",T081_173736_IW3,,,,0.1867058994214765,"{""type"": ""Polygon"", ""coordinates"": [[[176.58168, -39.5931], [177.04337, -39.47858], [177.4874, -39.36636], [177.41971, -39.20408], [176.51895, -39.42954], [176.58168, -39.5931]]]}",https://datapool.asf.alaska.edu/RTC/OPERA-S1/OPERA_L2_RTC-S1_T081-173736-IW3_20230214T070736Z_20250122T211513Z_S1A_30_v1.0.h5,"[""https://datapool.asf.alaska.edu/RTC/OPERA-S1/OPERA_L2_RTC-S1_T081-173736-IW3_20230214T070736Z_20250122T211513Z_S1A_30_v1.0.iso.xml"", ""https://datapool.asf.alaska.edu/RTC/OPERA-S1/OPERA_L2_RTC-S1_T081-173736-IW3_20230214T070736Z_20250122T211513Z_S1A_30_v1.0_VH.tif"", ""https://datapool.asf.alaska.edu/RTC/OPERA-S1/OPERA_L2_RTC-S1_T081-173736-IW3_20230214T070736Z_20250122T211513Z_S1A_30_v1.0_VV.tif"", ""https://datapool.asf.alaska.edu/RTC/OPERA-S1/OPERA_L2_RTC-S1_T081-173736-IW3_20230214T070736Z_20250122T211513Z_S1A_30_v1.0_mask.tif""]",,,,30.0,OPERA_RTC_V1,
sentinel1,S1_GRD,S1A_IW_GRDH_1SDV_20230209T065920_20230209T065949_047155_05A85C_E500,pre,2023-02-09T06:59:20+00:00,2023-02-09T19:59:20+13:00,,,,8.0,ASCENDING,"VV,VH",,,,,0.9999999999999984,"{""type"": ""Polygon"", ""coordinates"": [[[176.157974, -38.47961], [176.781494, -40.201096], [179.604996, -39.522106], [178.919785, -37.815426], [176.157974, -38.47961]]]}",https://datapool.asf.alaska.edu/GRD_HD/SA/S1A_IW_GRDH_1SDV_20230209T065920_20230209T065949_047155_05A85C_E500.zip,[],,,,,unprocessed_GRD,requires_HyP3_processing
sentinel1,S1_GRD,S1A_IW_GRDH_1SDV_20230208T172223_20230208T172248_047147_05A81A_201F,pre,2023-02-08T17:22:23+00:00,2023-02-09T06:22:23+13:00,,,,175.0,DESCENDING,"VV,VH",,,,,0.9999999999999984,"{""type"": ""Polygon"", ""coordinates"": [[[178.190216, -40.727959], [178.741699, -39.247021], [175.942627, -38.573883], [175.336456, -40.04158], [178.190216, -40.727959]]]}",https://datapool.asf.alaska.edu/GRD_HD/SA/S1A_IW_GRDH_1SDV_20230208T172223_20230208T172248_047147_05A81A_201F.zip,[],,,,,unprocessed_GRD,requires_HyP3_processing
sentinel1,S1_GRD,S1A_IW_GRDH_1SDV_20230201T173020_20230201T173045_047045_05A4AD_C648,pre,2023-02-01T17:30:20+00:00,2023-02-02T06:30:20+13:00,,,,73.0,DESCENDING,"VV,VH",,,,,0.0002885986618446,"{""type"": ""Polygon"", ""coordinates"": [[[176.507034, -39.686268], [177.054398, -38.206047], [174.252853, -37.531788], [173.653122, -38.998943], [176.507034, -39.686268]]]}",https://datapool.asf.alaska.edu/GRD_HD/SA/S1A_IW_GRDH_1SDV_20230201T173020_20230201T173045_047045_05A4AD_C648.zip,[],,,,,unprocessed_GRD,requires_HyP3_processing
sentinel1,S1_GRD,S1A_IW_GRDH_1SDV_20230128T065921_20230128T065950_046980_05A286_3C3C,pre,2023-01-28T06:59:21+00:00,2023-01-28T19:59:21+13:00,,,,8.0,ASCENDING,"VV,VH",,,,,0.9999999999999984,"{""type"": ""Polygon"", ""coordinates"": [[[176.156906, -38.479321], [176.780182, -40.200291], [179.603302, -39.521351], [178.918365, -37.815178], [176.156906, -38.479321]]]}",https://datapool.asf.alaska.edu/GRD_HD/SA/S1A_IW_GRDH_1SDV_20230128T065921_20230128T065950_046980_05A286_3C3C.zip,[],,,,,unprocessed_GRD,requires_HyP3_processing
sentinel1,S1_GRD,S1A_IW_GRDH_1SDV_20230127T172224_20230127T172249_046972_05A23D_C37A,pre,2023-01-27T17:22:24+00:00,2023-01-28T06:22:24+13:00,,,,175.0,DESCENDING,"VV,VH",,,,,0.9999999999999984,"{""type"": ""Polygon"", ""coordinates"": [[[178.18779, -40.727943], [178.739304, -39.247013], [175.940018, -38.573799], [175.333817, -40.041492], [178.18779, -40.727943]]]}",https://datapool.asf.alaska.edu/GRD_HD/SA/S1A_IW_GRDH_1SDV_20230127T172224_20230127T172249_046972_05A23D_C37A.zip,[],,,,,unprocessed_GRD,requires_HyP3_processing
sentinel1,S1_GRD,S1A_IW_GRDH_1SDV_20230121T070737_20230121T070802_046878_059F11_60E1,pre,2023-01-21T07:07:37+00:00,2023-01-21T20:07:37+13:00,,,,81.0,ASCENDING,"VV,VH",,,,,0.9999999999999984,"{""type"": ""Polygon"", ""coordinates"": [[[174.116058, -38.594372], [174.660294, -40.075928], [177.515228, -39.389305], [176.91748, -37.920803], [174.116058, -38.594372]]]}",https://datapool.asf.alaska.edu/GRD_HD/SA/S1A_IW_GRDH_1SDV_20230121T070737_20230121T070802_046878_059F11_60E1.zip,[],,,,,unprocessed_GRD,requires_HyP3_processing
sentinel1,S1_GRD,S1A_IW_GRDH_1SDV_20230120T173020_20230120T173045_046870_059ECF_CDA4,pre,2023-01-20T17:30:20+00:00,2023-01-21T06:30:20+13:00,,,,73.0,DESCENDING,"VV,VH",,,,,0.0005441107780486,"{""type"": ""Polygon"", ""coordinates"": [[[176.508194, -39.686306], [177.055557, -38.206085], [174.253998, -37.531834], [173.654282, -38.998989], [176.508194, -39.686306]]]}",https://datapool.asf.alaska.edu/GRD_HD/SA/S1A_IW_GRDH_1SDV_20230120T173020_20230120T173045_046870_059ECF_CDA4.zip,[],,,,,unprocessed_GRD,requires_HyP3_processing
sentinel1,S1_GRD,S1A_IW_GRDH_1SDV_20230116T065921_20230116T065950_046805_059C9E_1442,pre,2023-01-16T06:59:21+00:00,2023-01-16T19:59:21+13:00,,,,8.0,ASCENDING,"VV,VH",,,,,0.9999999999999984,"{""type"": ""Polygon"", ""coordinates"": [[[176.159546, -38.479221], [176.782867, -40.199997], [179.605972, -39.521038], [178.92099, -37.815063], [176.159546, -38.479221]]]}",https://datapool.asf.alaska.edu/GRD_HD/SA/S1A_IW_GRDH_1SDV_20230116T065921_20230116T065950_046805_059C9E_1442.zip,[],,,,,unprocessed_GRD,requires_HyP3_processing
sentinel1,S1_GRD,S1A_IW_GRDH_1SDV_20230115T172224_20230115T172249_046797_059C55_A457,pre,2023-01-15T17:22:24+00:00,2023-01-16T06:22:24+13:00,,,,175.0,DESCENDING,"VV,VH",,,,,0.9999999999999984,"{""type"": ""Polygon"", ""coordinates"": [[[178.189087, -40.727764], [178.740631, -39.246838], [175.941467, -38.57362], [175.335251, -40.041306], [178.189087, -40.727764]]]}",https://datapool.asf.alaska.edu/GRD_HD/SA/S1A_IW_GRDH_1SDV_20230115T172224_20230115T172249_046797_059C55_A457.zip,[],,,,,unprocessed_GRD,requires_HyP3_processing
sentinel1,S1_GRD,S1A_IW_GRDH_1SDV_20230109T070737_20230109T070802_046703_059928_4DB9,pre,2023-01-09T07:07:37+00:00,2023-01-09T20:07:37+13:00,,,,81.0,ASCENDING,"VV,VH",,,,,0.9999999999999984,"{""type"": ""Polygon"", ""coordinates"": [[[174.11644, -38.594246], [174.660706, -40.075798], [177.515518, -39.389187], [176.917755, -37.920689], [174.11644, -38.594246]]]}",https://datapool.asf.alaska.edu/GRD_HD/SA/S1A_IW_GRDH_1SDV_20230109T070737_20230109T070802_046703_059928_4DB9.zip,[],,,,,unprocessed_GRD,requires_HyP3_processing
sentinel1,S1_GRD,S1A_IW_GRDH_1SDV_20230108T173021_20230108T173046_046695_0598E6_6C18,pre,2023-01-08T17:30:21+00:00,2023-01-09T06:30:21+13:00,,,,73.0,DESCENDING,"VV,VH",,,,,0.0002774001216354,"{""type"": ""Polygon"", ""coordinates"": [[[176.506973, -39.686234], [177.054367, -38.206017], [174.25293, -37.531788], [173.653183, -38.998936], [176.506973, -39.686234]]]}",https://datapool.asf.alaska.edu/GRD_HD/SA/S1A_IW_GRDH_1SDV_20230108T173021_20230108T173046_046695_0598E6_6C18.zip,[],,,,,unprocessed_GRD,requires_HyP3_processing
sentinel1,S1_GRD,S1A_IW_GRDH_1SDV_20230104T065922_20230104T065951_046630_0596BD_528B,pre,2023-01-04T06:59:22+00:00,2023-01-04T19:59:22+13:00,,,,8.0,ASCENDING,"VV,VH",,,,,0.9999999999999984,"{""type"": ""Polygon"", ""coordinates"": [[[176.157684, -38.479385], [176.780762, -40.199829], [179.603882, -39.520931], [178.919159, -37.815281], [176.157684, -38.479385]]]}",https://datapool.asf.alaska.edu/GRD_HD/SA/S1A_IW_GRDH_1SDV_20230104T065922_20230104T065951_046630_0596BD_528B.zip,[],,,,,unprocessed_GRD,requires_HyP3_processing
sentinel1,S1_GRD,S1A_IW_GRDH_1SDV_20230103T172225_20230103T172250_046622_059674_4493,pre,2023-01-03T17:22:25+00:00,2023-01-04T06:22:25+13:00,,,,175.0,DESCENDING,"VV,VH",,,,,0.9999999999999984,"{""type"": ""Polygon"", ""coordinates"": [[[178.188904, -40.727989], [178.740402, -39.247059], [175.94133, -38.573917], [175.335159, -40.041615], [178.188904, -40.727989]]]}",https://datapool.asf.alaska.edu/GRD_HD/SA/S1A_IW_GRDH_1SDV_20230103T172225_20230103T172250_046622_059674_4493.zip,[],,,,,unprocessed_GRD,requires_HyP3_processing
sentinel1,S1_GRD,S1A_IW_GRDH_1SDV_20230310T070736_20230310T070801_047578_05B6AD_54CF,post,2023-03-10T07:07:36+00:00,2023-03-10T20:07:36+13:00,,,,81.0,ASCENDING,"VV,VH",,,,,0.9999999999999984,"{""type"": ""Polygon"", ""coordinates"": [[[174.115204, -38.594669], [174.659424, -40.076229], [177.514816, -39.389488], [176.917068, -37.920982], [174.115204, -38.594669]]]}",https://datapool.asf.alaska.edu/GRD_HD/SA/S1A_IW_GRDH_1SDV_20230310T070736_20230310T070801_047578_05B6AD_54CF.zip,[],,,,,unprocessed_GRD,requires_HyP3_processing
sentinel1,S1_GRD,S1A_IW_GRDH_1SDV_20230309T173019_20230309T173044_047570_05B669_232D,post,2023-03-09T17:30:19+00:00,2023-03-10T06:30:19+13:00,,,,73.0,DESCENDING,"VV,VH",,,,,0.0003977857531443,"{""type"": ""Polygon"", ""coordinates"": [[[176.507584, -39.686302], [177.054932, -38.206074], [174.253159, -37.531757], [173.653458, -38.998917], [176.507584, -39.686302]]]}",https://datapool.asf.alaska.edu/GRD_HD/SA/S1A_IW_GRDH_1SDV_20230309T173019_20230309T173044_047570_05B669_232D.zip,[],,,,,unprocessed_GRD,requires_HyP3_processing
sentinel1,S1_GRD,S1A_IW_GRDH_1SDV_20230305T065920_20230305T065949_047505_05B43B_9E04,post,2023-03-05T06:59:20+00:00,2023-03-05T19:59:20+13:00,,,,8.0,ASCENDING,"VV,VH",,,,,0.9999999999999984,"{""type"": ""Polygon"", ""coordinates"": [[[176.155121, -38.47974], [176.778412, -40.200901], [179.601913, -39.521935], [178.916946, -37.815575], [176.155121, -38.47974]]]}",https://datapool.asf.alaska.edu/GRD_HD/SA/S1A_IW_GRDH_1SDV_20230305T065920_20230305T065949_047505_05B43B_9E04.zip,[],,,,,unprocessed_GRD,requires_HyP3_processing
sentinel1,S1_GRD,S1A_IW_GRDH_1SDV_20230304T172223_20230304T172248_047497_05B3EF_56B0,post,2023-03-04T17:22:23+00:00,2023-03-05T06:22:23+13:00,,,,175.0,DESCENDING,"VV,VH",,,,,0.9999999999999984,"{""type"": ""Polygon"", ""coordinates"": [[[178.187958, -40.728058], [178.73941, -39.24712], [175.940125, -38.573936], [175.333969, -40.041641], [178.187958, -40.728058]]]}",https://datapool.asf.alaska.edu/GRD_HD/SA/S1A_IW_GRDH_1SDV_20230304T172223_20230304T172248_047497_05B3EF_56B0.zip,[],,,,,unprocessed_GRD,requires_HyP3_processing
sentinel1,S1_GRD,S1A_IW_GRDH_1SDV_20230226T070736_20230226T070801_047403_05B0C3_C916,post,2023-02-26T07:07:36+00:00,2023-02-26T20:07:36+13:00,,,,81.0,ASCENDING,"VV,VH",,,,,0.9999999999999984,"{""type"": ""Polygon"", ""coordinates"": [[[174.115753, -38.59444], [174.660019, -40.075993], [177.515167, -39.389263], [176.917374, -37.920765], [174.115753, -38.59444]]]}",https://datapool.asf.alaska.edu/GRD_HD/SA/S1A_IW_GRDH_1SDV_20230226T070736_20230226T070801_047403_05B0C3_C916.zip,[],,,,,unprocessed_GRD,requires_HyP3_processing
sentinel1,S1_GRD,S1A_IW_GRDH_1SDV_20230225T173019_20230225T173044_047395_05B080_EB16,post,2023-02-25T17:30:19+00:00,2023-02-26T06:30:19+13:00,,,,73.0,DESCENDING,"VV,VH",,,,,0.0001895432104642,"{""type"": ""Polygon"", ""coordinates"": [[[176.506454, -39.686146], [177.053833, -38.205921], [174.25209, -37.531567], [173.652344, -38.998722], [176.506454, -39.686146]]]}",https://datapool.asf.alaska.edu/GRD_HD/SA/S1A_IW_GRDH_1SDV_20230225T173019_20230225T173044_047395_05B080_EB16.zip,[],,,,,unprocessed_GRD,requires_HyP3_processing
sentinel1,S1_GRD,S1A_IW_GRDH_1SDV_20230221T065920_20230221T065949_047330_05AE51_5D56,post,2023-02-21T06:59:20+00:00,2023-02-21T19:59:20+13:00,,,,8.0,ASCENDING,"VV,VH",,,,,0.9999999999999984,"{""type"": ""Polygon"", ""coordinates"": [[[176.157516, -38.479599], [176.780655, -40.200314], [179.604019, -39.521366], [178.91922, -37.815449], [176.157516, -38.479599]]]}",https://datapool.asf.alaska.edu/GRD_HD/SA/S1A_IW_GRDH_1SDV_20230221T065920_20230221T065949_047330_05AE51_5D56.zip,[],,,,,unprocessed_GRD,requires_HyP3_processing
sentinel1,S1_GRD,S1A_IW_GRDH_1SDV_20230220T172223_20230220T172248_047322_05AE03_C8CF,post,2023-02-20T17:22:23+00:00,2023-02-21T06:22:23+13:00,,,,175.0,DESCENDING,"VV,VH",,,,,0.9999999999999984,"{""type"": ""Polygon"", ""coordinates"": [[[178.189651, -40.728043], [178.741135, -39.247105], [175.941833, -38.573925], [175.335678, -40.041626], [178.189651, -40.728043]]]}",https://datapool.asf.alaska.edu/GRD_HD/SA/S1A_IW_GRDH_1SDV_20230220T172223_20230220T172248_047322_05AE03_C8CF.zip,[],,,,,unprocessed_GRD,requires_HyP3_processing
sentinel1,S1_GRD,S1A_IW_GRDH_1SDV_20230214T070736_20230214T070801_047228_05AAC4_9F82,post,2023-02-14T07:07:36+00:00,2023-02-14T20:07:36+13:00,,,,81.0,ASCENDING,"VV,VH",,,,,0.9999999999999984,"{""type"": ""Polygon"", ""coordinates"": [[[174.117081, -38.594322], [174.661377, -40.075871], [177.516724, -39.389069], [176.918915, -37.920578], [174.117081, -38.594322]]]}",https://datapool.asf.alaska.edu/GRD_HD/SA/S1A_IW_GRDH_1SDV_20230214T070736_20230214T070801_047228_05AAC4_9F82.zip,[],,,,,unprocessed_GRD,requires_HyP3_processing
sentinel2,SR,COPERNICUS/S2_SR_HARMONIZED/20230105T221559_20230105T221601_T60HVB,pre,2023-01-05T22:16:56.028000+00:00,2023-01-06T11:16:56.028000+13:00,,,,,,,,80.338639,64126.38431372549,0.024003036788051466,0.9999999999999984,"{""type"": ""Polygon"", ""coordinates"": [[[175.84714293159237, -38.84275705980832], [175.8471418381438, -38.84276832900663], [175.83906156786918, -39.337292988360915], [175.83077981143455, -39.83177414731691], [175.83082676624267, -39.831816043228166], [175.83086645513256, -39.831862146601296], [175.83088567454485, -39.83186518731405], [177.11383631776104, -39.83770025961583], [177.11389022862915, -39.837663627488425], [177.1139496980328, -39.83763246766105], [177.1139533530001, -39.837617731513], [177.1123582376416, -38.848403749812476], [177.11231125448447, -38.84836234524304], [177.11227120073525, -38.84831664836885], [177.11225223991823, -38.84831386992349], [175.84725883701023, -38.84267946656831], [175.8472050238124, -38.84271554322321], [175.8471458214206, -38.84274601359084], [175.84714293159237, -38.84275705980832]]]}",https://code.earthengine.google.com/?asset=COPERNICUS/S2_SR_HARMONIZED/20230105T221559_20230105T221601_T60HVB,,COPERNICUS/S2_SR_HARMONIZED,,,10.0,COPERNICUS/S2_SR_HARMONIZED,
sentinel2,SR,COPERNICUS/S2_SR_HARMONIZED/20230110T221601_20230110T221602_T60HVB,pre,2023-01-10T22:16:56.321000+00:00,2023-01-11T11:16:56.321000+13:00,,,,,,,,88.977313,333312.39215686277,0.12476158910993213,0.9999999999999984,"{""type"": ""Polygon"", ""coordinates"": [[[175.84714293159237, -38.84275705980832], [175.8471418381438, -38.84276832900663], [175.83906156786918, -39.337292988360915], [175.83077981143455, -39.83177414731691], [175.83082676624267, -39.831816043228166], [175.83086645513256, -39.831862146601296], [175.83088567454485, -39.83186518731405], [177.11383631776104, -39.83770025961583], [177.11389022862915, -39.837663627488425], [177.1139496980328, -39.83763246766105], [177.1139533530001, -39.837617731513], [177.1123582376416, -38.848403749812476], [177.11231125448447, -38.84836234524304], [177.11227120073525, -38.84831664836885], [177.11225223991823, -38.84831386992349], [175.84725883701023, -38.84267946656831], [175.8472050238124, -38.84271554322321], [175.8471458214206, -38.84274601359084], [175.84714293159237, -38.84275705980832]]]}",https://code.earthengine.google.com/?asset=COPERNICUS/S2_SR_HARMONIZED/20230110T221601_20230110T221602_T60HVB,,COPERNICUS/S2_SR_HARMONIZED,,,10.0,COPERNICUS/S2_SR_HARMONIZED,
sentinel2,SR,COPERNICUS/S2_SR_HARMONIZED/20230115T221559_20230115T221600_T60HVB,pre,2023-01-15T22:16:54.814000+00:00,2023-01-16T11:16:54.814000+13:00,,,,,,,,16.303612,2124496.501960779,0.7952166372451548,0.9999999999999984,"{""type"": ""Polygon"", ""coordinates"": [[[175.84714293159237, -38.84275705980832], [175.8471418381438, -38.84276832900663], [175.83906156786918, -39.337292988360915], [175.83077981143455, -39.83177414731691], [175.83082676624267, -39.831816043228166], [175.83086645513256, -39.831862146601296], [175.83088567454485, -39.83186518731405], [177.11383631776104, -39.83770025961583], [177.11389022862915, -39.837663627488425], [177.1139496980328, -39.83763246766105], [177.1139533530001, -39.837617731513], [177.1123582376416, -38.848403749812476], [177.11231125448447, -38.84836234524304], [177.11227120073525, -38.84831664836885], [177.11225223991823, -38.84831386992349], [175.84725883701023, -38.84267946656831], [175.8472050238124, -38.84271554322321], [175.8471458214206, -38.84274601359084], [175.84714293159237, -38.84275705980832]]]}",https://code.earthengine.google.com/?asset=COPERNICUS/S2_SR_HARMONIZED/20230115T221559_20230115T221600_T60HVB,,COPERNICUS/S2_SR_HARMONIZED,,,10.0,COPERNICUS/S2_SR_HARMONIZED,
sentinel2,SR,COPERNICUS/S2_SR_HARMONIZED/20230120T221601_20230120T221559_T60HVB,pre,2023-01-20T22:16:53.344000+00:00,2023-01-21T11:16:53.344000+13:00,,,,,,,,54.674554,248311.54117647064,0.09294506655166063,0.9999999999999984,"{""type"": ""Polygon"", ""coordinates"": [[[175.84714293159237, -38.84275705980832], [175.8471418381438, -38.84276832900663], [175.83906156786918, -39.337292988360915], [175.83077981143455, -39.83177414731691], [175.83082676624267, -39.831816043228166], [175.83086645513256, -39.831862146601296], [175.83088567454485, -39.83186518731405], [177.11383631776104, -39.83770025961583], [177.11389022862915, -39.837663627488425], [177.1139496980328, -39.83763246766105], [177.1139533530001, -39.837617731513], [177.1123582376416, -38.848403749812476], [177.11231125448447, -38.84836234524304], [177.11227120073525, -38.84831664836885], [177.11225223991823, -38.84831386992349], [175.84725883701023, -38.84267946656831], [175.8472050238124, -38.84271554322321], [175.8471458214206, -38.84274601359084], [175.84714293159237, -38.84275705980832]]]}",https://code.earthengine.google.com/?asset=COPERNICUS/S2_SR_HARMONIZED/20230120T221601_20230120T221559_T60HVB,,COPERNICUS/S2_SR_HARMONIZED,,,10.0,COPERNICUS/S2_SR_HARMONIZED,
sentinel2,SR,COPERNICUS/S2_SR_HARMONIZED/20230125T221559_20230125T221602_T60HVB,pre,2023-01-25T22:16:56.152000+00:00,2023-01-26T11:16:56.152000+13:00,,,,,,,,36.419308,2024171.6078431315,0.7576641984161997,0.9999999999999984,"{""type"": ""Polygon"", ""coordinates"": [[[175.84714293159237, -38.84275705980832], [175.8471418381438, -38.84276832900663], [175.83906156786918, -39.337292988360915], [175.83077981143455, -39.83177414731691], [175.83082676624267, -39.831816043228166], [175.83086645513256, -39.831862146601296], [175.83088567454485, -39.83186518731405], [177.11383631776104, -39.83770025961583], [177.11389022862915, -39.837663627488425], [177.1139496980328, -39.83763246766105], [177.1139533530001, -39.837617731513], [177.1123582376416, -38.848403749812476], [177.11231125448447, -38.84836234524304], [177.11227120073525, -38.84831664836885], [177.11225223991823, -38.84831386992349], [175.84725883701023, -38.84267946656831], [175.8472050238124, -38.84271554322321], [175.8471458214206, -38.84274601359084], [175.84714293159237, -38.84275705980832]]]}",https://code.earthengine.google.com/?asset=COPERNICUS/S2_SR_HARMONIZED/20230125T221559_20230125T221602_T60HVB,,COPERNICUS/S2_SR_HARMONIZED,,,10.0,COPERNICUS/S2_SR_HARMONIZED,
sentinel2,SR,COPERNICUS/S2_SR_HARMONIZED/20230130T221601_20230130T221602_T60HVB,pre,2023-01-30T22:16:56.465000+00:00,2023-01-31T11:16:56.465000+13:00,,,,,,,,99.891943,12.0,4.491699392366441e-06,0.9999999999999984,"{""type"": ""Polygon"", ""coordinates"": [[[175.84714293159237, -38.84275705980832], [175.8471418381438, -38.84276832900663], [175.83906156786918, -39.337292988360915], [175.83077981143455, -39.83177414731691], [175.83082676624267, -39.831816043228166], [175.83086645513256, -39.831862146601296], [175.83088567454485, -39.83186518731405], [177.11383631776104, -39.83770025961583], [177.11389022862915, -39.837663627488425], [177.1139496980328, -39.83763246766105], [177.1139533530001, -39.837617731513], [177.1123582376416, -38.848403749812476], [177.11231125448447, -38.84836234524304], [177.11227120073525, -38.84831664836885], [177.11225223991823, -38.84831386992349], [175.84725883701023, -38.84267946656831], [175.8472050238124, -38.84271554322321], [175.8471458214206, -38.84274601359084], [175.84714293159237, -38.84275705980832]]]}",https://code.earthengine.google.com/?asset=COPERNICUS/S2_SR_HARMONIZED/20230130T221601_20230130T221602_T60HVB,,COPERNICUS/S2_SR_HARMONIZED,,,10.0,COPERNICUS/S2_SR_HARMONIZED,
sentinel2,SR,COPERNICUS/S2_SR_HARMONIZED/20230204T221559_20230204T221601_T60HVB,pre,2023-02-04T22:16:55.614000+00:00,2023-02-05T11:16:55.614000+13:00,,,,,,,,45.429805,2039858.8666666604,0.7635360693266613,0.9999999999999984,"{""type"": ""Polygon"", ""coordinates"": [[[175.84714293159237, -38.84275705980832], [175.8471418381438, -38.84276832900663], [175.83906156786918, -39.337292988360915], [175.83077981143455, -39.83177414731691], [175.83082676624267, -39.831816043228166], [175.83086645513256, -39.831862146601296], [175.83088567454485, -39.83186518731405], [177.11383631776104, -39.83770025961583], [177.11389022862915, -39.837663627488425], [177.1139496980328, -39.83763246766105], [177.1139533530001, -39.837617731513], [177.1123582376416, -38.848403749812476], [177.11231125448447, -38.84836234524304], [177.11227120073525, -38.84831664836885], [177.11225223991823, -38.84831386992349], [175.84725883701023, -38.84267946656831], [175.8472050238124, -38.84271554322321], [175.8471458214206, -38.84274601359084], [175.84714293159237, -38.84275705980832]]]}",https://code.earthengine.google.com/?asset=COPERNICUS/S2_SR_HARMONIZED/20230204T221559_20230204T221601_T60HVB,,COPERNICUS/S2_SR_HARMONIZED,,,10.0,COPERNICUS/S2_SR_HARMONIZED,
sentinel2,SR,COPERNICUS/S2_SR_HARMONIZED/20230209T221601_20230209T221603_T60HVB,pre,2023-02-09T22:16:56.895000+00:00,2023-02-10T11:16:56.895000+13:00,,,,,,,,38.072139,1460860.6823529403,0.5468122532713938,0.9999999999999984,"{""type"": ""Polygon"", ""coordinates"": [[[175.84714293159237, -38.84275705980832], [175.8471418381438, -38.84276832900663], [175.83906156786918, -39.337292988360915], [175.83077981143455, -39.83177414731691], [175.83082676624267, -39.831816043228166], [175.83086645513256, -39.831862146601296], [175.83088567454485, -39.83186518731405], [177.11383631776104, -39.83770025961583], [177.11389022862915, -39.837663627488425], [177.1139496980328, -39.83763246766105], [177.1139533530001, -39.837617731513], [177.1123582376416, -38.848403749812476], [177.11231125448447, -38.84836234524304], [177.11227120073525, -38.84831664836885], [177.11225223991823, -38.84831386992349], [175.84725883701023, -38.84267946656831], [175.8472050238124, -38.84271554322321], [175.8471458214206, -38.84274601359084], [175.84714293159237, -38.84275705980832]]]}",https://code.earthengine.google.com/?asset=COPERNICUS/S2_SR_HARMONIZED/20230209T221601_20230209T221603_T60HVB,,COPERNICUS/S2_SR_HARMONIZED,,,10.0,COPERNICUS/S2_SR_HARMONIZED,
sentinel2,SR,COPERNICUS/S2_SR_HARMONIZED/20230219T221601_20230219T221601_T60HVB,post,2023-02-19T22:16:55.376000+00:00,2023-02-20T11:16:55.376000+13:00,,,,,,,,1.84155,2671579.9647058756,0.9999945086773114,0.9999999999999984,"{""type"": ""Polygon"", ""coordinates"": [[[175.84714293159237, -38.84275705980832], [175.8471418381438, -38.84276832900663], [175.83906156786918, -39.337292988360915], [175.83077981143455, -39.83177414731691], [175.83082676624267, -39.831816043228166], [175.83086645513256, -39.831862146601296], [175.83088567454485, -39.83186518731405], [177.11383631776104, -39.83770025961583], [177.11389022862915, -39.837663627488425], [177.1139496980328, -39.83763246766105], [177.1139533530001, -39.837617731513], [177.1123582376416, -38.848403749812476], [177.11231125448447, -38.84836234524304], [177.11227120073525, -38.84831664836885], [177.11225223991823, -38.84831386992349], [175.84725883701023, -38.84267946656831], [175.8472050238124, -38.84271554322321], [175.8471458214206, -38.84274601359084], [175.84714293159237, -38.84275705980832]]]}",https://code.earthengine.google.com/?asset=COPERNICUS/S2_SR_HARMONIZED/20230219T221601_20230219T221601_T60HVB,,COPERNICUS/S2_SR_HARMONIZED,,,10.0,COPERNICUS/S2_SR_HARMONIZED,
sentinel2,SR,COPERNICUS/S2_SR_HARMONIZED/20230224T221609_20230224T221604_T60HVB,post,2023-02-24T22:16:58.572000+00:00,2023-02-25T11:16:58.572000+13:00,,,,,,,,98.68924,328.0,0.00012277311672468272,0.9999999999999984,"{""type"": ""Polygon"", ""coordinates"": [[[175.84714293159237, -38.84275705980832], [175.8471418381438, -38.84276832900663], [175.83906156786918, -39.337292988360915], [175.83077981143455, -39.83177414731691], [175.83082676624267, -39.831816043228166], [175.83086645513256, -39.831862146601296], [175.83088567454485, -39.83186518731405], [177.11383631776104, -39.83770025961583], [177.11389022862915, -39.837663627488425], [177.1139496980328, -39.83763246766105], [177.1139533530001, -39.837617731513], [177.1123582376416, -38.848403749812476], [177.11231125448447, -38.84836234524304], [177.11227120073525, -38.84831664836885], [177.11225223991823, -38.84831386992349], [175.84725883701023, -38.84267946656831], [175.8472050238124, -38.84271554322321], [175.8471458214206, -38.84274601359084], [175.84714293159237, -38.84275705980832]]]}",https://code.earthengine.google.com/?asset=COPERNICUS/S2_SR_HARMONIZED/20230224T221609_20230224T221604_T60HVB,,COPERNICUS/S2_SR_HARMONIZED,,,10.0,COPERNICUS/S2_SR_HARMONIZED,
sentinel2,SR,COPERNICUS/S2_SR_HARMONIZED/20230301T221601_20230301T221601_T60HVB,post,2023-03-01T22:16:55.415000+00:00,2023-03-02T11:16:55.415000+13:00,,,,,,,,12.892422,2671575.4352941103,0.9999928132809721,0.9999999999999984,"{""type"": ""Polygon"", ""coordinates"": [[[175.84714293159237, -38.84275705980832], [175.8471418381438, -38.84276832900663], [175.83906156786918, -39.337292988360915], [175.83077981143455, -39.83177414731691], [175.83082676624267, -39.831816043228166], [175.83086645513256, -39.831862146601296], [175.83088567454485, -39.83186518731405], [177.11383631776104, -39.83770025961583], [177.11389022862915, -39.837663627488425], [177.1139496980328, -39.83763246766105], [177.1139533530001, -39.837617731513], [177.1123582376416, -38.848403749812476], [177.11231125448447, -38.84836234524304], [177.11227120073525, -38.84831664836885], [177.11225223991823, -38.84831386992349], [175.84725883701023, -38.84267946656831], [175.8472050238124, -38.84271554322321], [175.8471458214206, -38.84274601359084], [175.84714293159237, -38.84275705980832]]]}",https://code.earthengine.google.com/?asset=COPERNICUS/S2_SR_HARMONIZED/20230301T221601_20230301T221601_T60HVB,,COPERNICUS/S2_SR_HARMONIZED,,,10.0,COPERNICUS/S2_SR_HARMONIZED,
sentinel2,SR,COPERNICUS/S2_SR_HARMONIZED/20230306T221609_20230306T221607_T60HVB,post,2023-03-06T22:17:01.322000+00:00,2023-03-07T11:17:01.322000+13:00,,,,,,,,1.325497,2630052.5098039145,0.9844504383481728,0.9999999999999984,"{""type"": ""Polygon"", ""coordinates"": [[[175.84714293159237, -38.84275705980832], [175.8471418381438, -38.84276832900663], [175.83906156786918, -39.337292988360915], [175.83077981143455, -39.83177414731691], [175.83082676624267, -39.831816043228166], [175.83086645513256, -39.831862146601296], [175.83088567454485, -39.83186518731405], [177.11383631776104, -39.83770025961583], [177.11389022862915, -39.837663627488425], [177.1139496980328, -39.83763246766105], [177.1139533530001, -39.837617731513], [177.1123582376416, -38.848403749812476], [177.11231125448447, -38.84836234524304], [177.11227120073525, -38.84831664836885], [177.11225223991823, -38.84831386992349], [175.84725883701023, -38.84267946656831], [175.8472050238124, -38.84271554322321], [175.8471458214206, -38.84274601359084], [175.84714293159237, -38.84275705980832]]]}",https://code.earthengine.google.com/?asset=COPERNICUS/S2_SR_HARMONIZED/20230306T221609_20230306T221607_T60HVB,,COPERNICUS/S2_SR_HARMONIZED,,,10.0,COPERNICUS/S2_SR_HARMONIZED,
sentinel2,SR,COPERNICUS/S2_SR_HARMONIZED/20230311T221601_20230311T221600_T60HVB,post,2023-03-11T22:16:53.994000+00:00,2023-03-12T11:16:53.994000+13:00,,,,,,,,43.114781,1400338.1411764678,0.5241581648191576,0.9999999999999984,"{""type"": ""Polygon"", ""coordinates"": [[[175.84714293159237, -38.84275705980832], [175.8471418381438, -38.84276832900663], [175.83906156786918, -39.337292988360915], [175.83077981143455, -39.83177414731691], [175.83082676624267, -39.831816043228166], [175.83086645513256, -39.831862146601296], [175.83088567454485, -39.83186518731405], [177.11383631776104, -39.83770025961583], [177.11389022862915, -39.837663627488425], [177.1139496980328, -39.83763246766105], [177.1139533530001, -39.837617731513], [177.1123582376416, -38.848403749812476], [177.11231125448447, -38.84836234524304], [177.11227120073525, -38.84831664836885], [177.11225223991823, -38.84831386992349], [175.84725883701023, -38.84267946656831], [175.8472050238124, -38.84271554322321], [175.8471458214206, -38.84274601359084], [175.84714293159237, -38.84275705980832]]]}",https://code.earthengine.google.com/?asset=COPERNICUS/S2_SR_HARMONIZED/20230311T221601_20230311T221600_T60HVB,,COPERNICUS/S2_SR_HARMONIZED,,,10.0,COPERNICUS/S2_SR_HARMONIZED,
landsat,SR,LANDSAT/LC08/C02/T1_L2/LC08_071087_20230119,pre,2023-01-19T21:54:22.796000+00:00,2023-01-20T10:54:22.796000+13:00,,,,,,,,21.21,258687.76862745147,0.9354899685677809,0.931532266715656,"{""type"": ""Polygon"", ""coordinates"": [[[176.60153346188574, -39.55179423327704], [176.60112175420565, -39.553352021814966], [176.60209037764147, -39.553731105707705], [176.63387057464954, -39.560060066759874], [178.70626843025013, -39.94948201193606], [178.7475003086142, -39.95676549797264], [178.74803780580547, -39.95653451859215], [178.99835222912236, -39.11024905332035], [179.24290789330078, -38.264324736698825], [179.24884533815924, -38.243456510729004], [179.24787223889174, -38.24309580839159], [179.24400143906945, -38.24234232218444], [179.04319466393179, -38.206280494278545], [177.1534663682422, -37.84812102786114], [177.15249677210966, -37.848122341221796], [177.15204491101488, -37.84884183718315], [177.0983127754644, -38.01791604483204], [177.00852969654912, -38.299424771849196], [176.7715305537186, -39.03375917187625], [176.63524452248407, -39.4491777897049], [176.60793165109126, -39.53207674529162], [176.60153346188574, -39.55179423327704]]]}",https://code.earthengine.google.com/?asset=LANDSAT/LC08/C02/T1_L2/LC08_071087_20230119,,LANDSAT/LC08/C02/T1_L2,,,30.0,LANDSAT/LC08/C02/T1_L2,
landsat,SR,LANDSAT/LC08/C02/T1_L2/LC08_071087_20230204,pre,2023-02-04T21:54:26.970000+00:00,2023-02-05T10:54:26.970000+13:00,,,,,,,,25.21,226234.14901960807,0.7621393164694734,0.9999999999999984,"{""type"": ""Polygon"", ""coordinates"": [[[176.56547627942348, -39.55433334408504], [176.5668408088552, -39.554691126415605], [176.63627161307704, -39.56844733965371], [176.83805425661694, -39.60809913900474], [178.36490659366888, -39.89535294822001], [178.67258149537216, -39.95051364013326], [178.71164601454913, -39.957426491768054], [178.7121287937953, -39.956236282114396], [178.96448517251662, -39.10258043915288], [179.2125948287501, -38.243635624194106], [179.19289912760507, -38.24007304401883], [178.927366168969, -38.192289798135704], [177.7052777642342, -37.963735286294636], [177.1166106682905, -37.84856203368167], [177.11385855219427, -37.857021877646105], [177.09823599584607, -37.90624813303674], [177.0819124122606, -37.957634801624934], [177.06352129421867, -38.01550924758426], [177.00166564123396, -38.20993107107736], [176.7333693329625, -39.04259950671899], [176.5958611365616, -39.46171593964449], [176.56547627942348, -39.55433334408504]]]}",https://code.earthengine.google.com/?asset=LANDSAT/LC08/C02/T1_L2/LC08_071087_20230204,,LANDSAT/LC08/C02/T1_L2,,,30.0,LANDSAT/LC08/C02/T1_L2,
landsat,SR,LANDSAT/LC08/C02/T1_L2/LC08_071088_20230119,pre,2023-01-19T21:54:46.759000+00:00,2023-01-20T10:54:46.759000+13:00,,,,,,,,39.67,121989.63921568623,0.9032054350466369,0.4573043682724228,"{""type"": ""Polygon"", ""coordinates"": [[[176.22545183840612, -40.998632016153515], [176.33403201787334, -41.01984900465287], [177.85563418184236, -41.30504667359131], [178.29049102167983, -41.382413493659676], [178.31542675829527, -41.38673792141804], [178.57717119246004, -40.5293472088277], [178.8315786378455, -39.675023315236224], [178.8100924211436, -39.67115888433348], [176.69291750698034, -39.27512620578316], [176.68614308610364, -39.29524087865339], [176.67626596286672, -39.32468006587349], [176.63524452248407, -39.4491777897049], [176.58482468921318, -39.60200710951789], [176.40257839388605, -40.149916456910084], [176.30061867155248, -40.45246045084823], [176.25293105221596, -40.59364700856065], [176.13165992281984, -40.95007403180924], [176.12219399624084, -40.97788019580546], [176.12289398135707, -40.978421470539296], [176.22545183840612, -40.998632016153515]]]}",https://code.earthengine.google.com/?asset=LANDSAT/LC08/C02/T1_L2/LC08_071088_20230119,,LANDSAT/LC08/C02/T1_L2,,,30.0,LANDSAT/LC08/C02/T1_L2,
landsat,SR,LANDSAT/LC08/C02/T1_L2/LC08_071088_20230204,pre,2023-02-04T21:54:50.925000+00:00,2023-02-05T10:54:50.925000+13:00,,,,,,,,11.0,107740.70196078427,0.8513609672673289,0.4271914835374634,"{""type"": ""Polygon"", ""coordinates"": [[[176.08684897245618, -40.97881265447502], [176.11223895702645, -40.98383414982299], [177.4072116241966, -41.230219679447345], [178.2541491055721, -41.38252531016089], [178.27952449646702, -41.3869343194134], [178.2852033825982, -41.3686808597501], [178.54336380790488, -40.522371756962926], [178.79546355720905, -39.675349052961124], [178.7948946977684, -39.67492671692021], [178.53353989123116, -39.628380403056205], [177.73816170894554, -39.48289247092018], [176.68419529307232, -39.28071341240769], [176.657519726328, -39.275521217422956], [176.65312918910035, -39.287847314450566], [176.5982554811503, -39.45446234400499], [176.5509465914826, -39.59784060882252], [176.41182221030695, -40.017252732895074], [176.268018211188, -40.44536735702772], [176.22260271222413, -40.57966351257673], [176.12676431489217, -40.86166618914886], [176.10230188388414, -40.93336439523236], [176.08684897245618, -40.97881265447502]]]}",https://code.earthengine.google.com/?asset=LANDSAT/LC08/C02/T1_L2/LC08_071088_20230204,,LANDSAT/LC08/C02/T1_L2,,,30.0,LANDSAT/LC08/C02/T1_L2,
landsat,SR,LANDSAT/LC08/C02/T1_L2/LC08_072087_20230110,pre,2023-01-10T22:00:37.666000+00:00,2023-01-11T11:00:37.666000+13:00,,,,,,,,94.7,0.0,0.0,0.9999999999999984,"{""type"": ""Polygon"", ""coordinates"": [[[177.0040739994916, -39.92311835788592], [177.19437513109472, -39.95708980229702], [177.64930630524108, -38.40292713864049], [177.6901336803054, -38.25787061312409], [177.6940140626537, -38.243269573353736], [177.6927309665414, -38.242773052352995], [177.47938687562063, -38.20442905557468], [175.60010867760082, -37.848087817186475], [175.59927376261768, -37.849363739715784], [175.5875556421989, -37.88565081623421], [175.56903054146417, -37.94382752292025], [175.510776009271, -38.12678586290874], [175.31818790920892, -38.72667082545404], [175.26634971217726, -38.886485282647634], [175.20599307428182, -39.0718195749518], [175.10894450883674, -39.367886801073546], [175.05723378895075, -39.52461484493916], [175.05000458221917, -39.54732258254888], [175.0481456709125, -39.55378576819142], [175.08788910771935, -39.56166447276502], [177.0040739994916, -39.92311835788592]]]}",https://code.earthengine.google.com/?asset=LANDSAT/LC08/C02/T1_L2/LC08_072087_20230110,,LANDSAT/LC08/C02/T1_L2,,,30.0,LANDSAT/LC08/C02/T1_L2,
landsat,SR,LANDSAT/LC08/C02/T1_L2/LC08_072087_20230126,pre,2023-01-26T22:00:35.854000+00:00,2023-01-27T11:00:35.854000+13:00,,,,,,,,99.92,0.0,0.0,0.9999999999999984,"{""type"": ""Polygon"", ""coordinates"": [[[175.59025961706104, -37.84755869515269], [175.58961385260164, -37.84805556213683], [175.5809876603756, -37.875049103203395], [175.5591320203381, -37.9437067799301], [175.50608434922125, -38.11046944764706], [175.2364610596548, -38.94821061504962], [175.09463963087765, -39.38170874756612], [175.0497480859434, -39.5177324625197], [175.04285426750806, -39.53951227912082], [175.03872357734278, -39.55308390090137], [175.04007606417608, -39.55363624428196], [176.0840682350051, -39.75597209885829], [176.93632814513165, -39.913370204183245], [177.1835943726396, -39.95773206201836], [177.6389851194647, -38.401361657027934], [177.68055313788597, -38.25404592468811], [177.6828795805461, -38.24529672108144], [177.68286265619543, -38.24348616144549], [177.60671926051313, -38.22979597142325], [177.4855778670204, -38.207918530736976], [175.59025961706104, -37.84755869515269]]]}",https://code.earthengine.google.com/?asset=LANDSAT/LC08/C02/T1_L2/LC08_072087_20230126,,LANDSAT/LC08/C02/T1_L2,,,30.0,LANDSAT/LC08/C02/T1_L2,
landsat,SR,LANDSAT/LC08/C02/T1_L2/LC08_071087_20230220,post,2023-02-20T21:54:13.700000+00:00,2023-02-21T10:54:13.700000+13:00,,,,,,,,7.49,280896.1137254889,0.9936822936667944,0.95227857595191,"{""type"": ""Polygon"", ""coordinates"": [[[179.24110485993103, -38.243124465618834], [179.23978629828954, -38.24263565689463], [178.49984114266707, -38.107961447337544], [177.73772311060364, -37.963806765089004], [177.1458757659361, -37.84803727122772], [177.09821124048636, -37.9982148133566], [177.0550658050417, -38.133941475058585], [177.0078415723864, -38.2821210492508], [176.95732591116698, -38.44000978397541], [176.7659909522413, -39.03185585782395], [176.62967305228747, -39.447808707623125], [176.59808878661846, -39.543937565683564], [176.59483566807012, -39.55412652171656], [176.67072587474183, -39.56914722446529], [177.40689032178548, -39.7118386578993], [178.53600513860405, -39.92051095589629], [178.68761011854994, -39.947592985308894], [178.74001052890256, -39.95685575321395], [178.74056030986574, -39.95641575690156], [178.9934042208859, -39.100873093816716], [179.24110485993103, -38.243124465618834]]]}",https://code.earthengine.google.com/?asset=LANDSAT/LC08/C02/T1_L2/LC08_071087_20230220,,LANDSAT/LC08/C02/T1_L2,,,30.0,LANDSAT/LC08/C02/T1_L2,
landsat,SR,LANDSAT/LC08/C02/T1_L2/LC08_071087_20230308,post,2023-03-08T21:54:02.815000+00:00,2023-03-09T10:54:02.815000+13:00,,,,,,,,2.76,265203.549019608,0.9907688727106868,0.9017370159121806,"{""type"": ""Polygon"", ""coordinates"": [[[179.254977761261, -38.24406541368225], [179.25493875083228, -38.24280358542213], [179.24226931910772, -38.24049153725213], [178.8528172076694, -38.17024066722354], [177.90200577703325, -37.99267394528875], [177.15930498083372, -37.847977244859855], [177.15140184415353, -37.87291647875163], [177.10488101118045, -38.01953531845922], [177.06739257074972, -38.137449989173284], [177.01230554189573, -38.310239383302], [176.97795828747923, -38.41757500919082], [176.78125828699007, -39.0264787537484], [176.64114684861696, -39.45406190982069], [176.61561426238373, -39.53156184756742], [176.60885420613928, -39.55245789366693], [176.6088456654668, -39.553980235644104], [176.74798902511466, -39.58144801845527], [178.70579227065764, -39.94805291205915], [178.75480144576147, -39.956708780999314], [179.0073118895242, -39.10198597990169], [179.254977761261, -38.24406541368225]]]}",https://code.earthengine.google.com/?asset=LANDSAT/LC08/C02/T1_L2/LC08_071087_20230308,,LANDSAT/LC08/C02/T1_L2,,,30.0,LANDSAT/LC08/C02/T1_L2,
landsat,SR,LANDSAT/LC08/C02/T1_L2/LC08_071087_20230324,post,2023-03-24T21:53:54.397000+00:00,2023-03-25T10:53:54.397000+13:00,,,,,,,,7.37,254336.48627451016,0.9518980770869829,0.9000771258429134,"{""type"": ""Polygon"", ""coordinates"": [[[178.95399358800967, -38.18887574910963], [178.2324083592327, -38.055646004437925], [177.19884770237124, -37.85617310961548], [177.15940144054542, -37.84841749159962], [177.10899817757553, -38.007340676142405], [177.06568643974538, -38.14366970009536], [177.0119626909393, -38.312132068763646], [176.78160484866086, -39.026479387363615], [176.64149409463394, -39.45433343702465], [176.61596038030922, -39.53210366848848], [176.60872932751064, -39.554365115231136], [177.12994685314993, -39.65625464659574], [177.95494744456207, -39.812148732737604], [178.70304322554514, -39.94783566166], [178.75522369211004, -39.95705222466166], [179.00766628728525, -39.10225010192007], [179.25558800128033, -38.243118558168725], [179.2246993539149, -38.23758193436658], [178.95399358800967, -38.18887574910963]]]}",https://code.earthengine.google.com/?asset=LANDSAT/LC08/C02/T1_L2/LC08_071087_20230324,,LANDSAT/LC08/C02/T1_L2,,,30.0,LANDSAT/LC08/C02/T1_L2,
landsat,SR,LANDSAT/LC08/C02/T1_L2/LC08_071087_20230409,post,2023-04-09T21:53:39.455000+00:00,2023-04-10T09:53:39.455000+12:00,,,,,,,,31.92,185136.61176470647,0.7854440686763012,0.7939663885252558,"{""type"": ""Polygon"", ""coordinates"": [[[179.27491614966016, -38.24283884413728], [179.24216073728167, -38.23697921249701], [177.7328695465581, -37.956536689167045], [177.2042960049364, -37.85318946337016], [177.18069467513962, -37.84855191140618], [177.17778886849447, -37.857509647559276], [177.133179006153, -37.99806862722986], [177.08623087798458, -38.14581940217383], [177.0137085878904, -38.37322118023743], [176.80519085823084, -39.019762599599545], [176.66736265065472, -39.44062392252075], [176.63344475532904, -39.54376225429376], [176.6300122266513, -39.55449533574264], [176.6562673146864, -39.55973366532025], [177.0348153962861, -39.63388635890217], [178.56405998930776, -39.91932502597968], [178.77452629894037, -39.95684373832133], [178.7763500312637, -39.956815764246386], [179.02691480884448, -39.10813393015121], [179.27644112420631, -38.243207142752155], [179.27491614966016, -38.24283884413728]]]}",https://code.earthengine.google.com/?asset=LANDSAT/LC08/C02/T1_L2/LC08_071087_20230409,,LANDSAT/LC08/C02/T1_L2,,,30.0,LANDSAT/LC08/C02/T1_L2,
landsat,SR,LANDSAT/LC08/C02/T1_L2/LC08_071087_20230425,post,2023-04-25T21:53:35.175000+00:00,2023-04-26T09:53:35.175000+12:00,,,,,,,,55.19,1585.6509803921565,0.005771007656207411,0.9255754909754726,"{""type"": ""Polygon"", ""coordinates"": [[[176.60434360228777, -39.54909643498646], [176.60262181578915, -39.55465138779454], [177.91737042631857, -39.80650543575843], [178.71262089818586, -39.950739760072544], [178.7492364687619, -39.957206299905735], [178.99716729192022, -39.11743222520304], [179.23954525610688, -38.277634941348545], [179.24931962309648, -38.24328630985883], [179.21405566880497, -38.236972319311334], [178.8666197609858, -38.174347534411076], [177.47988356353966, -37.91295634152411], [177.18336672818268, -37.854685158637444], [177.1530145163923, -37.84871448285196], [177.1238893323306, -37.9405600250737], [177.0983888694282, -38.0208928576081], [177.0595234631958, -38.143132272174455], [177.00955900256835, -38.2999655539223], [176.77291522164072, -39.03430267734896], [176.63627784199784, -39.45161404219949], [176.60967394994216, -39.532623413476315], [176.60434360228777, -39.54909643498646]]]}",https://code.earthengine.google.com/?asset=LANDSAT/LC08/C02/T1_L2/LC08_071087_20230425,,LANDSAT/LC08/C02/T1_L2,,,30.0,LANDSAT/LC08/C02/T1_L2,
landsat,SR,LANDSAT/LC08/C02/T1_L2/LC08_071088_20230220,post,2023-02-20T21:54:37.663000+00:00,2023-02-21T10:54:37.663000+13:00,,,,,,,,1.61,132620.17647058825,0.9957953752631916,0.4512493530644921,"{""type"": ""Polygon"", ""coordinates"": [[[176.68675481884063, -39.275536333157746], [176.68435170937434, -39.282443737794196], [176.6728207418505, -39.317101551576606], [176.62967312919804, -39.44780855199814], [176.58030827517712, -39.59766601357333], [176.45792250772442, -39.966662450106185], [176.28752190336263, -40.474407970966844], [176.21593371008538, -40.68605682978175], [176.12669517660993, -40.948145104825784], [176.11625795618838, -40.97903334580605], [176.11797049830022, -40.979480568287386], [176.19624760375424, -40.99491889904698], [176.7790466748119, -41.10749877054209], [177.7816723322065, -41.29341239126832], [178.2843306180436, -41.38293899879953], [178.3080832844424, -41.387059609950626], [178.31524077466148, -41.36401790005708], [178.5725305896733, -40.52022183193305], [178.82404475330551, -39.67490104765034], [176.68675481884063, -39.275536333157746]]]}",https://code.earthengine.google.com/?asset=LANDSAT/LC08/C02/T1_L2/LC08_071088_20230220,,LANDSAT/LC08/C02/T1_L2,,,30.0,LANDSAT/LC08/C02/T1_L2,
landsat,SR,LANDSAT/LC08/C02/T1_L2/LC08_071088_20230308,post,2023-03-08T21:54:26.774000+00:00,2023-03-09T10:54:26.774000+13:00,,,,,,,,6.83,136152.55294117672,0.995998095265471,0.4611513971098774,"{""type"": ""Polygon"", ""coordinates"": [[[178.15362821799613, -41.35676086647919], [178.24611091971067, -41.373090788482095], [178.3227206477141, -41.38654236712258], [178.330268839278, -41.362223858518725], [178.58720338853755, -40.51921042827748], [178.83837039412077, -39.67470541991925], [178.83714183135575, -39.6742548245153], [177.69369378082897, -39.4661365113818], [176.7007923096502, -39.27525941648074], [176.700165698932, -39.27574325412956], [176.6825124034675, -39.32875230912852], [176.65353708063216, -39.41652487813975], [176.64114684861696, -39.454061830904394], [176.58966875059923, -39.61013373358785], [176.30133200300793, -40.47368147295247], [176.2581621646056, -40.601518323420365], [176.1443119360906, -40.936385967503476], [176.1299937456537, -40.97831645476059], [176.13114904525497, -40.97876520227206], [176.20802994698147, -40.99391950084737], [176.57708817232876, -41.06558740270454], [178.15362821799613, -41.35676086647919]]]}",https://code.earthengine.google.com/?asset=LANDSAT/LC08/C02/T1_L2/LC08_071088_20230308,,LANDSAT/LC08/C02/T1_L2,,,30.0,LANDSAT/LC08/C02/T1_L2,
landsat,SR,LANDSAT/LC08/C02/T1_L2/LC08_071088_20230324,post,2023-03-24T21:54:18.356000+00:00,2023-03-25T10:54:18.356000+13:00,,,,,,,,12.77,122780.77254901962,0.9011503915152287,0.4591702112368787,"{""type"": ""Polygon"", ""coordinates"": [[[176.70191387600602, -39.27588618414348], [176.7005757347217, -39.275882815406966], [176.70014043158358, -39.276886721736346], [176.6825074864721, -39.329833694088], [176.64149409463394, -39.45433335810868], [176.59143832472583, -39.606355671061145], [176.41103597314006, -40.14941934230828], [176.2965622303139, -40.48986861633972], [176.22326139201655, -40.7064198849567], [176.13037716539105, -40.979019162132204], [176.20446679188902, -40.99362470504645], [176.62666421978653, -41.075487456016454], [177.5562864429684, -41.24959335791045], [177.9803032969757, -41.326211083237354], [178.3214076201628, -41.386580378036506], [178.3235348842512, -41.386555948739826], [178.58560837989168, -40.52666428903141], [178.83885772180457, -39.67482653182945], [177.3540362372985, -39.40224925904935], [176.70191387600602, -39.27588618414348]]]}",https://code.earthengine.google.com/?asset=LANDSAT/LC08/C02/T1_L2/LC08_071088_20230324,,LANDSAT/LC08/C02/T1_L2,,,30.0,LANDSAT/LC08/C02/T1_L2,
landsat,SR,LANDSAT/LC08/C02/T1_L2/LC08_071088_20230409,post,2023-04-09T21:54:03.410000+00:00,2023-04-10T09:54:03.410000+12:00,,,,,,,,24.46,130676.53333333333,0.9411812622021956,0.4674248500167483,"{""type"": ""Polygon"", ""coordinates"": [[[176.15381950981424, -40.97321110490695], [176.1520747000245, -40.97859634245936], [176.15283771222832, -40.97918590492287], [176.2468644909357, -40.99769290348342], [176.4527033716853, -41.03776920896138], [178.31335820165967, -41.38126017405684], [178.34416239446642, -41.38661588764018], [178.34472619560793, -41.38617794595751], [178.35248416261825, -41.36115415855269], [178.60536789249522, -40.530985689286], [178.8523954332499, -39.70027897102159], [178.85983700104836, -39.67477840673292], [178.85957153344484, -39.674446005593865], [178.39227326773442, -39.59096663970136], [177.22815938276761, -39.37391008327812], [176.72200111308746, -39.27551352526093], [176.6991534588055, -39.34420503682627], [176.66736265065472, -39.44062384358606], [176.6077769156096, -39.621549298950484], [176.43213009506124, -40.15016138273674], [176.3115923651255, -40.50860760329072], [176.15381950981424, -40.97321110490695]]]}",https://code.earthengine.google.com/?asset=LANDSAT/LC08/C02/T1_L2/LC08_071088_20230409,,LANDSAT/LC08/C02/T1_L2,,,30.0,LANDSAT/LC08/C02/T1_L2,
landsat,SR,LANDSAT/LC08/C02/T1_L2/LC08_071088_20230425,post,2023-04-25T21:53:59.134000+00:00,2023-04-26T09:53:59.134000+12:00,,,,,,,,83.93,19111.06666666668,0.14201315066203385,0.45296190928803,"{""type"": ""Polygon"", ""coordinates"": [[[176.5865685720572, -39.602554098231124], [176.56626655438995, -39.66411075547157], [176.44584145755906, -40.02715085065646], [176.29529329660255, -40.47580704213574], [176.1337735984267, -40.95198166164741], [176.12460917643418, -40.97892874076664], [176.12537811337782, -40.979523282272446], [176.33865691809598, -41.02122687294891], [177.81971661708695, -41.298552351990395], [178.31566212878448, -41.3866462052655], [178.3177810730864, -41.38662199012613], [178.3212134319577, -41.375568959865454], [178.57992768810254, -40.52606645149732], [178.83281095419702, -39.67496954165174], [178.47690548342567, -39.6115452000738], [177.350904449056, -39.40306967013068], [176.97844570486936, -39.33142045005437], [176.6943173047994, -39.275877581491216], [176.67800484871105, -39.324955494398715], [176.63663219708593, -39.45053374624721], [176.5865685720572, -39.602554098231124]]]}",https://code.earthengine.google.com/?asset=LANDSAT/LC08/C02/T1_L2/LC08_071088_20230425,,LANDSAT/LC08/C02/T1_L2,,,30.0,LANDSAT/LC08/C02/T1_L2,
landsat,SR,LANDSAT/LC08/C02/T1_L2/LC08_072087_20230227,post,2023-02-27T22:00:18.752000+00:00,2023-02-28T11:00:18.752000+13:00,,,,,,,,75.81,0.0,0.0,0.9999999999999984,"{""type"": ""Polygon"", ""coordinates"": [[[175.6121255352815, -37.84941102891071], [175.60850355630393, -37.86021243951208], [175.603438869896, -37.875565385455246], [175.5805733521488, -37.947211752673816], [175.52810789724407, -38.11230038280588], [175.28025766254987, -38.88344715964974], [175.25793849723857, -38.9520985490179], [175.06151209401625, -39.551589414504036], [175.0608069511205, -39.554479102174746], [176.84476176437843, -39.89247086116624], [177.20493341312417, -39.95700179659041], [177.20695889587313, -39.956998233798295], [177.66099971866643, -38.40421359027388], [177.70020215043243, -38.26501607180955], [177.70417685673337, -38.25038964073882], [177.70602409262355, -38.24312030244388], [177.70006988983377, -38.24198415522061], [177.43066675008157, -38.19353249155878], [175.61263797600412, -37.848627692778095], [175.6121255352815, -37.84941102891071]]]}",https://code.earthengine.google.com/?asset=LANDSAT/LC08/C02/T1_L2/LC08_072087_20230227,,LANDSAT/LC08/C02/T1_L2,,,30.0,LANDSAT/LC08/C02/T1_L2,
landsat,SR,LANDSAT/LC08/C02/T1_L2/LC08_072087_20230315,post,2023-03-15T22:00:12.506000+00:00,2023-03-16T11:00:12.506000+13:00,,,,,,,,23.13,282498.0941176463,0.951681721295273,0.9999999999999984,"{""type"": ""Polygon"", ""coordinates"": [[[175.05355363730013, -39.55400334585933], [175.05878165634462, -39.555108490447125], [176.930716911105, -39.908771931962164], [177.1997964350467, -39.956844476019036], [177.65344856244158, -38.40506694077845], [177.69365602968807, -38.26181064154906], [177.6989090027225, -38.242632901655305], [177.67638152125465, -38.238607823380754], [176.61197006810576, -38.043079448262475], [175.6051474735661, -37.84826246042732], [175.60460632226338, -37.84908954431392], [175.59883370067504, -37.86658806951624], [175.5930332233143, -37.884635049263274], [175.57378626319672, -37.94503170868383], [175.52021216962459, -38.113552983033976], [175.32371391030034, -38.726479950923434], [175.27263195585257, -38.884145563794576], [175.2513074749718, -38.94978567315341], [175.11602213781623, -39.3636769798149], [175.05523871941674, -39.54814280350218], [175.05355363730013, -39.55400334585933]]]}",https://code.earthengine.google.com/?asset=LANDSAT/LC08/C02/T1_L2/LC08_072087_20230315,,LANDSAT/LC08/C02/T1_L2,,,30.0,LANDSAT/LC08/C02/T1_L2,
landsat,SR,LANDSAT/LC08/C02/T1_L2/LC08_072087_20230331,post,2023-03-31T22:00:01.852000+00:00,2023-04-01T11:00:01.852000+13:00,,,,,,,,83.12,6650.039215686269,0.022402702528781595,0.9999999999999984,"{""type"": ""Polygon"", ""coordinates"": [[[175.61687060162225, -37.84952301663567], [175.6114067606291, -37.84849245863655], [175.604589766729, -37.86881879877991], [175.6002416036512, -37.882287416965525], [175.5795492639058, -37.94719943153933], [175.52560422532716, -38.11685815735887], [175.2788290975067, -38.885318431556755], [175.2184991257016, -39.07093023798459], [175.1207355965874, -39.36969976895333], [175.0608136079393, -39.55157976701129], [175.060141027477, -39.55433619665672], [175.0865337402421, -39.55956705672297], [176.91397372278152, -39.90474938963868], [177.20483529827146, -39.95673173636875], [177.206607262131, -39.956728584712046], [177.6603101476537, -38.403947052799275], [177.6995112180221, -38.26447945580638], [177.7034859847479, -38.24985309678673], [177.70528422991003, -38.24277674146664], [177.70071404569967, -38.24190468672764], [177.21642777870477, -38.15437723844118], [175.61687060162225, -37.84952301663567]]]}",https://code.earthengine.google.com/?asset=LANDSAT/LC08/C02/T1_L2/LC08_072087_20230331,,LANDSAT/LC08/C02/T1_L2,,,30.0,LANDSAT/LC08/C02/T1_L2,
landsat,SR,LANDSAT/LC08/C02/T1_L2/LC08_072087_20230416,post,2023-04-16T21:59:47.495000+00:00,2023-04-17T09:59:47.495000+12:00,,,,,,,,60.84,0.0,0.0,0.9999999999999984,"{""type"": ""Polygon"", ""coordinates"": [[[177.717860858575, -38.24733385897604], [177.7188597433108, -38.24351327155254], [177.71884982221607, -38.24250719987132], [177.71781598716464, -38.242107411096015], [175.62450558035226, -37.847945905216406], [175.6144329703116, -37.87922740228759], [175.60050204045027, -37.92257593777174], [175.59279229154723, -37.94668740039114], [175.5236413901011, -38.1641532956202], [175.29235184884212, -38.883895081071685], [175.22755390939568, -39.08323215895145], [175.13853457677945, -39.35511959028962], [175.07314637756386, -39.55340433100283], [175.0737058199714, -39.55385631413296], [175.10242568632432, -39.559544520323435], [176.40230202582805, -39.808323280934026], [177.21810197973468, -39.956166934074076], [177.21993399736925, -39.95616344861959], [177.67270849114772, -38.40712113078934], [177.71554266981283, -38.25573161180668], [177.717860858575, -38.24733385897604]]]}",https://code.earthengine.google.com/?asset=LANDSAT/LC08/C02/T1_L2/LC08_072087_20230416,,LANDSAT/LC08/C02/T1_L2,,,30.0,LANDSAT/LC08/C02/T1_L2,
landsat,SR,LANDSAT/LC09/C02/T1_L2/LC09_072087_20230102,pre,2023-01-02T22:00:42.552000+00:00,2023-01-03T11:00:42.552000+13:00,,,,,,,,84.51,19450.41568627452,0.06552470783223611,0.9999999999999984,"{""type"": ""Polygon"", ""coordinates"": [[[177.68391488752494, -38.24601975977543], [177.68390157400574, -38.24460464353086], [177.49038884141416, -38.210061437064724], [176.41085258297787, -38.010879179527294], [175.58362532661823, -37.85078814270159], [175.5818935853997, -37.85076728718068], [175.57876929209536, -37.860072433880234], [175.5683147991774, -37.89271856688088], [175.55413923284837, -37.937156587292016], [175.50016605543004, -38.10653969021437], [175.23520665318594, -38.92899920281776], [175.18902881833668, -39.07074639747993], [175.04550145873424, -39.50739002708725], [175.03001724995326, -39.55602529690197], [176.76522167321068, -39.88390310507677], [177.1822144228753, -39.95839124001859], [177.18427152098081, -39.95838798003959], [177.64002052029522, -38.40189684441391], [177.68192225416107, -38.25376679308847], [177.68391488752494, -38.24601975977543]]]}",https://code.earthengine.google.com/?asset=LANDSAT/LC09/C02/T1_L2/LC09_072087_20230102,,LANDSAT/LC09/C02/T1_L2,,,30.0,LANDSAT/LC09/C02/T1_L2,
landsat,SR,LANDSAT/LC09/C02/T1_L2/LC09_072087_20230118,pre,2023-01-18T22:00:34.055000+00:00,2023-01-19T11:00:34.055000+13:00,,,,,,,,72.76,0.0,0.0,0.9999999999999984,"{""type"": ""Polygon"", ""coordinates"": [[[177.19155698088684, -39.954572347963186], [177.21146416607817, -39.95807128707944], [177.2134946874871, -39.958067575559205], [177.6682244982057, -38.40525426381307], [177.7114665737063, -38.25245081038474], [177.71356232182788, -38.244289306849225], [176.94219236109123, -38.10454181160121], [175.613300956543, -37.8506006261231], [175.61182051617854, -37.85058316884621], [175.6092266066264, -37.8580563619386], [175.60525237641036, -37.86990503228099], [175.59255967756698, -37.909503504430255], [175.58057861148134, -37.946941379810575], [175.52702183199784, -38.115260665473805], [175.51020733783645, -38.168038961427094], [175.2795597242179, -38.883707108149345], [175.25786916499578, -38.95042440354478], [175.2188661849556, -39.07012482211262], [175.05990343908562, -39.55376270904881], [175.05984297196522, -39.55593496721883], [177.19155698088684, -39.954572347963186]]]}",https://code.earthengine.google.com/?asset=LANDSAT/LC09/C02/T1_L2/LC09_072087_20230118,,LANDSAT/LC09/C02/T1_L2,,,30.0,LANDSAT/LC09/C02/T1_L2,
landsat,SR,LANDSAT/LC09/C02/T1_L2/LC09_072087_20230203,pre,2023-02-03T22:00:44.789000+00:00,2023-02-04T11:00:44.789000+13:00,,,,,,,,41.41,277768.4039215676,0.9357483051033639,0.9999999999999984,"{""type"": ""Polygon"", ""coordinates"": [[[175.2365741041377, -38.845761801253175], [175.05625809766744, -39.39675067849705], [175.03340646464758, -39.46610174724241], [175.021947166396, -39.50131572070065], [175.0054818398431, -39.55239433692139], [175.00449556702262, -39.556121731174855], [175.01001499696184, -39.55729100392715], [176.88087637441737, -39.90927214973587], [177.11013817561712, -39.95009598508084], [177.1578941209945, -39.95851918674837], [177.158731391425, -39.95592237039592], [177.61857242184314, -38.38470866687436], [177.65833258708332, -38.244457118924075], [177.51478053332144, -38.21887933700107], [177.31859389539227, -38.183615670198456], [175.5565314718562, -37.85059620218597], [175.55578462034092, -37.85117040976981], [175.53875122790004, -37.90398125254225], [175.4619638099507, -38.14554819978163], [175.27727861474517, -38.720127931084285], [175.2365741041377, -38.845761801253175]]]}",https://code.earthengine.google.com/?asset=LANDSAT/LC09/C02/T1_L2/LC09_072087_20230203,,LANDSAT/LC09/C02/T1_L2,,,30.0,LANDSAT/LC09/C02/T1_L2,
landsat,SR,LANDSAT/LC09/C02/T1_L2/LC09_071087_20230228,post,2023-02-28T21:54:20.133000+00:00,2023-03-01T10:54:20.133000+13:00,,,,,,,,36.95,5555.450980392156,0.018871441845882405,0.9917372071149454,"{""type"": ""Polygon"", ""coordinates"": [[[178.7342681624848, -39.95799368703941], [178.73563970520289, -39.95797310678057], [178.9882790672533, -39.10366368294081], [179.23654099418167, -38.24450402264135], [179.23556135998376, -38.24414076764465], [179.0870305178442, -38.217674018295675], [177.51751295013693, -37.925504975320266], [177.25688704700352, -37.874717881455574], [177.13316819791635, -37.85041441103306], [177.13245583835757, -37.85154814852238], [177.08791676999343, -37.99176954269875], [177.0020097870487, -38.26157279471273], [176.7556160162441, -39.02507613408464], [176.61641389190115, -39.44965785730189], [176.5926325783066, -39.521751787160355], [176.58445649067926, -39.54659279643124], [176.58144251760768, -39.55602633113697], [176.9243559991267, -39.62305461458373], [178.44902380211218, -39.90730586732995], [178.7342681624848, -39.95799368703941]]]}",https://code.earthengine.google.com/?asset=LANDSAT/LC09/C02/T1_L2/LC09_071087_20230228,,LANDSAT/LC09/C02/T1_L2,,,30.0,LANDSAT/LC09/C02/T1_L2,
landsat,SR,LANDSAT/LC09/C02/T1_L2/LC09_071087_20230316,post,2023-03-16T21:54:13.233000+00:00,2023-03-17T10:54:13.233000+13:00,,,,,,,,90.73,0.0,0.0,0.9772868565938752,"{""type"": ""Polygon"", ""coordinates"": [[[179.23572843049686, -38.26500244006703], [179.24151069088842, -38.244687278396185], [179.23999912218267, -38.244321763024594], [179.10802321064295, -38.22081313781769], [177.46726940731486, -37.91517005952371], [177.19442902642717, -37.86185875727391], [177.13766931106593, -37.850693019478115], [177.1278828275851, -37.88147933359288], [177.1134070845576, -37.92703283461011], [177.04958456859933, -38.12772505096078], [177.00475355364298, -38.26806163661297], [176.76081553401963, -39.024816611298256], [176.6202165323402, -39.45347963215862], [176.59609133299858, -39.52717064178592], [176.58665848189352, -39.55610151936579], [176.58735073597703, -39.55664231275976], [176.62372350865772, -39.563812165895484], [178.43773953506542, -39.90474351913176], [178.74086412537224, -39.95861991941371], [178.99111160604505, -39.111859538032334], [179.23572843049686, -38.26500244006703]]]}",https://code.earthengine.google.com/?asset=LANDSAT/LC09/C02/T1_L2/LC09_071087_20230316,,LANDSAT/LC09/C02/T1_L2,,,30.0,LANDSAT/LC09/C02/T1_L2,
landsat,SR,LANDSAT/LC09/C02/T1_L2/LC09_071087_20230401,post,2023-04-01T21:54:01.914000+00:00,2023-04-02T09:54:01.914000+12:00,,,,,,,,97.86,0.0,0.0,0.9153728505690938,"{""type"": ""Polygon"", ""coordinates"": [[[177.15653282127187, -37.85055054908794], [177.1554350955841, -37.850552037765404], [177.14969043121155, -37.868609229899185], [177.12189577053297, -37.95598511351642], [177.1086238075276, -37.997724280822055], [177.06157985910355, -38.14583503890543], [176.77603993592433, -39.03268657942047], [176.63836287134467, -39.45297212255481], [176.61069557143568, -39.53722216784259], [176.60457037345213, -39.55611441246666], [177.08272854526817, -39.649269961266086], [178.29329304119062, -39.87509141604088], [178.75744597514554, -39.9579148205352], [178.75881756829293, -39.95789396729908], [179.00800755091626, -39.11427266907982], [179.25166645391622, -38.27037437946601], [179.2587875499985, -38.24533529968307], [179.2587579686745, -38.24438023363955], [179.25823579673798, -38.243988005475366], [179.2226437715179, -38.237620880046386], [177.15653282127187, -37.85055054908794]]]}",https://code.earthengine.google.com/?asset=LANDSAT/LC09/C02/T1_L2/LC09_071087_20230401,,LANDSAT/LC09/C02/T1_L2,,,30.0,LANDSAT/LC09/C02/T1_L2,
landsat,SR,LANDSAT/LC09/C02/T1_L2/LC09_071087_20230417,post,2023-04-17T21:53:55.641000+00:00,2023-04-18T09:53:55.641000+12:00,,,,,,,,42.46,184809.83137254918,0.6587699231864621,0.9478845326907678,"{""type"": ""Polygon"", ""coordinates"": [[[176.59661783309187, -39.555046955352196], [176.59661183005267, -39.5560849301228], [176.59790923920195, -39.55642470803947], [176.81990350206232, -39.59996306424075], [177.2650466221598, -39.685759041229794], [178.60543838178376, -39.93254369912058], [178.7504374464181, -39.958157464163016], [179.00317014110914, -39.10273293750677], [179.25102402959405, -38.244191598567184], [179.23164940592292, -38.24069389112798], [179.01980340752775, -38.20290056232305], [177.7503965758538, -37.96751182293654], [177.32857090341858, -37.88589606880328], [177.14739206612876, -37.850377954108104], [177.1438778007018, -37.861315665247204], [177.10131668079188, -37.99544057549611], [176.99597539045067, -38.32573922158394], [176.63141066176271, -39.448895476381466], [176.60409182120816, -39.53206378571163], [176.59661783309187, -39.555046955352196]]]}",https://code.earthengine.google.com/?asset=LANDSAT/LC09/C02/T1_L2/LC09_071087_20230417,,LANDSAT/LC09/C02/T1_L2,,,30.0,LANDSAT/LC09/C02/T1_L2,
landsat,SR,LANDSAT/LC09/C02/T1_L2/LC09_071088_20230228,post,2023-02-28T21:54:44.096000+00:00,2023-03-01T10:54:44.096000+13:00,,,,,,,,24.71,3937.0352941176475,0.030800414270272036,0.4306989199200484,"{""type"": ""Polygon"", ""coordinates"": [[[176.10308739831063, -40.97988442681915], [176.10307208761682, -40.98101645761911], [176.1948640596393, -40.99895346022183], [177.52011529178577, -41.248681611586434], [178.1936627466702, -41.36905314324524], [178.30342725265098, -41.38825221221512], [178.56482277437544, -40.53140689655594], [178.81934712848877, -39.67607995750245], [178.59629920962564, -39.63672455343275], [177.57429093043024, -39.450297992061216], [176.7186075442603, -39.2864785204149], [176.67336993713633, -39.277631883952786], [176.66912021830004, -39.2900576503978], [176.660293705046, -39.3167956114913], [176.61641396883238, -39.449657780612974], [176.5634606438746, -39.609767864097996], [176.5631043007436, -39.61084792792669], [176.27588430432115, -40.47055187271452], [176.22936573468246, -40.60808635939989], [176.15927204520708, -40.81445694503695], [176.10308739831063, -40.97988442681915]]]}",https://code.earthengine.google.com/?asset=LANDSAT/LC09/C02/T1_L2/LC09_071088_20230228,,LANDSAT/LC09/C02/T1_L2,,,30.0,LANDSAT/LC09/C02/T1_L2,
landsat,SR,LANDSAT/LC09/C02/T1_L2/LC09_071088_20230316,post,2023-03-16T21:54:37.183000+00:00,2023-03-17T10:54:37.183000+13:00,,,,,,,,60.45,13391.972549019603,0.10350349451095076,0.4358829040634843,"{""type"": ""Polygon"", ""coordinates"": [[[176.13072166589052, -40.98504737992551], [176.3863462813259, -41.034732717490705], [177.26498271256136, -41.20063860803432], [178.3086262689675, -41.387941396683075], [178.57094660403092, -40.52821589881286], [178.8246268450281, -39.675877735409756], [178.78484995324885, -39.66884668189766], [177.25921470316007, -39.389523587178715], [176.69741117414875, -39.281018733403236], [176.67858594911613, -39.277376489092376], [176.66933631716574, -39.30458930735164], [176.62058315691073, -39.452374768206695], [176.46565666622263, -39.92074826032811], [176.3870254000891, -40.15605184801524], [176.28777032639977, -40.450896074875125], [176.23982328123464, -40.59275072727294], [176.144476024689, -40.87317594578742], [176.1095800424807, -40.975559638690896], [176.10809095290236, -40.98057582036346], [176.13072166589052, -40.98504737992551]]]}",https://code.earthengine.google.com/?asset=LANDSAT/LC09/C02/T1_L2/LC09_071088_20230316,,LANDSAT/LC09/C02/T1_L2,,,30.0,LANDSAT/LC09/C02/T1_L2,
landsat,SR,LANDSAT/LC09/C02/T1_L2/LC09_071088_20230401,post,2023-04-01T21:54:25.873000+00:00,2023-04-02T09:54:25.873000+12:00,,,,,,,,67.6,11608.95294117647,0.08711888542748673,0.4486312419612424,"{""type"": ""Polygon"", ""coordinates"": [[[176.14074169467912, -40.93689994268269], [176.12571752024928, -40.980896054619734], [176.48223128640078, -41.050066725059324], [177.48243673021867, -41.237495790569334], [178.32624550998597, -41.38805291793851], [178.32684483335936, -41.38711455248123], [178.5891616781065, -40.52715598515391], [178.84246500012276, -39.67586628419437], [178.80690275025833, -39.669586742350404], [178.4383122448674, -39.604190825791804], [177.03379616737084, -39.3430414356142], [176.69705748703464, -39.277604134327824], [176.69622007174678, -39.27825061840539], [176.67973283966964, -39.32766339151847], [176.6373000664517, -39.45621245327224], [176.57406035329296, -39.64792093984718], [176.50688042820957, -39.8506535258025], [176.40752100709312, -40.148590528723254], [176.29778189114674, -40.47474096681653], [176.22166170415485, -40.699301361926395], [176.14074169467912, -40.93689994268269]]]}",https://code.earthengine.google.com/?asset=LANDSAT/LC09/C02/T1_L2/LC09_071088_20230401,,LANDSAT/LC09/C02/T1_L2,,,30.0,LANDSAT/LC09/C02/T1_L2,
landsat,SR,LANDSAT/LC09/C02/T1_L2/LC09_071088_20230417,post,2023-04-17T21:54:19.604000+00:00,2023-04-18T09:54:19.604000+12:00,,,,,,,,68.1,49254.799999999996,0.3756982438104782,0.4414930218317124,"{""type"": ""Polygon"", ""coordinates"": [[[178.83006158086374, -39.689281049314765], [178.83390529034418, -39.6759575293281], [178.37592625750833, -39.59467522041178], [177.20797076871548, -39.378272960104866], [176.71083158156472, -39.28217382146049], [176.68803902564562, -39.27775543565443], [176.68408235957804, -39.289377371967056], [176.6742039768426, -39.31899775554271], [176.631765051825, -39.44781530981583], [176.58133697018215, -39.60091343771441], [176.39616683501416, -40.157991874894904], [176.28891469833528, -40.476578715029554], [176.1284665632255, -40.948968927906556], [176.11806971692374, -40.979491974913635], [176.11804897193375, -40.981053877362484], [176.15246688366156, -40.98784927950337], [177.88582930447095, -41.3118443282518], [178.31821278370796, -41.38810930784701], [178.3246355102263, -41.36742299088911], [178.580342031438, -40.528628231228204], [178.83006158086374, -39.689281049314765]]]}",https://code.earthengine.google.com/?asset=LANDSAT/LC09/C02/T1_L2/LC09_071088_20230417,,LANDSAT/LC09/C02/T1_L2,,,30.0,LANDSAT/LC09/C02/T1_L2,
landsat,SR,LANDSAT/LC09/C02/T1_L2/LC09_072087_20230219,post,2023-02-19T22:00:37.131000+00:00,2023-02-20T11:00:37.131000+13:00,,,,,,,,4.78,296840.15686274413,0.9999973710089852,0.9999999999999984,"{""type"": ""Polygon"", ""coordinates"": [[[175.57293978912068, -37.850929454537166], [175.5707000462029, -37.857597587364786], [175.5526027278763, -37.914128274388325], [175.49235947882497, -38.103465872405735], [175.24676840225158, -38.86700015398103], [175.21867795379873, -38.95334686635541], [175.1754603972428, -39.08594251668527], [175.07330547179836, -39.39757497917965], [175.04040498465875, -39.49745380243523], [175.02141052046082, -39.55635823544159], [176.70062212177268, -39.87380806559293], [177.17492638240344, -39.95857630534917], [177.6337326133966, -38.39003498629648], [177.674184524818, -38.2474267595161], [177.67480000747213, -38.24437785826843], [177.67157022955092, -38.24376069042228], [177.22193209411188, -38.163018960995345], [175.57487750571295, -37.85095291322078], [175.57293978912068, -37.850929454537166]]]}",https://code.earthengine.google.com/?asset=LANDSAT/LC09/C02/T1_L2/LC09_072087_20230219,,LANDSAT/LC09/C02/T1_L2,,,30.0,LANDSAT/LC09/C02/T1_L2,
landsat,SR,LANDSAT/LC09/C02/T1_L2/LC09_072087_20230307,post,2023-03-07T22:00:25.376000+00:00,2023-03-08T11:00:25.376000+13:00,,,,,,,,6.72,296309.98431372456,0.998211321706209,0.9999999999999984,"{""type"": ""Polygon"", ""coordinates"": [[[175.05316360657403, -39.54536022375833], [175.0504683492241, -39.55404775011233], [175.05040755482847, -39.55621988080199], [176.86615626012662, -39.89817388724139], [177.20369180060382, -39.95825626084162], [177.65892359896796, -38.40260308089717], [177.6901654929954, -38.29157242164594], [177.69779418031584, -38.26421884596944], [177.70323328642914, -38.24402769310145], [176.19059309833537, -37.96495644578565], [175.60154628589086, -37.85042989705095], [175.59101776032946, -37.88298861127699], [175.57176638529089, -37.94359047161363], [175.50759451602758, -38.14502536610728], [175.32170099936886, -38.72401809279939], [175.2095277375414, -39.06917075001748], [175.1087184513256, -39.37626229474581], [175.05889530176933, -39.52761536839254], [175.05316360657403, -39.54536022375833]]]}",https://code.earthengine.google.com/?asset=LANDSAT/LC09/C02/T1_L2/LC09_072087_20230307,,LANDSAT/LC09/C02/T1_L2,,,30.0,LANDSAT/LC09/C02/T1_L2,
landsat,SR,LANDSAT/LC09/C02/T1_L2/LC09_072087_20230323,post,2023-03-23T22:00:19.797000+00:00,2023-03-24T11:00:19.797000+13:00,,,,,,,,3.94,293858.0980392148,0.9899513886350358,0.9999999999999984,"{""type"": ""Polygon"", ""coordinates"": [[[177.2007962245142, -39.95851560282205], [177.20156387577092, -39.95792226875019], [177.65551236223877, -38.40532583774053], [177.69538848900535, -38.26369306565781], [177.70068547355405, -38.244353230559106], [177.47836016382368, -38.20470354590975], [175.59882805078345, -37.85086408805488], [175.58821862000528, -37.883772292312266], [175.56903054146417, -37.94382744222234], [175.51471653680096, -38.11456507849128], [175.26596457341464, -38.888101505143936], [175.24463260534569, -38.95374017290676], [175.20635334035316, -39.07128461281034], [175.0572035935784, -39.52569547126654], [175.04997430367195, -39.54840319277119], [175.0483812484634, -39.55394206897857], [175.04779959522455, -39.556669658240125], [176.70414748611026, -39.869762615540566], [177.2007962245142, -39.95851560282205]]]}",https://code.earthengine.google.com/?asset=LANDSAT/LC09/C02/T1_L2/LC09_072087_20230323,,LANDSAT/LC09/C02/T1_L2,,,30.0,LANDSAT/LC09/C02/T1_L2,
landsat,SR,LANDSAT/LC09/C02/T1_L2/LC09_072087_20230408,post,2023-04-08T22:00:10.592000+00:00,2023-04-09T10:00:10.592000+12:00,,,,,,,,26.6,50841.02352941177,0.17127362553014025,0.9999999999999984,"{""type"": ""Polygon"", ""coordinates"": [[[177.18425228480987, -39.95432658116713], [177.20805930180728, -39.95851214896742], [177.20866876974318, -39.9570939381384], [177.66238138800927, -38.40501693830845], [177.69494985321083, -38.289651854076986], [177.70224653904373, -38.26365237019023], [177.70582531349885, -38.25064934791946], [177.70740296729247, -38.24417175872431], [177.69753002069666, -38.24240199548329], [177.51986346599907, -38.21074573611874], [175.60710473683108, -37.851068280365], [175.6058391851564, -37.851053250154926], [175.59835950005763, -37.87361215387726], [175.5747652422212, -37.94741184727697], [175.52192272086242, -38.11357450488152], [175.27325806442283, -38.88685799652393], [175.25343021890333, -38.94792530124806], [175.05635597665486, -39.549502639047326], [175.05441445344383, -39.55666070809143], [176.25918896739734, -39.78695510913643], [177.18425228480987, -39.95432658116713]]]}",https://code.earthengine.google.com/?asset=LANDSAT/LC09/C02/T1_L2/LC09_072087_20230408,,LANDSAT/LC09/C02/T1_L2,,,30.0,LANDSAT/LC09/C02/T1_L2,
landsat,SR,LANDSAT/LC09/C02/T1_L2/LC09_072087_20230424,post,2023-04-24T22:00:04.332000+00:00,2023-04-25T10:00:04.332000+12:00,,,,,,,,19.85,296834.84313725395,0.9999794700902666,0.9999999999999984,"{""type"": ""Polygon"", ""coordinates"": [[[175.59740441601426, -37.85068274616068], [175.59604619135817, -37.85066649703605], [175.59353744996525, -37.85814297441682], [175.58471864484778, -37.88571647490936], [175.56666744067954, -37.94244704282981], [175.51234365635722, -38.11345369368445], [175.31615609961676, -38.7250196679883], [175.2631853041839, -38.8886009576113], [175.0555346596331, -39.522964872394674], [175.04787537377666, -39.547166863537065], [175.04523083171856, -39.556360408388585], [175.0640406450659, -39.56008015854086], [176.4964068863053, -39.83201576689814], [177.19867827838706, -39.958153847790136], [177.65392568331916, -38.400438383808506], [177.69296537380288, -38.261273084650405], [177.69727578535236, -38.24499567022099], [177.6972627013299, -38.2436217232353], [176.4610413648527, -38.01733868805995], [175.59740441601426, -37.85068274616068]]]}",https://code.earthengine.google.com/?asset=LANDSAT/LC09/C02/T1_L2/LC09_072087_20230424,,LANDSAT/LC09/C02/T1_L2,,,30.0,LANDSAT/LC09/C02/T1_L2,
lidar,DEM,01HQPRNZW7PKPYY1MPMNQS1JBW:BJ38_10000_0305,post,,,2023-02-25T11:00:00Z,2023-03-14T11:00:00Z,collection,,,,,,,,0.0678725299106033,"{""type"": ""Polygon"", ""coordinates"": [[[176.7013362, -39.2981631], [176.7047557, -39.3629054], [176.7603548, -39.3611197], [176.7568842, -39.2963814], [176.7013362, -39.2981631]]]}",https://nz-elevation.s3.ap-southeast-2.amazonaws.com/hawkes-bay/gisborne-and-hawkes-bay-cyclone-gabrielle-river-flood_2023/dem_1m/2193/BJ38_10000_0305.json,"{""visual"": ""https://nz-elevation.s3.ap-southeast-2.amazonaws.com/hawkes-bay/gisborne-and-hawkes-bay-cyclone-gabrielle-river-flood_2023/dem_1m/2193/BJ38_10000_0305.tiff""}",https://nz-elevation.s3.ap-southeast-2.amazonaws.com/hawkes-bay/gisborne-and-hawkes-bay-cyclone-gabrielle-river-flood_2023,BJ38_10000_0305,,1.0,01HQPRNZW7PKPYY1MPMNQS1JBW,tile_capture_dates_unresolved_collection_interval_only;vertical_datum_unresolved
lidar,DEM,01HQPRNZW7PKPYY1MPMNQS1JBW:BJ38_10000_0405,post,,,2023-02-25T11:00:00Z,2023-03-14T11:00:00Z,collection,,,,,,,,0.0383155040600897,"{""type"": ""Polygon"", ""coordinates"": [[[176.7047557, -39.3629054], [176.7081863, -39.4276467], [176.7638366, -39.4258569], [176.7603548, -39.3611197], [176.7047557, -39.3629054]]]}",https://nz-elevation.s3.ap-southeast-2.amazonaws.com/hawkes-bay/gisborne-and-hawkes-bay-cyclone-gabrielle-river-flood_2023/dem_1m/2193/BJ38_10000_0405.json,"{""visual"": ""https://nz-elevation.s3.ap-southeast-2.amazonaws.com/hawkes-bay/gisborne-and-hawkes-bay-cyclone-gabrielle-river-flood_2023/dem_1m/2193/BJ38_10000_0405.tiff""}",https://nz-elevation.s3.ap-southeast-2.amazonaws.com/hawkes-bay/gisborne-and-hawkes-bay-cyclone-gabrielle-river-flood_2023,BJ38_10000_0405,,1.0,01HQPRNZW7PKPYY1MPMNQS1JBW,tile_capture_dates_unresolved_collection_interval_only;vertical_datum_unresolved
lidar,DEM,01HQPRNZW7PKPYY1MPMNQS1JBW:BJ39_10000_0102,post,,,2023-02-25T11:00:00Z,2023-03-14T11:00:00Z,collection,,,,,,,,0.003800000195915,"{""type"": ""Polygon"", ""coordinates"": [[[176.805418, -39.1651022], [176.808917, -39.2298383], [176.8644043, -39.228008], [176.8608546, -39.1632761], [176.805418, -39.1651022]]]}",https://nz-elevation.s3.ap-southeast-2.amazonaws.com/hawkes-bay/gisborne-and-hawkes-bay-cyclone-gabrielle-river-flood_2023/dem_1m/2193/BJ39_10000_0102.json,"{""visual"": ""https://nz-elevation.s3.ap-southeast-2.amazonaws.com/hawkes-bay/gisborne-and-hawkes-bay-cyclone-gabrielle-river-flood_2023/dem_1m/2193/BJ39_10000_0102.tiff""}",https://nz-elevation.s3.ap-southeast-2.amazonaws.com/hawkes-bay/gisborne-and-hawkes-bay-cyclone-gabrielle-river-flood_2023,BJ39_10000_0102,,1.0,01HQPRNZW7PKPYY1MPMNQS1JBW,tile_capture_dates_unresolved_collection_interval_only;vertical_datum_unresolved
lidar,DEM,01HQPRNZW7PKPYY1MPMNQS1JBW:BJ39_10000_0202,post,,,2023-02-25T11:00:00Z,2023-03-14T11:00:00Z,collection,,,,,,,,0.0294151181647893,"{""type"": ""Polygon"", ""coordinates"": [[[176.808917, -39.2298383], [176.8124273, -39.2945733], [176.8679654, -39.2927388], [176.8644043, -39.228008], [176.808917, -39.2298383]]]}",https://nz-elevation.s3.ap-southeast-2.amazonaws.com/hawkes-bay/gisborne-and-hawkes-bay-cyclone-gabrielle-river-flood_2023/dem_1m/2193/BJ39_10000_0202.json,"{""visual"": ""https://nz-elevation.s3.ap-southeast-2.amazonaws.com/hawkes-bay/gisborne-and-hawkes-bay-cyclone-gabrielle-river-flood_2023/dem_1m/2193/BJ39_10000_0202.tiff""}",https://nz-elevation.s3.ap-southeast-2.amazonaws.com/hawkes-bay/gisborne-and-hawkes-bay-cyclone-gabrielle-river-flood_2023,BJ39_10000_0202,,1.0,01HQPRNZW7PKPYY1MPMNQS1JBW,tile_capture_dates_unresolved_collection_interval_only;vertical_datum_unresolved
lidar,DEM,01HQPRNZW7PKPYY1MPMNQS1JBW:BJ39_10000_0301,post,,,2023-02-25T11:00:00Z,2023-03-14T11:00:00Z,collection,,,,,,,,0.1290252710461616,"{""type"": ""Polygon"", ""coordinates"": [[[176.7568842, -39.2963814], [176.7603548, -39.3611197], [176.8159489, -39.3593074], [176.8124273, -39.2945733], [176.7568842, -39.2963814]]]}",https://nz-elevation.s3.ap-southeast-2.amazonaws.com/hawkes-bay/gisborne-and-hawkes-bay-cyclone-gabrielle-river-flood_2023/dem_1m/2193/BJ39_10000_0301.json,"{""visual"": ""https://nz-elevation.s3.ap-southeast-2.amazonaws.com/hawkes-bay/gisborne-and-hawkes-bay-cyclone-gabrielle-river-flood_2023/dem_1m/2193/BJ39_10000_0301.tiff""}",https://nz-elevation.s3.ap-southeast-2.amazonaws.com/hawkes-bay/gisborne-and-hawkes-bay-cyclone-gabrielle-river-flood_2023,BJ39_10000_0301,,1.0,01HQPRNZW7PKPYY1MPMNQS1JBW,tile_capture_dates_unresolved_collection_interval_only;vertical_datum_unresolved
lidar,DEM,01HQPRNZW7PKPYY1MPMNQS1JBW:BJ39_10000_0302,post,,,2023-02-25T11:00:00Z,2023-03-14T11:00:00Z,collection,,,,,,,,0.035506380120867,"{""type"": ""Polygon"", ""coordinates"": [[[176.8124273, -39.2945733], [176.8159489, -39.3593074], [176.871538, -39.3574687], [176.8679654, -39.2927388], [176.8124273, -39.2945733]]]}",https://nz-elevation.s3.ap-southeast-2.amazonaws.com/hawkes-bay/gisborne-and-hawkes-bay-cyclone-gabrielle-river-flood_2023/dem_1m/2193/BJ39_10000_0302.json,"{""visual"": ""https://nz-elevation.s3.ap-southeast-2.amazonaws.com/hawkes-bay/gisborne-and-hawkes-bay-cyclone-gabrielle-river-flood_2023/dem_1m/2193/BJ39_10000_0302.tiff""}",https://nz-elevation.s3.ap-southeast-2.amazonaws.com/hawkes-bay/gisborne-and-hawkes-bay-cyclone-gabrielle-river-flood_2023,BJ39_10000_0302,,1.0,01HQPRNZW7PKPYY1MPMNQS1JBW,tile_capture_dates_unresolved_collection_interval_only;vertical_datum_unresolved
lidar,DEM,01HQPRNZW7PKPYY1MPMNQS1JBW:BJ39_10000_0401,post,,,2023-02-25T11:00:00Z,2023-03-14T11:00:00Z,collection,,,,,,,,0.0881301311074448,"{""type"": ""Polygon"", ""coordinates"": [[[176.7603548, -39.3611197], [176.7638366, -39.4258569], [176.8194819, -39.4240405], [176.8159489, -39.3593074], [176.7603548, -39.3611197]]]}",https://nz-elevation.s3.ap-southeast-2.amazonaws.com/hawkes-bay/gisborne-and-hawkes-bay-cyclone-gabrielle-river-flood_2023/dem_1m/2193/BJ39_10000_0401.json,"{""visual"": ""https://nz-elevation.s3.ap-southeast-2.amazonaws.com/hawkes-bay/gisborne-and-hawkes-bay-cyclone-gabrielle-river-flood_2023/dem_1m/2193/BJ39_10000_0401.tiff""}",https://nz-elevation.s3.ap-southeast-2.amazonaws.com/hawkes-bay/gisborne-and-hawkes-bay-cyclone-gabrielle-river-flood_2023,BJ39_10000_0401,,1.0,01HQPRNZW7PKPYY1MPMNQS1JBW,tile_capture_dates_unresolved_collection_interval_only;vertical_datum_unresolved
lidar,DEM,01HQPRNZW7PKPYY1MPMNQS1JBW:BJ39_10000_0402,post,,,2023-02-25T11:00:00Z,2023-03-14T11:00:00Z,collection,,,,,,,,0.0627484004405019,"{""type"": ""Polygon"", ""coordinates"": [[[176.8159489, -39.3593074], [176.8194819, -39.4240405], [176.8751221, -39.4221976], [176.871538, -39.3574687], [176.8159489, -39.3593074]]]}",https://nz-elevation.s3.ap-southeast-2.amazonaws.com/hawkes-bay/gisborne-and-hawkes-bay-cyclone-gabrielle-river-flood_2023/dem_1m/2193/BJ39_10000_0402.json,"{""visual"": ""https://nz-elevation.s3.ap-southeast-2.amazonaws.com/hawkes-bay/gisborne-and-hawkes-bay-cyclone-gabrielle-river-flood_2023/dem_1m/2193/BJ39_10000_0402.tiff""}",https://nz-elevation.s3.ap-southeast-2.amazonaws.com/hawkes-bay/gisborne-and-hawkes-bay-cyclone-gabrielle-river-flood_2023,BJ39_10000_0402,,1.0,01HQPRNZW7PKPYY1MPMNQS1JBW,tile_capture_dates_unresolved_collection_interval_only;vertical_datum_unresolved
lidar,DEM,01HQPRNZW7PKPYY1MPMNQS1JBW:BJ39_10000_0403,post,,,2023-02-25T11:00:00Z,2023-03-14T11:00:00Z,collection,,,,,,,,0.0066450529547265,"{""type"": ""Polygon"", ""coordinates"": [[[176.871538, -39.3574687], [176.8751221, -39.4221976], [176.9307572, -39.4203281], [176.9271219, -39.3556035], [176.871538, -39.3574687]]]}",https://nz-elevation.s3.ap-southeast-2.amazonaws.com/hawkes-bay/gisborne-and-hawkes-bay-cyclone-gabrielle-river-flood_2023/dem_1m/2193/BJ39_10000_0403.json,"{""visual"": ""https://nz-elevation.s3.ap-southeast-2.amazonaws.com/hawkes-bay/gisborne-and-hawkes-bay-cyclone-gabrielle-river-flood_2023/dem_1m/2193/BJ39_10000_0403.tiff""}",https://nz-elevation.s3.ap-southeast-2.amazonaws.com/hawkes-bay/gisborne-and-hawkes-bay-cyclone-gabrielle-river-flood_2023,BJ39_10000_0403,,1.0,01HQPRNZW7PKPYY1MPMNQS1JBW,tile_capture_dates_unresolved_collection_interval_only;vertical_datum_unresolved
lidar,DSM,01HQPRZF3K0Y1A1V5R4ND8G48V:BJ38_10000_0305,post,,,2023-02-25T11:00:00Z,2023-03-14T11:00:00Z,collection,,,,,,,,0.0678725299106033,"{""type"": ""Polygon"", ""coordinates"": [[[176.7013362, -39.2981631], [176.7047557, -39.3629054], [176.7603548, -39.3611197], [176.7568842, -39.2963814], [176.7013362, -39.2981631]]]}",https://nz-elevation.s3.ap-southeast-2.amazonaws.com/hawkes-bay/gisborne-and-hawkes-bay-cyclone-gabrielle-river-flood_2023/dsm_1m/2193/BJ38_10000_0305.json,"{""visual"": ""https://nz-elevation.s3.ap-southeast-2.amazonaws.com/hawkes-bay/gisborne-and-hawkes-bay-cyclone-gabrielle-river-flood_2023/dsm_1m/2193/BJ38_10000_0305.tiff""}",https://nz-elevation.s3.ap-southeast-2.amazonaws.com/hawkes-bay/gisborne-and-hawkes-bay-cyclone-gabrielle-river-flood_2023,BJ38_10000_0305,,1.0,01HQPRZF3K0Y1A1V5R4ND8G48V,tile_capture_dates_unresolved_collection_interval_only;vertical_datum_unresolved
lidar,DSM,01HQPRZF3K0Y1A1V5R4ND8G48V:BJ38_10000_0405,post,,,2023-02-25T11:00:00Z,2023-03-14T11:00:00Z,collection,,,,,,,,0.0383155040600897,"{""type"": ""Polygon"", ""coordinates"": [[[176.7047557, -39.3629054], [176.7081863, -39.4276467], [176.7638366, -39.4258569], [176.7603548, -39.3611197], [176.7047557, -39.3629054]]]}",https://nz-elevation.s3.ap-southeast-2.amazonaws.com/hawkes-bay/gisborne-and-hawkes-bay-cyclone-gabrielle-river-flood_2023/dsm_1m/2193/BJ38_10000_0405.json,"{""visual"": ""https://nz-elevation.s3.ap-southeast-2.amazonaws.com/hawkes-bay/gisborne-and-hawkes-bay-cyclone-gabrielle-river-flood_2023/dsm_1m/2193/BJ38_10000_0405.tiff""}",https://nz-elevation.s3.ap-southeast-2.amazonaws.com/hawkes-bay/gisborne-and-hawkes-bay-cyclone-gabrielle-river-flood_2023,BJ38_10000_0405,,1.0,01HQPRZF3K0Y1A1V5R4ND8G48V,tile_capture_dates_unresolved_collection_interval_only;vertical_datum_unresolved
lidar,DSM,01HQPRZF3K0Y1A1V5R4ND8G48V:BJ39_10000_0102,post,,,2023-02-25T11:00:00Z,2023-03-14T11:00:00Z,collection,,,,,,,,0.003800000195915,"{""type"": ""Polygon"", ""coordinates"": [[[176.805418, -39.1651022], [176.808917, -39.2298383], [176.8644043, -39.228008], [176.8608546, -39.1632761], [176.805418, -39.1651022]]]}",https://nz-elevation.s3.ap-southeast-2.amazonaws.com/hawkes-bay/gisborne-and-hawkes-bay-cyclone-gabrielle-river-flood_2023/dsm_1m/2193/BJ39_10000_0102.json,"{""visual"": ""https://nz-elevation.s3.ap-southeast-2.amazonaws.com/hawkes-bay/gisborne-and-hawkes-bay-cyclone-gabrielle-river-flood_2023/dsm_1m/2193/BJ39_10000_0102.tiff""}",https://nz-elevation.s3.ap-southeast-2.amazonaws.com/hawkes-bay/gisborne-and-hawkes-bay-cyclone-gabrielle-river-flood_2023,BJ39_10000_0102,,1.0,01HQPRZF3K0Y1A1V5R4ND8G48V,tile_capture_dates_unresolved_collection_interval_only;vertical_datum_unresolved
lidar,DSM,01HQPRZF3K0Y1A1V5R4ND8G48V:BJ39_10000_0202,post,,,2023-02-25T11:00:00Z,2023-03-14T11:00:00Z,collection,,,,,,,,0.0294151181647893,"{""type"": ""Polygon"", ""coordinates"": [[[176.808917, -39.2298383], [176.8124273, -39.2945733], [176.8679654, -39.2927388], [176.8644043, -39.228008], [176.808917, -39.2298383]]]}",https://nz-elevation.s3.ap-southeast-2.amazonaws.com/hawkes-bay/gisborne-and-hawkes-bay-cyclone-gabrielle-river-flood_2023/dsm_1m/2193/BJ39_10000_0202.json,"{""visual"": ""https://nz-elevation.s3.ap-southeast-2.amazonaws.com/hawkes-bay/gisborne-and-hawkes-bay-cyclone-gabrielle-river-flood_2023/dsm_1m/2193/BJ39_10000_0202.tiff""}",https://nz-elevation.s3.ap-southeast-2.amazonaws.com/hawkes-bay/gisborne-and-hawkes-bay-cyclone-gabrielle-river-flood_2023,BJ39_10000_0202,,1.0,01HQPRZF3K0Y1A1V5R4ND8G48V,tile_capture_dates_unresolved_collection_interval_only;vertical_datum_unresolved
lidar,DSM,01HQPRZF3K0Y1A1V5R4ND8G48V:BJ39_10000_0301,post,,,2023-02-25T11:00:00Z,2023-03-14T11:00:00Z,collection,,,,,,,,0.1290252710461616,"{""type"": ""Polygon"", ""coordinates"": [[[176.7568842, -39.2963814], [176.7603548, -39.3611197], [176.8159489, -39.3593074], [176.8124273, -39.2945733], [176.7568842, -39.2963814]]]}",https://nz-elevation.s3.ap-southeast-2.amazonaws.com/hawkes-bay/gisborne-and-hawkes-bay-cyclone-gabrielle-river-flood_2023/dsm_1m/2193/BJ39_10000_0301.json,"{""visual"": ""https://nz-elevation.s3.ap-southeast-2.amazonaws.com/hawkes-bay/gisborne-and-hawkes-bay-cyclone-gabrielle-river-flood_2023/dsm_1m/2193/BJ39_10000_0301.tiff""}",https://nz-elevation.s3.ap-southeast-2.amazonaws.com/hawkes-bay/gisborne-and-hawkes-bay-cyclone-gabrielle-river-flood_2023,BJ39_10000_0301,,1.0,01HQPRZF3K0Y1A1V5R4ND8G48V,tile_capture_dates_unresolved_collection_interval_only;vertical_datum_unresolved
lidar,DSM,01HQPRZF3K0Y1A1V5R4ND8G48V:BJ39_10000_0302,post,,,2023-02-25T11:00:00Z,2023-03-14T11:00:00Z,collection,,,,,,,,0.035506380120867,"{""type"": ""Polygon"", ""coordinates"": [[[176.8124273, -39.2945733], [176.8159489, -39.3593074], [176.871538, -39.3574687], [176.8679654, -39.2927388], [176.8124273, -39.2945733]]]}",https://nz-elevation.s3.ap-southeast-2.amazonaws.com/hawkes-bay/gisborne-and-hawkes-bay-cyclone-gabrielle-river-flood_2023/dsm_1m/2193/BJ39_10000_0302.json,"{""visual"": ""https://nz-elevation.s3.ap-southeast-2.amazonaws.com/hawkes-bay/gisborne-and-hawkes-bay-cyclone-gabrielle-river-flood_2023/dsm_1m/2193/BJ39_10000_0302.tiff""}",https://nz-elevation.s3.ap-southeast-2.amazonaws.com/hawkes-bay/gisborne-and-hawkes-bay-cyclone-gabrielle-river-flood_2023,BJ39_10000_0302,,1.0,01HQPRZF3K0Y1A1V5R4ND8G48V,tile_capture_dates_unresolved_collection_interval_only;vertical_datum_unresolved
lidar,DSM,01HQPRZF3K0Y1A1V5R4ND8G48V:BJ39_10000_0401,post,,,2023-02-25T11:00:00Z,2023-03-14T11:00:00Z,collection,,,,,,,,0.0881301311074448,"{""type"": ""Polygon"", ""coordinates"": [[[176.7603548, -39.3611197], [176.7638366, -39.4258569], [176.8194819, -39.4240405], [176.8159489, -39.3593074], [176.7603548, -39.3611197]]]}",https://nz-elevation.s3.ap-southeast-2.amazonaws.com/hawkes-bay/gisborne-and-hawkes-bay-cyclone-gabrielle-river-flood_2023/dsm_1m/2193/BJ39_10000_0401.json,"{""visual"": ""https://nz-elevation.s3.ap-southeast-2.amazonaws.com/hawkes-bay/gisborne-and-hawkes-bay-cyclone-gabrielle-river-flood_2023/dsm_1m/2193/BJ39_10000_0401.tiff""}",https://nz-elevation.s3.ap-southeast-2.amazonaws.com/hawkes-bay/gisborne-and-hawkes-bay-cyclone-gabrielle-river-flood_2023,BJ39_10000_0401,,1.0,01HQPRZF3K0Y1A1V5R4ND8G48V,tile_capture_dates_unresolved_collection_interval_only;vertical_datum_unresolved
lidar,DSM,01HQPRZF3K0Y1A1V5R4ND8G48V:BJ39_10000_0402,post,,,2023-02-25T11:00:00Z,2023-03-14T11:00:00Z,collection,,,,,,,,0.0627484004405019,"{""type"": ""Polygon"", ""coordinates"": [[[176.8159489, -39.3593074], [176.8194819, -39.4240405], [176.8751221, -39.4221976], [176.871538, -39.3574687], [176.8159489, -39.3593074]]]}",https://nz-elevation.s3.ap-southeast-2.amazonaws.com/hawkes-bay/gisborne-and-hawkes-bay-cyclone-gabrielle-river-flood_2023/dsm_1m/2193/BJ39_10000_0402.json,"{""visual"": ""https://nz-elevation.s3.ap-southeast-2.amazonaws.com/hawkes-bay/gisborne-and-hawkes-bay-cyclone-gabrielle-river-flood_2023/dsm_1m/2193/BJ39_10000_0402.tiff""}",https://nz-elevation.s3.ap-southeast-2.amazonaws.com/hawkes-bay/gisborne-and-hawkes-bay-cyclone-gabrielle-river-flood_2023,BJ39_10000_0402,,1.0,01HQPRZF3K0Y1A1V5R4ND8G48V,tile_capture_dates_unresolved_collection_interval_only;vertical_datum_unresolved
lidar,DSM,01HQPRZF3K0Y1A1V5R4ND8G48V:BJ39_10000_0403,post,,,2023-02-25T11:00:00Z,2023-03-14T11:00:00Z,collection,,,,,,,,0.0066450529547265,"{""type"": ""Polygon"", ""coordinates"": [[[176.871538, -39.3574687], [176.8751221, -39.4221976], [176.9307572, -39.4203281], [176.9271219, -39.3556035], [176.871538, -39.3574687]]]}",https://nz-elevation.s3.ap-southeast-2.amazonaws.com/hawkes-bay/gisborne-and-hawkes-bay-cyclone-gabrielle-river-flood_2023/dsm_1m/2193/BJ39_10000_0403.json,"{""visual"": ""https://nz-elevation.s3.ap-southeast-2.amazonaws.com/hawkes-bay/gisborne-and-hawkes-bay-cyclone-gabrielle-river-flood_2023/dsm_1m/2193/BJ39_10000_0403.tiff""}",https://nz-elevation.s3.ap-southeast-2.amazonaws.com/hawkes-bay/gisborne-and-hawkes-bay-cyclone-gabrielle-river-flood_2023,BJ39_10000_0403,,1.0,01HQPRZF3K0Y1A1V5R4ND8G48V,tile_capture_dates_unresolved_collection_interval_only;vertical_datum_unresolved
lidar,DEM,01HQPRKWAJPZEDENJPH4Q6HPXZ:BH38_10000_0505,pre,,,2020-11-10T11:00:00Z,2021-01-23T11:00:00Z,collection,,,,,,,,0.0281314091056023,"{""type"": ""Polygon"", ""coordinates"": [[[176.6911433, -39.1039304], [176.69453, -39.1686756], [176.7499765, -39.1669021], [176.7465392, -39.1021609], [176.6911433, -39.1039304]]]}",https://nz-elevation.s3.ap-southeast-2.amazonaws.com/hawkes-bay/hawkes-bay_2020-2021/dem_1m/2193/BH38_10000_0505.json,"{""visual"": ""https://nz-elevation.s3.ap-southeast-2.amazonaws.com/hawkes-bay/hawkes-bay_2020-2021/dem_1m/2193/BH38_10000_0505.tiff""}",https://nz-elevation.s3.ap-southeast-2.amazonaws.com/hawkes-bay/hawkes-bay_2020-2021,BH38_10000_0505,,1.0,01HQPRKWAJPZEDENJPH4Q6HPXZ,tile_capture_dates_unresolved_collection_interval_only;vertical_datum_unresolved
lidar,DEM,01HQPRKWAJPZEDENJPH4Q6HPXZ:BH39_10000_0501,pre,,,2020-11-10T11:00:00Z,2021-01-23T11:00:00Z,collection,,,,,,,,0.0214944439269775,"{""type"": ""Polygon"", ""coordinates"": [[[176.7465392, -39.1021609], [176.7499765, -39.1669021], [176.805418, -39.1651022], [176.8019303, -39.1003652], [176.7465392, -39.1021609]]]}",https://nz-elevation.s3.ap-southeast-2.amazonaws.com/hawkes-bay/hawkes-bay_2020-2021/dem_1m/2193/BH39_10000_0501.json,"{""visual"": ""https://nz-elevation.s3.ap-southeast-2.amazonaws.com/hawkes-bay/hawkes-bay_2020-2021/dem_1m/2193/BH39_10000_0501.tiff""}",https://nz-elevation.s3.ap-southeast-2.amazonaws.com/hawkes-bay/hawkes-bay_2020-2021,BH39_10000_0501,,1.0,01HQPRKWAJPZEDENJPH4Q6HPXZ,tile_capture_dates_unresolved_collection_interval_only;vertical_datum_unresolved
lidar,DEM,01HQPRKWAJPZEDENJPH4Q6HPXZ:BJ38_10000_0104,pre,,,2020-11-10T11:00:00Z,2021-01-23T11:00:00Z,collection,,,,,,,,0.0096791641748142,"{""type"": ""Polygon"", ""coordinates"": [[[176.6390786, -39.1704228], [176.6424255, -39.2351711], [176.6979276, -39.2334198], [176.69453, -39.1686756], [176.6390786, -39.1704228]]]}",https://nz-elevation.s3.ap-southeast-2.amazonaws.com/hawkes-bay/hawkes-bay_2020-2021/dem_1m/2193/BJ38_10000_0104.json,"{""visual"": ""https://nz-elevation.s3.ap-southeast-2.amazonaws.com/hawkes-bay/hawkes-bay_2020-2021/dem_1m/2193/BJ38_10000_0104.tiff""}",https://nz-elevation.s3.ap-southeast-2.amazonaws.com/hawkes-bay/hawkes-bay_2020-2021,BJ38_10000_0104,,1.0,01HQPRKWAJPZEDENJPH4Q6HPXZ,tile_capture_dates_unresolved_collection_interval_only;vertical_datum_unresolved
lidar,DEM,01HQPRKWAJPZEDENJPH4Q6HPXZ:BJ38_10000_0105,pre,,,2020-11-10T11:00:00Z,2021-01-23T11:00:00Z,collection,,,,,,,,0.1211089293187085,"{""type"": ""Polygon"", ""coordinates"": [[[176.69453, -39.1686756], [176.6979276, -39.2334198], [176.7534248, -39.2316423], [176.7499765, -39.1669021], [176.69453, -39.1686756]]]}",https://nz-elevation.s3.ap-southeast-2.amazonaws.com/hawkes-bay/hawkes-bay_2020-2021/dem_1m/2193/BJ38_10000_0105.json,"{""visual"": ""https://nz-elevation.s3.ap-southeast-2.amazonaws.com/hawkes-bay/hawkes-bay_2020-2021/dem_1m/2193/BJ38_10000_0105.tiff""}",https://nz-elevation.s3.ap-southeast-2.amazonaws.com/hawkes-bay/hawkes-bay_2020-2021,BJ38_10000_0105,,1.0,01HQPRKWAJPZEDENJPH4Q6HPXZ,tile_capture_dates_unresolved_collection_interval_only;vertical_datum_unresolved
lidar,DEM,01HQPRKWAJPZEDENJPH4Q6HPXZ:BJ38_10000_0204,pre,,,2020-11-10T11:00:00Z,2021-01-23T11:00:00Z,collection,,,,,,,,0.0038873472779516,"{""type"": ""Polygon"", ""coordinates"": [[[176.6424255, -39.2351711], [176.6457832, -39.2999183], [176.7013362, -39.2981631], [176.6979276, -39.2334198], [176.6424255, -39.2351711]]]}",https://nz-elevation.s3.ap-southeast-2.amazonaws.com/hawkes-bay/hawkes-bay_2020-2021/dem_1m/2193/BJ38_10000_0204.json,"{""visual"": ""https://nz-elevation.s3.ap-southeast-2.amazonaws.com/hawkes-bay/hawkes-bay_2020-2021/dem_1m/2193/BJ38_10000_0204.tiff""}",https://nz-elevation.s3.ap-southeast-2.amazonaws.com/hawkes-bay/hawkes-bay_2020-2021,BJ38_10000_0204,,1.0,01HQPRKWAJPZEDENJPH4Q6HPXZ,tile_capture_dates_unresolved_collection_interval_only;vertical_datum_unresolved
lidar,DEM,01HQPRKWAJPZEDENJPH4Q6HPXZ:BJ38_10000_0205,pre,,,2020-11-10T11:00:00Z,2021-01-23T11:00:00Z,collection,,,,,,,,0.1133873283430913,"{""type"": ""Polygon"", ""coordinates"": [[[176.6979276, -39.2334198], [176.7013362, -39.2981631], [176.7568842, -39.2963814], [176.7534248, -39.2316423], [176.6979276, -39.2334198]]]}",https://nz-elevation.s3.ap-southeast-2.amazonaws.com/hawkes-bay/hawkes-bay_2020-2021/dem_1m/2193/BJ38_10000_0205.json,"{""visual"": ""https://nz-elevation.s3.ap-southeast-2.amazonaws.com/hawkes-bay/hawkes-bay_2020-2021/dem_1m/2193/BJ38_10000_0205.tiff""}",https://nz-elevation.s3.ap-southeast-2.amazonaws.com/hawkes-bay/hawkes-bay_2020-2021,BJ38_10000_0205,,1.0,01HQPRKWAJPZEDENJPH4Q6HPXZ,tile_capture_dates_unresolved_collection_interval_only;vertical_datum_unresolved
lidar,DEM,01HQPRKWAJPZEDENJPH4Q6HPXZ:BJ38_10000_0305,pre,,,2020-11-10T11:00:00Z,2021-01-23T11:00:00Z,collection,,,,,,,,0.0678725299106033,"{""type"": ""Polygon"", ""coordinates"": [[[176.7013362, -39.2981631], [176.7047557, -39.3629054], [176.7603548, -39.3611197], [176.7568842, -39.2963814], [176.7013362, -39.2981631]]]}",https://nz-elevation.s3.ap-southeast-2.amazonaws.com/hawkes-bay/hawkes-bay_2020-2021/dem_1m/2193/BJ38_10000_0305.json,"{""visual"": ""https://nz-elevation.s3.ap-southeast-2.amazonaws.com/hawkes-bay/hawkes-bay_2020-2021/dem_1m/2193/BJ38_10000_0305.tiff""}",https://nz-elevation.s3.ap-southeast-2.amazonaws.com/hawkes-bay/hawkes-bay_2020-2021,BJ38_10000_0305,,1.0,01HQPRKWAJPZEDENJPH4Q6HPXZ,tile_capture_dates_unresolved_collection_interval_only;vertical_datum_unresolved
lidar,DEM,01HQPRKWAJPZEDENJPH4Q6HPXZ:BJ38_10000_0405,pre,,,2020-11-10T11:00:00Z,2021-01-23T11:00:00Z,collection,,,,,,,,0.0383155040600897,"{""type"": ""Polygon"", ""coordinates"": [[[176.7047557, -39.3629054], [176.7081863, -39.4276467], [176.7638366, -39.4258569], [176.7603548, -39.3611197], [176.7047557, -39.3629054]]]}",https://nz-elevation.s3.ap-southeast-2.amazonaws.com/hawkes-bay/hawkes-bay_2020-2021/dem_1m/2193/BJ38_10000_0405.json,"{""visual"": ""https://nz-elevation.s3.ap-southeast-2.amazonaws.com/hawkes-bay/hawkes-bay_2020-2021/dem_1m/2193/BJ38_10000_0405.tiff""}",https://nz-elevation.s3.ap-southeast-2.amazonaws.com/hawkes-bay/hawkes-bay_2020-2021,BJ38_10000_0405,,1.0,01HQPRKWAJPZEDENJPH4Q6HPXZ,tile_capture_dates_unresolved_collection_interval_only;vertical_datum_unresolved
lidar,DEM,01HQPRKWAJPZEDENJPH4Q6HPXZ:BJ39_10000_0101,pre,,,2020-11-10T11:00:00Z,2021-01-23T11:00:00Z,collection,,,,,,,,0.1118280351293398,"{""type"": ""Polygon"", ""coordinates"": [[[176.7499765, -39.1669021], [176.7534248, -39.2316423], [176.808917, -39.2298383], [176.805418, -39.1651022], [176.7499765, -39.1669021]]]}",https://nz-elevation.s3.ap-southeast-2.amazonaws.com/hawkes-bay/hawkes-bay_2020-2021/dem_1m/2193/BJ39_10000_0101.json,"{""visual"": ""https://nz-elevation.s3.ap-southeast-2.amazonaws.com/hawkes-bay/hawkes-bay_2020-2021/dem_1m/2193/BJ39_10000_0101.tiff""}",https://nz-elevation.s3.ap-southeast-2.amazonaws.com/hawkes-bay/hawkes-bay_2020-2021,BJ39_10000_0101,,1.0,01HQPRKWAJPZEDENJPH4Q6HPXZ,tile_capture_dates_unresolved_collection_interval_only;vertical_datum_unresolved
lidar,DEM,01HQPRKWAJPZEDENJPH4Q6HPXZ:BJ39_10000_0102,pre,,,2020-11-10T11:00:00Z,2021-01-23T11:00:00Z,collection,,,,,,,,0.003800000195915,"{""type"": ""Polygon"", ""coordinates"": [[[176.805418, -39.1651022], [176.808917, -39.2298383], [176.8644043, -39.228008], [176.8608546, -39.1632761], [176.805418, -39.1651022]]]}",https://nz-elevation.s3.ap-southeast-2.amazonaws.com/hawkes-bay/hawkes-bay_2020-2021/dem_1m/2193/BJ39_10000_0102.json,"{""visual"": ""https://nz-elevation.s3.ap-southeast-2.amazonaws.com/hawkes-bay/hawkes-bay_2020-2021/dem_1m/2193/BJ39_10000_0102.tiff""}",https://nz-elevation.s3.ap-southeast-2.amazonaws.com/hawkes-bay/hawkes-bay_2020-2021,BJ39_10000_0102,,1.0,01HQPRKWAJPZEDENJPH4Q6HPXZ,tile_capture_dates_unresolved_collection_interval_only;vertical_datum_unresolved
lidar,DEM,01HQPRKWAJPZEDENJPH4Q6HPXZ:BJ39_10000_0201,pre,,,2020-11-10T11:00:00Z,2021-01-23T11:00:00Z,collection,,,,,,,,0.129024954722384,"{""type"": ""Polygon"", ""coordinates"": [[[176.7534248, -39.2316423], [176.7568842, -39.2963814], [176.8124273, -39.2945733], [176.808917, -39.2298383], [176.7534248, -39.2316423]]]}",https://nz-elevation.s3.ap-southeast-2.amazonaws.com/hawkes-bay/hawkes-bay_2020-2021/dem_1m/2193/BJ39_10000_0201.json,"{""visual"": ""https://nz-elevation.s3.ap-southeast-2.amazonaws.com/hawkes-bay/hawkes-bay_2020-2021/dem_1m/2193/BJ39_10000_0201.tiff""}",https://nz-elevation.s3.ap-southeast-2.amazonaws.com/hawkes-bay/hawkes-bay_2020-2021,BJ39_10000_0201,,1.0,01HQPRKWAJPZEDENJPH4Q6HPXZ,tile_capture_dates_unresolved_collection_interval_only;vertical_datum_unresolved
lidar,DEM,01HQPRKWAJPZEDENJPH4Q6HPXZ:BJ39_10000_0202,pre,,,2020-11-10T11:00:00Z,2021-01-23T11:00:00Z,collection,,,,,,,,0.0294151181647893,"{""type"": ""Polygon"", ""coordinates"": [[[176.808917, -39.2298383], [176.8124273, -39.2945733], [176.8679654, -39.2927388], [176.8644043, -39.228008], [176.808917, -39.2298383]]]}",https://nz-elevation.s3.ap-southeast-2.amazonaws.com/hawkes-bay/hawkes-bay_2020-2021/dem_1m/2193/BJ39_10000_0202.json,"{""visual"": ""https://nz-elevation.s3.ap-southeast-2.amazonaws.com/hawkes-bay/hawkes-bay_2020-2021/dem_1m/2193/BJ39_10000_0202.tiff""}",https://nz-elevation.s3.ap-southeast-2.amazonaws.com/hawkes-bay/hawkes-bay_2020-2021,BJ39_10000_0202,,1.0,01HQPRKWAJPZEDENJPH4Q6HPXZ,tile_capture_dates_unresolved_collection_interval_only;vertical_datum_unresolved
lidar,DEM,01HQPRKWAJPZEDENJPH4Q6HPXZ:BJ39_10000_0301,pre,,,2020-11-10T11:00:00Z,2021-01-23T11:00:00Z,collection,,,,,,,,0.1290252710461616,"{""type"": ""Polygon"", ""coordinates"": [[[176.7568842, -39.2963814], [176.7603548, -39.3611197], [176.8159489, -39.3593074], [176.8124273, -39.2945733], [176.7568842, -39.2963814]]]}",https://nz-elevation.s3.ap-southeast-2.amazonaws.com/hawkes-bay/hawkes-bay_2020-2021/dem_1m/2193/BJ39_10000_0301.json,"{""visual"": ""https://nz-elevation.s3.ap-southeast-2.amazonaws.com/hawkes-bay/hawkes-bay_2020-2021/dem_1m/2193/BJ39_10000_0301.tiff""}",https://nz-elevation.s3.ap-southeast-2.amazonaws.com/hawkes-bay/hawkes-bay_2020-2021,BJ39_10000_0301,,1.0,01HQPRKWAJPZEDENJPH4Q6HPXZ,tile_capture_dates_unresolved_collection_interval_only;vertical_datum_unresolved
lidar,DEM,01HQPRKWAJPZEDENJPH4Q6HPXZ:BJ39_10000_0302,pre,,,2020-11-10T11:00:00Z,2021-01-23T11:00:00Z,collection,,,,,,,,0.035506380120867,"{""type"": ""Polygon"", ""coordinates"": [[[176.8124273, -39.2945733], [176.8159489, -39.3593074], [176.871538, -39.3574687], [176.8679654, -39.2927388], [176.8124273, -39.2945733]]]}",https://nz-elevation.s3.ap-southeast-2.amazonaws.com/hawkes-bay/hawkes-bay_2020-2021/dem_1m/2193/BJ39_10000_0302.json,"{""visual"": ""https://nz-elevation.s3.ap-southeast-2.amazonaws.com/hawkes-bay/hawkes-bay_2020-2021/dem_1m/2193/BJ39_10000_0302.tiff""}",https://nz-elevation.s3.ap-southeast-2.amazonaws.com/hawkes-bay/hawkes-bay_2020-2021,BJ39_10000_0302,,1.0,01HQPRKWAJPZEDENJPH4Q6HPXZ,tile_capture_dates_unresolved_collection_interval_only;vertical_datum_unresolved
lidar,DEM,01HQPRKWAJPZEDENJPH4Q6HPXZ:BJ39_10000_0401,pre,,,2020-11-10T11:00:00Z,2021-01-23T11:00:00Z,collection,,,,,,,,0.0881301311074448,"{""type"": ""Polygon"", ""coordinates"": [[[176.7603548, -39.3611197], [176.7638366, -39.4258569], [176.8194819, -39.4240405], [176.8159489, -39.3593074], [176.7603548, -39.3611197]]]}",https://nz-elevation.s3.ap-southeast-2.amazonaws.com/hawkes-bay/hawkes-bay_2020-2021/dem_1m/2193/BJ39_10000_0401.json,"{""visual"": ""https://nz-elevation.s3.ap-southeast-2.amazonaws.com/hawkes-bay/hawkes-bay_2020-2021/dem_1m/2193/BJ39_10000_0401.tiff""}",https://nz-elevation.s3.ap-southeast-2.amazonaws.com/hawkes-bay/hawkes-bay_2020-2021,BJ39_10000_0401,,1.0,01HQPRKWAJPZEDENJPH4Q6HPXZ,tile_capture_dates_unresolved_collection_interval_only;vertical_datum_unresolved
lidar,DEM,01HQPRKWAJPZEDENJPH4Q6HPXZ:BJ39_10000_0402,pre,,,2020-11-10T11:00:00Z,2021-01-23T11:00:00Z,collection,,,,,,,,0.0627484004405019,"{""type"": ""Polygon"", ""coordinates"": [[[176.8159489, -39.3593074], [176.8194819, -39.4240405], [176.8751221, -39.4221976], [176.871538, -39.3574687], [176.8159489, -39.3593074]]]}",https://nz-elevation.s3.ap-southeast-2.amazonaws.com/hawkes-bay/hawkes-bay_2020-2021/dem_1m/2193/BJ39_10000_0402.json,"{""visual"": ""https://nz-elevation.s3.ap-southeast-2.amazonaws.com/hawkes-bay/hawkes-bay_2020-2021/dem_1m/2193/BJ39_10000_0402.tiff""}",https://nz-elevation.s3.ap-southeast-2.amazonaws.com/hawkes-bay/hawkes-bay_2020-2021,BJ39_10000_0402,,1.0,01HQPRKWAJPZEDENJPH4Q6HPXZ,tile_capture_dates_unresolved_collection_interval_only;vertical_datum_unresolved
lidar,DEM,01HQPRKWAJPZEDENJPH4Q6HPXZ:BJ39_10000_0403,pre,,,2020-11-10T11:00:00Z,2021-01-23T11:00:00Z,collection,,,,,,,,0.0066450529547265,"{""type"": ""Polygon"", ""coordinates"": [[[176.871538, -39.3574687], [176.8751221, -39.4221976], [176.9307572, -39.4203281], [176.9271219, -39.3556035], [176.871538, -39.3574687]]]}",https://nz-elevation.s3.ap-southeast-2.amazonaws.com/hawkes-bay/hawkes-bay_2020-2021/dem_1m/2193/BJ39_10000_0403.json,"{""visual"": ""https://nz-elevation.s3.ap-southeast-2.amazonaws.com/hawkes-bay/hawkes-bay_2020-2021/dem_1m/2193/BJ39_10000_0403.tiff""}",https://nz-elevation.s3.ap-southeast-2.amazonaws.com/hawkes-bay/hawkes-bay_2020-2021,BJ39_10000_0403,,1.0,01HQPRKWAJPZEDENJPH4Q6HPXZ,tile_capture_dates_unresolved_collection_interval_only;vertical_datum_unresolved
lidar,DSM,01HQPRNN2M56N08D9DXW3S272J:BH38_10000_0505,pre,,,2020-11-10T11:00:00Z,2021-01-23T11:00:00Z,collection,,,,,,,,0.0281314091056023,"{""type"": ""Polygon"", ""coordinates"": [[[176.6911433, -39.1039304], [176.69453, -39.1686756], [176.7499765, -39.1669021], [176.7465392, -39.1021609], [176.6911433, -39.1039304]]]}",https://nz-elevation.s3.ap-southeast-2.amazonaws.com/hawkes-bay/hawkes-bay_2020-2021/dsm_1m/2193/BH38_10000_0505.json,"{""visual"": ""https://nz-elevation.s3.ap-southeast-2.amazonaws.com/hawkes-bay/hawkes-bay_2020-2021/dsm_1m/2193/BH38_10000_0505.tiff""}",https://nz-elevation.s3.ap-southeast-2.amazonaws.com/hawkes-bay/hawkes-bay_2020-2021,BH38_10000_0505,,1.0,01HQPRNN2M56N08D9DXW3S272J,tile_capture_dates_unresolved_collection_interval_only;vertical_datum_unresolved
lidar,DSM,01HQPRNN2M56N08D9DXW3S272J:BH39_10000_0501,pre,,,2020-11-10T11:00:00Z,2021-01-23T11:00:00Z,collection,,,,,,,,0.0214944439269775,"{""type"": ""Polygon"", ""coordinates"": [[[176.7465392, -39.1021609], [176.7499765, -39.1669021], [176.805418, -39.1651022], [176.8019303, -39.1003652], [176.7465392, -39.1021609]]]}",https://nz-elevation.s3.ap-southeast-2.amazonaws.com/hawkes-bay/hawkes-bay_2020-2021/dsm_1m/2193/BH39_10000_0501.json,"{""visual"": ""https://nz-elevation.s3.ap-southeast-2.amazonaws.com/hawkes-bay/hawkes-bay_2020-2021/dsm_1m/2193/BH39_10000_0501.tiff""}",https://nz-elevation.s3.ap-southeast-2.amazonaws.com/hawkes-bay/hawkes-bay_2020-2021,BH39_10000_0501,,1.0,01HQPRNN2M56N08D9DXW3S272J,tile_capture_dates_unresolved_collection_interval_only;vertical_datum_unresolved
lidar,DSM,01HQPRNN2M56N08D9DXW3S272J:BJ38_10000_0104,pre,,,2020-11-10T11:00:00Z,2021-01-23T11:00:00Z,collection,,,,,,,,0.0096791641748142,"{""type"": ""Polygon"", ""coordinates"": [[[176.6390786, -39.1704228], [176.6424255, -39.2351711], [176.6979276, -39.2334198], [176.69453, -39.1686756], [176.6390786, -39.1704228]]]}",https://nz-elevation.s3.ap-southeast-2.amazonaws.com/hawkes-bay/hawkes-bay_2020-2021/dsm_1m/2193/BJ38_10000_0104.json,"{""visual"": ""https://nz-elevation.s3.ap-southeast-2.amazonaws.com/hawkes-bay/hawkes-bay_2020-2021/dsm_1m/2193/BJ38_10000_0104.tiff""}",https://nz-elevation.s3.ap-southeast-2.amazonaws.com/hawkes-bay/hawkes-bay_2020-2021,BJ38_10000_0104,,1.0,01HQPRNN2M56N08D9DXW3S272J,tile_capture_dates_unresolved_collection_interval_only;vertical_datum_unresolved
lidar,DSM,01HQPRNN2M56N08D9DXW3S272J:BJ38_10000_0105,pre,,,2020-11-10T11:00:00Z,2021-01-23T11:00:00Z,collection,,,,,,,,0.1211089293187085,"{""type"": ""Polygon"", ""coordinates"": [[[176.69453, -39.1686756], [176.6979276, -39.2334198], [176.7534248, -39.2316423], [176.7499765, -39.1669021], [176.69453, -39.1686756]]]}",https://nz-elevation.s3.ap-southeast-2.amazonaws.com/hawkes-bay/hawkes-bay_2020-2021/dsm_1m/2193/BJ38_10000_0105.json,"{""visual"": ""https://nz-elevation.s3.ap-southeast-2.amazonaws.com/hawkes-bay/hawkes-bay_2020-2021/dsm_1m/2193/BJ38_10000_0105.tiff""}",https://nz-elevation.s3.ap-southeast-2.amazonaws.com/hawkes-bay/hawkes-bay_2020-2021,BJ38_10000_0105,,1.0,01HQPRNN2M56N08D9DXW3S272J,tile_capture_dates_unresolved_collection_interval_only;vertical_datum_unresolved
lidar,DSM,01HQPRNN2M56N08D9DXW3S272J:BJ38_10000_0204,pre,,,2020-11-10T11:00:00Z,2021-01-23T11:00:00Z,collection,,,,,,,,0.0038873472779516,"{""type"": ""Polygon"", ""coordinates"": [[[176.6424255, -39.2351711], [176.6457832, -39.2999183], [176.7013362, -39.2981631], [176.6979276, -39.2334198], [176.6424255, -39.2351711]]]}",https://nz-elevation.s3.ap-southeast-2.amazonaws.com/hawkes-bay/hawkes-bay_2020-2021/dsm_1m/2193/BJ38_10000_0204.json,"{""visual"": ""https://nz-elevation.s3.ap-southeast-2.amazonaws.com/hawkes-bay/hawkes-bay_2020-2021/dsm_1m/2193/BJ38_10000_0204.tiff""}",https://nz-elevation.s3.ap-southeast-2.amazonaws.com/hawkes-bay/hawkes-bay_2020-2021,BJ38_10000_0204,,1.0,01HQPRNN2M56N08D9DXW3S272J,tile_capture_dates_unresolved_collection_interval_only;vertical_datum_unresolved
lidar,DSM,01HQPRNN2M56N08D9DXW3S272J:BJ38_10000_0205,pre,,,2020-11-10T11:00:00Z,2021-01-23T11:00:00Z,collection,,,,,,,,0.1133873283430913,"{""type"": ""Polygon"", ""coordinates"": [[[176.6979276, -39.2334198], [176.7013362, -39.2981631], [176.7568842, -39.2963814], [176.7534248, -39.2316423], [176.6979276, -39.2334198]]]}",https://nz-elevation.s3.ap-southeast-2.amazonaws.com/hawkes-bay/hawkes-bay_2020-2021/dsm_1m/2193/BJ38_10000_0205.json,"{""visual"": ""https://nz-elevation.s3.ap-southeast-2.amazonaws.com/hawkes-bay/hawkes-bay_2020-2021/dsm_1m/2193/BJ38_10000_0205.tiff""}",https://nz-elevation.s3.ap-southeast-2.amazonaws.com/hawkes-bay/hawkes-bay_2020-2021,BJ38_10000_0205,,1.0,01HQPRNN2M56N08D9DXW3S272J,tile_capture_dates_unresolved_collection_interval_only;vertical_datum_unresolved
lidar,DSM,01HQPRNN2M56N08D9DXW3S272J:BJ38_10000_0305,pre,,,2020-11-10T11:00:00Z,2021-01-23T11:00:00Z,collection,,,,,,,,0.0678725299106033,"{""type"": ""Polygon"", ""coordinates"": [[[176.7013362, -39.2981631], [176.7047557, -39.3629054], [176.7603548, -39.3611197], [176.7568842, -39.2963814], [176.7013362, -39.2981631]]]}",https://nz-elevation.s3.ap-southeast-2.amazonaws.com/hawkes-bay/hawkes-bay_2020-2021/dsm_1m/2193/BJ38_10000_0305.json,"{""visual"": ""https://nz-elevation.s3.ap-southeast-2.amazonaws.com/hawkes-bay/hawkes-bay_2020-2021/dsm_1m/2193/BJ38_10000_0305.tiff""}",https://nz-elevation.s3.ap-southeast-2.amazonaws.com/hawkes-bay/hawkes-bay_2020-2021,BJ38_10000_0305,,1.0,01HQPRNN2M56N08D9DXW3S272J,tile_capture_dates_unresolved_collection_interval_only;vertical_datum_unresolved
lidar,DSM,01HQPRNN2M56N08D9DXW3S272J:BJ38_10000_0405,pre,,,2020-11-10T11:00:00Z,2021-01-23T11:00:00Z,collection,,,,,,,,0.0383155040600897,"{""type"": ""Polygon"", ""coordinates"": [[[176.7047557, -39.3629054], [176.7081863, -39.4276467], [176.7638366, -39.4258569], [176.7603548, -39.3611197], [176.7047557, -39.3629054]]]}",https://nz-elevation.s3.ap-southeast-2.amazonaws.com/hawkes-bay/hawkes-bay_2020-2021/dsm_1m/2193/BJ38_10000_0405.json,"{""visual"": ""https://nz-elevation.s3.ap-southeast-2.amazonaws.com/hawkes-bay/hawkes-bay_2020-2021/dsm_1m/2193/BJ38_10000_0405.tiff""}",https://nz-elevation.s3.ap-southeast-2.amazonaws.com/hawkes-bay/hawkes-bay_2020-2021,BJ38_10000_0405,,1.0,01HQPRNN2M56N08D9DXW3S272J,tile_capture_dates_unresolved_collection_interval_only;vertical_datum_unresolved
lidar,DSM,01HQPRNN2M56N08D9DXW3S272J:BJ39_10000_0101,pre,,,2020-11-10T11:00:00Z,2021-01-23T11:00:00Z,collection,,,,,,,,0.1118280351293398,"{""type"": ""Polygon"", ""coordinates"": [[[176.7499765, -39.1669021], [176.7534248, -39.2316423], [176.808917, -39.2298383], [176.805418, -39.1651022], [176.7499765, -39.1669021]]]}",https://nz-elevation.s3.ap-southeast-2.amazonaws.com/hawkes-bay/hawkes-bay_2020-2021/dsm_1m/2193/BJ39_10000_0101.json,"{""visual"": ""https://nz-elevation.s3.ap-southeast-2.amazonaws.com/hawkes-bay/hawkes-bay_2020-2021/dsm_1m/2193/BJ39_10000_0101.tiff""}",https://nz-elevation.s3.ap-southeast-2.amazonaws.com/hawkes-bay/hawkes-bay_2020-2021,BJ39_10000_0101,,1.0,01HQPRNN2M56N08D9DXW3S272J,tile_capture_dates_unresolved_collection_interval_only;vertical_datum_unresolved
lidar,DSM,01HQPRNN2M56N08D9DXW3S272J:BJ39_10000_0102,pre,,,2020-11-10T11:00:00Z,2021-01-23T11:00:00Z,collection,,,,,,,,0.003800000195915,"{""type"": ""Polygon"", ""coordinates"": [[[176.805418, -39.1651022], [176.808917, -39.2298383], [176.8644043, -39.228008], [176.8608546, -39.1632761], [176.805418, -39.1651022]]]}",https://nz-elevation.s3.ap-southeast-2.amazonaws.com/hawkes-bay/hawkes-bay_2020-2021/dsm_1m/2193/BJ39_10000_0102.json,"{""visual"": ""https://nz-elevation.s3.ap-southeast-2.amazonaws.com/hawkes-bay/hawkes-bay_2020-2021/dsm_1m/2193/BJ39_10000_0102.tiff""}",https://nz-elevation.s3.ap-southeast-2.amazonaws.com/hawkes-bay/hawkes-bay_2020-2021,BJ39_10000_0102,,1.0,01HQPRNN2M56N08D9DXW3S272J,tile_capture_dates_unresolved_collection_interval_only;vertical_datum_unresolved
lidar,DSM,01HQPRNN2M56N08D9DXW3S272J:BJ39_10000_0201,pre,,,2020-11-10T11:00:00Z,2021-01-23T11:00:00Z,collection,,,,,,,,0.129024954722384,"{""type"": ""Polygon"", ""coordinates"": [[[176.7534248, -39.2316423], [176.7568842, -39.2963814], [176.8124273, -39.2945733], [176.808917, -39.2298383], [176.7534248, -39.2316423]]]}",https://nz-elevation.s3.ap-southeast-2.amazonaws.com/hawkes-bay/hawkes-bay_2020-2021/dsm_1m/2193/BJ39_10000_0201.json,"{""visual"": ""https://nz-elevation.s3.ap-southeast-2.amazonaws.com/hawkes-bay/hawkes-bay_2020-2021/dsm_1m/2193/BJ39_10000_0201.tiff""}",https://nz-elevation.s3.ap-southeast-2.amazonaws.com/hawkes-bay/hawkes-bay_2020-2021,BJ39_10000_0201,,1.0,01HQPRNN2M56N08D9DXW3S272J,tile_capture_dates_unresolved_collection_interval_only;vertical_datum_unresolved
lidar,DSM,01HQPRNN2M56N08D9DXW3S272J:BJ39_10000_0202,pre,,,2020-11-10T11:00:00Z,2021-01-23T11:00:00Z,collection,,,,,,,,0.0294151181647893,"{""type"": ""Polygon"", ""coordinates"": [[[176.808917, -39.2298383], [176.8124273, -39.2945733], [176.8679654, -39.2927388], [176.8644043, -39.228008], [176.808917, -39.2298383]]]}",https://nz-elevation.s3.ap-southeast-2.amazonaws.com/hawkes-bay/hawkes-bay_2020-2021/dsm_1m/2193/BJ39_10000_0202.json,"{""visual"": ""https://nz-elevation.s3.ap-southeast-2.amazonaws.com/hawkes-bay/hawkes-bay_2020-2021/dsm_1m/2193/BJ39_10000_0202.tiff""}",https://nz-elevation.s3.ap-southeast-2.amazonaws.com/hawkes-bay/hawkes-bay_2020-2021,BJ39_10000_0202,,1.0,01HQPRNN2M56N08D9DXW3S272J,tile_capture_dates_unresolved_collection_interval_only;vertical_datum_unresolved
lidar,DSM,01HQPRNN2M56N08D9DXW3S272J:BJ39_10000_0301,pre,,,2020-11-10T11:00:00Z,2021-01-23T11:00:00Z,collection,,,,,,,,0.1290252710461616,"{""type"": ""Polygon"", ""coordinates"": [[[176.7568842, -39.2963814], [176.7603548, -39.3611197], [176.8159489, -39.3593074], [176.8124273, -39.2945733], [176.7568842, -39.2963814]]]}",https://nz-elevation.s3.ap-southeast-2.amazonaws.com/hawkes-bay/hawkes-bay_2020-2021/dsm_1m/2193/BJ39_10000_0301.json,"{""visual"": ""https://nz-elevation.s3.ap-southeast-2.amazonaws.com/hawkes-bay/hawkes-bay_2020-2021/dsm_1m/2193/BJ39_10000_0301.tiff""}",https://nz-elevation.s3.ap-southeast-2.amazonaws.com/hawkes-bay/hawkes-bay_2020-2021,BJ39_10000_0301,,1.0,01HQPRNN2M56N08D9DXW3S272J,tile_capture_dates_unresolved_collection_interval_only;vertical_datum_unresolved
lidar,DSM,01HQPRNN2M56N08D9DXW3S272J:BJ39_10000_0302,pre,,,2020-11-10T11:00:00Z,2021-01-23T11:00:00Z,collection,,,,,,,,0.035506380120867,"{""type"": ""Polygon"", ""coordinates"": [[[176.8124273, -39.2945733], [176.8159489, -39.3593074], [176.871538, -39.3574687], [176.8679654, -39.2927388], [176.8124273, -39.2945733]]]}",https://nz-elevation.s3.ap-southeast-2.amazonaws.com/hawkes-bay/hawkes-bay_2020-2021/dsm_1m/2193/BJ39_10000_0302.json,"{""visual"": ""https://nz-elevation.s3.ap-southeast-2.amazonaws.com/hawkes-bay/hawkes-bay_2020-2021/dsm_1m/2193/BJ39_10000_0302.tiff""}",https://nz-elevation.s3.ap-southeast-2.amazonaws.com/hawkes-bay/hawkes-bay_2020-2021,BJ39_10000_0302,,1.0,01HQPRNN2M56N08D9DXW3S272J,tile_capture_dates_unresolved_collection_interval_only;vertical_datum_unresolved
lidar,DSM,01HQPRNN2M56N08D9DXW3S272J:BJ39_10000_0401,pre,,,2020-11-10T11:00:00Z,2021-01-23T11:00:00Z,collection,,,,,,,,0.0881301311074448,"{""type"": ""Polygon"", ""coordinates"": [[[176.7603548, -39.3611197], [176.7638366, -39.4258569], [176.8194819, -39.4240405], [176.8159489, -39.3593074], [176.7603548, -39.3611197]]]}",https://nz-elevation.s3.ap-southeast-2.amazonaws.com/hawkes-bay/hawkes-bay_2020-2021/dsm_1m/2193/BJ39_10000_0401.json,"{""visual"": ""https://nz-elevation.s3.ap-southeast-2.amazonaws.com/hawkes-bay/hawkes-bay_2020-2021/dsm_1m/2193/BJ39_10000_0401.tiff""}",https://nz-elevation.s3.ap-southeast-2.amazonaws.com/hawkes-bay/hawkes-bay_2020-2021,BJ39_10000_0401,,1.0,01HQPRNN2M56N08D9DXW3S272J,tile_capture_dates_unresolved_collection_interval_only;vertical_datum_unresolved
lidar,DSM,01HQPRNN2M56N08D9DXW3S272J:BJ39_10000_0402,pre,,,2020-11-10T11:00:00Z,2021-01-23T11:00:00Z,collection,,,,,,,,0.0627484004405019,"{""type"": ""Polygon"", ""coordinates"": [[[176.8159489, -39.3593074], [176.8194819, -39.4240405], [176.8751221, -39.4221976], [176.871538, -39.3574687], [176.8159489, -39.3593074]]]}",https://nz-elevation.s3.ap-southeast-2.amazonaws.com/hawkes-bay/hawkes-bay_2020-2021/dsm_1m/2193/BJ39_10000_0402.json,"{""visual"": ""https://nz-elevation.s3.ap-southeast-2.amazonaws.com/hawkes-bay/hawkes-bay_2020-2021/dsm_1m/2193/BJ39_10000_0402.tiff""}",https://nz-elevation.s3.ap-southeast-2.amazonaws.com/hawkes-bay/hawkes-bay_2020-2021,BJ39_10000_0402,,1.0,01HQPRNN2M56N08D9DXW3S272J,tile_capture_dates_unresolved_collection_interval_only;vertical_datum_unresolved
lidar,DSM,01HQPRNN2M56N08D9DXW3S272J:BJ39_10000_0403,pre,,,2020-11-10T11:00:00Z,2021-01-23T11:00:00Z,collection,,,,,,,,0.0066450529547265,"{""type"": ""Polygon"", ""coordinates"": [[[176.871538, -39.3574687], [176.8751221, -39.4221976], [176.9307572, -39.4203281], [176.9271219, -39.3556035], [176.871538, -39.3574687]]]}",https://nz-elevation.s3.ap-southeast-2.amazonaws.com/hawkes-bay/hawkes-bay_2020-2021/dsm_1m/2193/BJ39_10000_0403.json,"{""visual"": ""https://nz-elevation.s3.ap-southeast-2.amazonaws.com/hawkes-bay/hawkes-bay_2020-2021/dsm_1m/2193/BJ39_10000_0403.tiff""}",https://nz-elevation.s3.ap-southeast-2.amazonaws.com/hawkes-bay/hawkes-bay_2020-2021,BJ39_10000_0403,,1.0,01HQPRNN2M56N08D9DXW3S272J,tile_capture_dates_unresolved_collection_interval_only;vertical_datum_unresolved
lidar,DEM,01HYCJ3EXF37J4A9130AH7Q2RF:BH38_10000_0505,post,,,2023-09-19T12:00:00Z,2024-04-26T12:00:00Z,collection,,,,,,,,0.0281314091056023,"{""type"": ""Polygon"", ""coordinates"": [[[176.6911433, -39.1039304], [176.69453, -39.1686756], [176.7499765, -39.1669021], [176.7465392, -39.1021609], [176.6911433, -39.1039304]]]}",https://nz-elevation.s3.ap-southeast-2.amazonaws.com/hawkes-bay/hawkes-bay_2023/dem_1m/2193/BH38_10000_0505.json,"{""visual"": ""https://nz-elevation.s3.ap-southeast-2.amazonaws.com/hawkes-bay/hawkes-bay_2023/dem_1m/2193/BH38_10000_0505.tiff""}",https://nz-elevation.s3.ap-southeast-2.amazonaws.com/hawkes-bay/hawkes-bay_2023,BH38_10000_0505,,1.0,01HYCJ3EXF37J4A9130AH7Q2RF,tile_capture_dates_unresolved_collection_interval_only;vertical_datum_unresolved;late_post_management_regrowth_confounding
lidar,DEM,01HYCJ3EXF37J4A9130AH7Q2RF:BH39_10000_0501,post,,,2023-09-19T12:00:00Z,2024-04-26T12:00:00Z,collection,,,,,,,,0.0214944439269775,"{""type"": ""Polygon"", ""coordinates"": [[[176.7465392, -39.1021609], [176.7499765, -39.1669021], [176.805418, -39.1651022], [176.8019303, -39.1003652], [176.7465392, -39.1021609]]]}",https://nz-elevation.s3.ap-southeast-2.amazonaws.com/hawkes-bay/hawkes-bay_2023/dem_1m/2193/BH39_10000_0501.json,"{""visual"": ""https://nz-elevation.s3.ap-southeast-2.amazonaws.com/hawkes-bay/hawkes-bay_2023/dem_1m/2193/BH39_10000_0501.tiff""}",https://nz-elevation.s3.ap-southeast-2.amazonaws.com/hawkes-bay/hawkes-bay_2023,BH39_10000_0501,,1.0,01HYCJ3EXF37J4A9130AH7Q2RF,tile_capture_dates_unresolved_collection_interval_only;vertical_datum_unresolved;late_post_management_regrowth_confounding
lidar,DEM,01HYCJ3EXF37J4A9130AH7Q2RF:BJ38_10000_0104,post,,,2023-09-19T12:00:00Z,2024-04-26T12:00:00Z,collection,,,,,,,,0.0096791641748142,"{""type"": ""Polygon"", ""coordinates"": [[[176.6390786, -39.1704228], [176.6424255, -39.2351711], [176.6979276, -39.2334198], [176.69453, -39.1686756], [176.6390786, -39.1704228]]]}",https://nz-elevation.s3.ap-southeast-2.amazonaws.com/hawkes-bay/hawkes-bay_2023/dem_1m/2193/BJ38_10000_0104.json,"{""visual"": ""https://nz-elevation.s3.ap-southeast-2.amazonaws.com/hawkes-bay/hawkes-bay_2023/dem_1m/2193/BJ38_10000_0104.tiff""}",https://nz-elevation.s3.ap-southeast-2.amazonaws.com/hawkes-bay/hawkes-bay_2023,BJ38_10000_0104,,1.0,01HYCJ3EXF37J4A9130AH7Q2RF,tile_capture_dates_unresolved_collection_interval_only;vertical_datum_unresolved;late_post_management_regrowth_confounding
lidar,DEM,01HYCJ3EXF37J4A9130AH7Q2RF:BJ38_10000_0105,post,,,2023-09-19T12:00:00Z,2024-04-26T12:00:00Z,collection,,,,,,,,0.1211089293187085,"{""type"": ""Polygon"", ""coordinates"": [[[176.69453, -39.1686756], [176.6979276, -39.2334198], [176.7534248, -39.2316423], [176.7499765, -39.1669021], [176.69453, -39.1686756]]]}",https://nz-elevation.s3.ap-southeast-2.amazonaws.com/hawkes-bay/hawkes-bay_2023/dem_1m/2193/BJ38_10000_0105.json,"{""visual"": ""https://nz-elevation.s3.ap-southeast-2.amazonaws.com/hawkes-bay/hawkes-bay_2023/dem_1m/2193/BJ38_10000_0105.tiff""}",https://nz-elevation.s3.ap-southeast-2.amazonaws.com/hawkes-bay/hawkes-bay_2023,BJ38_10000_0105,,1.0,01HYCJ3EXF37J4A9130AH7Q2RF,tile_capture_dates_unresolved_collection_interval_only;vertical_datum_unresolved;late_post_management_regrowth_confounding
lidar,DEM,01HYCJ3EXF37J4A9130AH7Q2RF:BJ38_10000_0204,post,,,2023-09-19T12:00:00Z,2024-04-26T12:00:00Z,collection,,,,,,,,0.0038873472779516,"{""type"": ""Polygon"", ""coordinates"": [[[176.6424255, -39.2351711], [176.6457832, -39.2999183], [176.7013362, -39.2981631], [176.6979276, -39.2334198], [176.6424255, -39.2351711]]]}",https://nz-elevation.s3.ap-southeast-2.amazonaws.com/hawkes-bay/hawkes-bay_2023/dem_1m/2193/BJ38_10000_0204.json,"{""visual"": ""https://nz-elevation.s3.ap-southeast-2.amazonaws.com/hawkes-bay/hawkes-bay_2023/dem_1m/2193/BJ38_10000_0204.tiff""}",https://nz-elevation.s3.ap-southeast-2.amazonaws.com/hawkes-bay/hawkes-bay_2023,BJ38_10000_0204,,1.0,01HYCJ3EXF37J4A9130AH7Q2RF,tile_capture_dates_unresolved_collection_interval_only;vertical_datum_unresolved;late_post_management_regrowth_confounding
lidar,DEM,01HYCJ3EXF37J4A9130AH7Q2RF:BJ38_10000_0205,post,,,2023-09-19T12:00:00Z,2024-04-26T12:00:00Z,collection,,,,,,,,0.1133873283430913,"{""type"": ""Polygon"", ""coordinates"": [[[176.6979276, -39.2334198], [176.7013362, -39.2981631], [176.7568842, -39.2963814], [176.7534248, -39.2316423], [176.6979276, -39.2334198]]]}",https://nz-elevation.s3.ap-southeast-2.amazonaws.com/hawkes-bay/hawkes-bay_2023/dem_1m/2193/BJ38_10000_0205.json,"{""visual"": ""https://nz-elevation.s3.ap-southeast-2.amazonaws.com/hawkes-bay/hawkes-bay_2023/dem_1m/2193/BJ38_10000_0205.tiff""}",https://nz-elevation.s3.ap-southeast-2.amazonaws.com/hawkes-bay/hawkes-bay_2023,BJ38_10000_0205,,1.0,01HYCJ3EXF37J4A9130AH7Q2RF,tile_capture_dates_unresolved_collection_interval_only;vertical_datum_unresolved;late_post_management_regrowth_confounding
lidar,DEM,01HYCJ3EXF37J4A9130AH7Q2RF:BJ38_10000_0305,post,,,2023-09-19T12:00:00Z,2024-04-26T12:00:00Z,collection,,,,,,,,0.0678725299106033,"{""type"": ""Polygon"", ""coordinates"": [[[176.7013362, -39.2981631], [176.7047557, -39.3629054], [176.7603548, -39.3611197], [176.7568842, -39.2963814], [176.7013362, -39.2981631]]]}",https://nz-elevation.s3.ap-southeast-2.amazonaws.com/hawkes-bay/hawkes-bay_2023/dem_1m/2193/BJ38_10000_0305.json,"{""visual"": ""https://nz-elevation.s3.ap-southeast-2.amazonaws.com/hawkes-bay/hawkes-bay_2023/dem_1m/2193/BJ38_10000_0305.tiff""}",https://nz-elevation.s3.ap-southeast-2.amazonaws.com/hawkes-bay/hawkes-bay_2023,BJ38_10000_0305,,1.0,01HYCJ3EXF37J4A9130AH7Q2RF,tile_capture_dates_unresolved_collection_interval_only;vertical_datum_unresolved;late_post_management_regrowth_confounding
lidar,DEM,01HYCJ3EXF37J4A9130AH7Q2RF:BJ38_10000_0405,post,,,2023-09-19T12:00:00Z,2024-04-26T12:00:00Z,collection,,,,,,,,0.0383155040600897,"{""type"": ""Polygon"", ""coordinates"": [[[176.7047557, -39.3629054], [176.7081863, -39.4276467], [176.7638366, -39.4258569], [176.7603548, -39.3611197], [176.7047557, -39.3629054]]]}",https://nz-elevation.s3.ap-southeast-2.amazonaws.com/hawkes-bay/hawkes-bay_2023/dem_1m/2193/BJ38_10000_0405.json,"{""visual"": ""https://nz-elevation.s3.ap-southeast-2.amazonaws.com/hawkes-bay/hawkes-bay_2023/dem_1m/2193/BJ38_10000_0405.tiff""}",https://nz-elevation.s3.ap-southeast-2.amazonaws.com/hawkes-bay/hawkes-bay_2023,BJ38_10000_0405,,1.0,01HYCJ3EXF37J4A9130AH7Q2RF,tile_capture_dates_unresolved_collection_interval_only;vertical_datum_unresolved;late_post_management_regrowth_confounding
lidar,DEM,01HYCJ3EXF37J4A9130AH7Q2RF:BJ39_10000_0101,post,,,2023-09-19T12:00:00Z,2024-04-26T12:00:00Z,collection,,,,,,,,0.1118280351293398,"{""type"": ""Polygon"", ""coordinates"": [[[176.7499765, -39.1669021], [176.7534248, -39.2316423], [176.808917, -39.2298383], [176.805418, -39.1651022], [176.7499765, -39.1669021]]]}",https://nz-elevation.s3.ap-southeast-2.amazonaws.com/hawkes-bay/hawkes-bay_2023/dem_1m/2193/BJ39_10000_0101.json,"{""visual"": ""https://nz-elevation.s3.ap-southeast-2.amazonaws.com/hawkes-bay/hawkes-bay_2023/dem_1m/2193/BJ39_10000_0101.tiff""}",https://nz-elevation.s3.ap-southeast-2.amazonaws.com/hawkes-bay/hawkes-bay_2023,BJ39_10000_0101,,1.0,01HYCJ3EXF37J4A9130AH7Q2RF,tile_capture_dates_unresolved_collection_interval_only;vertical_datum_unresolved;late_post_management_regrowth_confounding
lidar,DEM,01HYCJ3EXF37J4A9130AH7Q2RF:BJ39_10000_0102,post,,,2023-09-19T12:00:00Z,2024-04-26T12:00:00Z,collection,,,,,,,,0.003800000195915,"{""type"": ""Polygon"", ""coordinates"": [[[176.805418, -39.1651022], [176.808917, -39.2298383], [176.8644043, -39.228008], [176.8608546, -39.1632761], [176.805418, -39.1651022]]]}",https://nz-elevation.s3.ap-southeast-2.amazonaws.com/hawkes-bay/hawkes-bay_2023/dem_1m/2193/BJ39_10000_0102.json,"{""visual"": ""https://nz-elevation.s3.ap-southeast-2.amazonaws.com/hawkes-bay/hawkes-bay_2023/dem_1m/2193/BJ39_10000_0102.tiff""}",https://nz-elevation.s3.ap-southeast-2.amazonaws.com/hawkes-bay/hawkes-bay_2023,BJ39_10000_0102,,1.0,01HYCJ3EXF37J4A9130AH7Q2RF,tile_capture_dates_unresolved_collection_interval_only;vertical_datum_unresolved;late_post_management_regrowth_confounding
lidar,DEM,01HYCJ3EXF37J4A9130AH7Q2RF:BJ39_10000_0201,post,,,2023-09-19T12:00:00Z,2024-04-26T12:00:00Z,collection,,,,,,,,0.129024954722384,"{""type"": ""Polygon"", ""coordinates"": [[[176.7534248, -39.2316423], [176.7568842, -39.2963814], [176.8124273, -39.2945733], [176.808917, -39.2298383], [176.7534248, -39.2316423]]]}",https://nz-elevation.s3.ap-southeast-2.amazonaws.com/hawkes-bay/hawkes-bay_2023/dem_1m/2193/BJ39_10000_0201.json,"{""visual"": ""https://nz-elevation.s3.ap-southeast-2.amazonaws.com/hawkes-bay/hawkes-bay_2023/dem_1m/2193/BJ39_10000_0201.tiff""}",https://nz-elevation.s3.ap-southeast-2.amazonaws.com/hawkes-bay/hawkes-bay_2023,BJ39_10000_0201,,1.0,01HYCJ3EXF37J4A9130AH7Q2RF,tile_capture_dates_unresolved_collection_interval_only;vertical_datum_unresolved;late_post_management_regrowth_confounding
lidar,DEM,01HYCJ3EXF37J4A9130AH7Q2RF:BJ39_10000_0202,post,,,2023-09-19T12:00:00Z,2024-04-26T12:00:00Z,collection,,,,,,,,0.0294151181647893,"{""type"": ""Polygon"", ""coordinates"": [[[176.808917, -39.2298383], [176.8124273, -39.2945733], [176.8679654, -39.2927388], [176.8644043, -39.228008], [176.808917, -39.2298383]]]}",https://nz-elevation.s3.ap-southeast-2.amazonaws.com/hawkes-bay/hawkes-bay_2023/dem_1m/2193/BJ39_10000_0202.json,"{""visual"": ""https://nz-elevation.s3.ap-southeast-2.amazonaws.com/hawkes-bay/hawkes-bay_2023/dem_1m/2193/BJ39_10000_0202.tiff""}",https://nz-elevation.s3.ap-southeast-2.amazonaws.com/hawkes-bay/hawkes-bay_2023,BJ39_10000_0202,,1.0,01HYCJ3EXF37J4A9130AH7Q2RF,tile_capture_dates_unresolved_collection_interval_only;vertical_datum_unresolved;late_post_management_regrowth_confounding
lidar,DEM,01HYCJ3EXF37J4A9130AH7Q2RF:BJ39_10000_0301,post,,,2023-09-19T12:00:00Z,2024-04-26T12:00:00Z,collection,,,,,,,,0.1290252710461616,"{""type"": ""Polygon"", ""coordinates"": [[[176.7568842, -39.2963814], [176.7603548, -39.3611197], [176.8159489, -39.3593074], [176.8124273, -39.2945733], [176.7568842, -39.2963814]]]}",https://nz-elevation.s3.ap-southeast-2.amazonaws.com/hawkes-bay/hawkes-bay_2023/dem_1m/2193/BJ39_10000_0301.json,"{""visual"": ""https://nz-elevation.s3.ap-southeast-2.amazonaws.com/hawkes-bay/hawkes-bay_2023/dem_1m/2193/BJ39_10000_0301.tiff""}",https://nz-elevation.s3.ap-southeast-2.amazonaws.com/hawkes-bay/hawkes-bay_2023,BJ39_10000_0301,,1.0,01HYCJ3EXF37J4A9130AH7Q2RF,tile_capture_dates_unresolved_collection_interval_only;vertical_datum_unresolved;late_post_management_regrowth_confounding
lidar,DEM,01HYCJ3EXF37J4A9130AH7Q2RF:BJ39_10000_0302,post,,,2023-09-19T12:00:00Z,2024-04-26T12:00:00Z,collection,,,,,,,,0.035506380120867,"{""type"": ""Polygon"", ""coordinates"": [[[176.8124273, -39.2945733], [176.8159489, -39.3593074], [176.871538, -39.3574687], [176.8679654, -39.2927388], [176.8124273, -39.2945733]]]}",https://nz-elevation.s3.ap-southeast-2.amazonaws.com/hawkes-bay/hawkes-bay_2023/dem_1m/2193/BJ39_10000_0302.json,"{""visual"": ""https://nz-elevation.s3.ap-southeast-2.amazonaws.com/hawkes-bay/hawkes-bay_2023/dem_1m/2193/BJ39_10000_0302.tiff""}",https://nz-elevation.s3.ap-southeast-2.amazonaws.com/hawkes-bay/hawkes-bay_2023,BJ39_10000_0302,,1.0,01HYCJ3EXF37J4A9130AH7Q2RF,tile_capture_dates_unresolved_collection_interval_only;vertical_datum_unresolved;late_post_management_regrowth_confounding
lidar,DEM,01HYCJ3EXF37J4A9130AH7Q2RF:BJ39_10000_0401,post,,,2023-09-19T12:00:00Z,2024-04-26T12:00:00Z,collection,,,,,,,,0.0881301311074448,"{""type"": ""Polygon"", ""coordinates"": [[[176.7603548, -39.3611197], [176.7638366, -39.4258569], [176.8194819, -39.4240405], [176.8159489, -39.3593074], [176.7603548, -39.3611197]]]}",https://nz-elevation.s3.ap-southeast-2.amazonaws.com/hawkes-bay/hawkes-bay_2023/dem_1m/2193/BJ39_10000_0401.json,"{""visual"": ""https://nz-elevation.s3.ap-southeast-2.amazonaws.com/hawkes-bay/hawkes-bay_2023/dem_1m/2193/BJ39_10000_0401.tiff""}",https://nz-elevation.s3.ap-southeast-2.amazonaws.com/hawkes-bay/hawkes-bay_2023,BJ39_10000_0401,,1.0,01HYCJ3EXF37J4A9130AH7Q2RF,tile_capture_dates_unresolved_collection_interval_only;vertical_datum_unresolved;late_post_management_regrowth_confounding
lidar,DEM,01HYCJ3EXF37J4A9130AH7Q2RF:BJ39_10000_0402,post,,,2023-09-19T12:00:00Z,2024-04-26T12:00:00Z,collection,,,,,,,,0.0627484004405019,"{""type"": ""Polygon"", ""coordinates"": [[[176.8159489, -39.3593074], [176.8194819, -39.4240405], [176.8751221, -39.4221976], [176.871538, -39.3574687], [176.8159489, -39.3593074]]]}",https://nz-elevation.s3.ap-southeast-2.amazonaws.com/hawkes-bay/hawkes-bay_2023/dem_1m/2193/BJ39_10000_0402.json,"{""visual"": ""https://nz-elevation.s3.ap-southeast-2.amazonaws.com/hawkes-bay/hawkes-bay_2023/dem_1m/2193/BJ39_10000_0402.tiff""}",https://nz-elevation.s3.ap-southeast-2.amazonaws.com/hawkes-bay/hawkes-bay_2023,BJ39_10000_0402,,1.0,01HYCJ3EXF37J4A9130AH7Q2RF,tile_capture_dates_unresolved_collection_interval_only;vertical_datum_unresolved;late_post_management_regrowth_confounding
lidar,DEM,01HYCJ3EXF37J4A9130AH7Q2RF:BJ39_10000_0403,post,,,2023-09-19T12:00:00Z,2024-04-26T12:00:00Z,collection,,,,,,,,0.0066450529547265,"{""type"": ""Polygon"", ""coordinates"": [[[176.871538, -39.3574687], [176.8751221, -39.4221976], [176.9307572, -39.4203281], [176.9271219, -39.3556035], [176.871538, -39.3574687]]]}",https://nz-elevation.s3.ap-southeast-2.amazonaws.com/hawkes-bay/hawkes-bay_2023/dem_1m/2193/BJ39_10000_0403.json,"{""visual"": ""https://nz-elevation.s3.ap-southeast-2.amazonaws.com/hawkes-bay/hawkes-bay_2023/dem_1m/2193/BJ39_10000_0403.tiff""}",https://nz-elevation.s3.ap-southeast-2.amazonaws.com/hawkes-bay/hawkes-bay_2023,BJ39_10000_0403,,1.0,01HYCJ3EXF37J4A9130AH7Q2RF,tile_capture_dates_unresolved_collection_interval_only;vertical_datum_unresolved;late_post_management_regrowth_confounding
lidar,DSM,01HYCKM9WF7ZWQ4DPCFFCF8H40:BH38_10000_0505,post,,,2023-09-19T12:00:00Z,2024-04-26T12:00:00Z,collection,,,,,,,,0.0281314091056023,"{""type"": ""Polygon"", ""coordinates"": [[[176.6911433, -39.1039304], [176.69453, -39.1686756], [176.7499765, -39.1669021], [176.7465392, -39.1021609], [176.6911433, -39.1039304]]]}",https://nz-elevation.s3.ap-southeast-2.amazonaws.com/hawkes-bay/hawkes-bay_2023/dsm_1m/2193/BH38_10000_0505.json,"{""visual"": ""https://nz-elevation.s3.ap-southeast-2.amazonaws.com/hawkes-bay/hawkes-bay_2023/dsm_1m/2193/BH38_10000_0505.tiff""}",https://nz-elevation.s3.ap-southeast-2.amazonaws.com/hawkes-bay/hawkes-bay_2023,BH38_10000_0505,,1.0,01HYCKM9WF7ZWQ4DPCFFCF8H40,tile_capture_dates_unresolved_collection_interval_only;vertical_datum_unresolved;late_post_management_regrowth_confounding
lidar,DSM,01HYCKM9WF7ZWQ4DPCFFCF8H40:BH39_10000_0501,post,,,2023-09-19T12:00:00Z,2024-04-26T12:00:00Z,collection,,,,,,,,0.0214944439269775,"{""type"": ""Polygon"", ""coordinates"": [[[176.7465392, -39.1021609], [176.7499765, -39.1669021], [176.805418, -39.1651022], [176.8019303, -39.1003652], [176.7465392, -39.1021609]]]}",https://nz-elevation.s3.ap-southeast-2.amazonaws.com/hawkes-bay/hawkes-bay_2023/dsm_1m/2193/BH39_10000_0501.json,"{""visual"": ""https://nz-elevation.s3.ap-southeast-2.amazonaws.com/hawkes-bay/hawkes-bay_2023/dsm_1m/2193/BH39_10000_0501.tiff""}",https://nz-elevation.s3.ap-southeast-2.amazonaws.com/hawkes-bay/hawkes-bay_2023,BH39_10000_0501,,1.0,01HYCKM9WF7ZWQ4DPCFFCF8H40,tile_capture_dates_unresolved_collection_interval_only;vertical_datum_unresolved;late_post_management_regrowth_confounding
lidar,DSM,01HYCKM9WF7ZWQ4DPCFFCF8H40:BJ38_10000_0104,post,,,2023-09-19T12:00:00Z,2024-04-26T12:00:00Z,collection,,,,,,,,0.0096791641748142,"{""type"": ""Polygon"", ""coordinates"": [[[176.6390786, -39.1704228], [176.6424255, -39.2351711], [176.6979276, -39.2334198], [176.69453, -39.1686756], [176.6390786, -39.1704228]]]}",https://nz-elevation.s3.ap-southeast-2.amazonaws.com/hawkes-bay/hawkes-bay_2023/dsm_1m/2193/BJ38_10000_0104.json,"{""visual"": ""https://nz-elevation.s3.ap-southeast-2.amazonaws.com/hawkes-bay/hawkes-bay_2023/dsm_1m/2193/BJ38_10000_0104.tiff""}",https://nz-elevation.s3.ap-southeast-2.amazonaws.com/hawkes-bay/hawkes-bay_2023,BJ38_10000_0104,,1.0,01HYCKM9WF7ZWQ4DPCFFCF8H40,tile_capture_dates_unresolved_collection_interval_only;vertical_datum_unresolved;late_post_management_regrowth_confounding
lidar,DSM,01HYCKM9WF7ZWQ4DPCFFCF8H40:BJ38_10000_0105,post,,,2023-09-19T12:00:00Z,2024-04-26T12:00:00Z,collection,,,,,,,,0.1211089293187085,"{""type"": ""Polygon"", ""coordinates"": [[[176.69453, -39.1686756], [176.6979276, -39.2334198], [176.7534248, -39.2316423], [176.7499765, -39.1669021], [176.69453, -39.1686756]]]}",https://nz-elevation.s3.ap-southeast-2.amazonaws.com/hawkes-bay/hawkes-bay_2023/dsm_1m/2193/BJ38_10000_0105.json,"{""visual"": ""https://nz-elevation.s3.ap-southeast-2.amazonaws.com/hawkes-bay/hawkes-bay_2023/dsm_1m/2193/BJ38_10000_0105.tiff""}",https://nz-elevation.s3.ap-southeast-2.amazonaws.com/hawkes-bay/hawkes-bay_2023,BJ38_10000_0105,,1.0,01HYCKM9WF7ZWQ4DPCFFCF8H40,tile_capture_dates_unresolved_collection_interval_only;vertical_datum_unresolved;late_post_management_regrowth_confounding
lidar,DSM,01HYCKM9WF7ZWQ4DPCFFCF8H40:BJ38_10000_0204,post,,,2023-09-19T12:00:00Z,2024-04-26T12:00:00Z,collection,,,,,,,,0.0038873472779516,"{""type"": ""Polygon"", ""coordinates"": [[[176.6424255, -39.2351711], [176.6457832, -39.2999183], [176.7013362, -39.2981631], [176.6979276, -39.2334198], [176.6424255, -39.2351711]]]}",https://nz-elevation.s3.ap-southeast-2.amazonaws.com/hawkes-bay/hawkes-bay_2023/dsm_1m/2193/BJ38_10000_0204.json,"{""visual"": ""https://nz-elevation.s3.ap-southeast-2.amazonaws.com/hawkes-bay/hawkes-bay_2023/dsm_1m/2193/BJ38_10000_0204.tiff""}",https://nz-elevation.s3.ap-southeast-2.amazonaws.com/hawkes-bay/hawkes-bay_2023,BJ38_10000_0204,,1.0,01HYCKM9WF7ZWQ4DPCFFCF8H40,tile_capture_dates_unresolved_collection_interval_only;vertical_datum_unresolved;late_post_management_regrowth_confounding
lidar,DSM,01HYCKM9WF7ZWQ4DPCFFCF8H40:BJ38_10000_0205,post,,,2023-09-19T12:00:00Z,2024-04-26T12:00:00Z,collection,,,,,,,,0.1133873283430913,"{""type"": ""Polygon"", ""coordinates"": [[[176.6979276, -39.2334198], [176.7013362, -39.2981631], [176.7568842, -39.2963814], [176.7534248, -39.2316423], [176.6979276, -39.2334198]]]}",https://nz-elevation.s3.ap-southeast-2.amazonaws.com/hawkes-bay/hawkes-bay_2023/dsm_1m/2193/BJ38_10000_0205.json,"{""visual"": ""https://nz-elevation.s3.ap-southeast-2.amazonaws.com/hawkes-bay/hawkes-bay_2023/dsm_1m/2193/BJ38_10000_0205.tiff""}",https://nz-elevation.s3.ap-southeast-2.amazonaws.com/hawkes-bay/hawkes-bay_2023,BJ38_10000_0205,,1.0,01HYCKM9WF7ZWQ4DPCFFCF8H40,tile_capture_dates_unresolved_collection_interval_only;vertical_datum_unresolved;late_post_management_regrowth_confounding
lidar,DSM,01HYCKM9WF7ZWQ4DPCFFCF8H40:BJ38_10000_0305,post,,,2023-09-19T12:00:00Z,2024-04-26T12:00:00Z,collection,,,,,,,,0.0678725299106033,"{""type"": ""Polygon"", ""coordinates"": [[[176.7013362, -39.2981631], [176.7047557, -39.3629054], [176.7603548, -39.3611197], [176.7568842, -39.2963814], [176.7013362, -39.2981631]]]}",https://nz-elevation.s3.ap-southeast-2.amazonaws.com/hawkes-bay/hawkes-bay_2023/dsm_1m/2193/BJ38_10000_0305.json,"{""visual"": ""https://nz-elevation.s3.ap-southeast-2.amazonaws.com/hawkes-bay/hawkes-bay_2023/dsm_1m/2193/BJ38_10000_0305.tiff""}",https://nz-elevation.s3.ap-southeast-2.amazonaws.com/hawkes-bay/hawkes-bay_2023,BJ38_10000_0305,,1.0,01HYCKM9WF7ZWQ4DPCFFCF8H40,tile_capture_dates_unresolved_collection_interval_only;vertical_datum_unresolved;late_post_management_regrowth_confounding
lidar,DSM,01HYCKM9WF7ZWQ4DPCFFCF8H40:BJ38_10000_0405,post,,,2023-09-19T12:00:00Z,2024-04-26T12:00:00Z,collection,,,,,,,,0.0383155040600897,"{""type"": ""Polygon"", ""coordinates"": [[[176.7047557, -39.3629054], [176.7081863, -39.4276467], [176.7638366, -39.4258569], [176.7603548, -39.3611197], [176.7047557, -39.3629054]]]}",https://nz-elevation.s3.ap-southeast-2.amazonaws.com/hawkes-bay/hawkes-bay_2023/dsm_1m/2193/BJ38_10000_0405.json,"{""visual"": ""https://nz-elevation.s3.ap-southeast-2.amazonaws.com/hawkes-bay/hawkes-bay_2023/dsm_1m/2193/BJ38_10000_0405.tiff""}",https://nz-elevation.s3.ap-southeast-2.amazonaws.com/hawkes-bay/hawkes-bay_2023,BJ38_10000_0405,,1.0,01HYCKM9WF7ZWQ4DPCFFCF8H40,tile_capture_dates_unresolved_collection_interval_only;vertical_datum_unresolved;late_post_management_regrowth_confounding
lidar,DSM,01HYCKM9WF7ZWQ4DPCFFCF8H40:BJ39_10000_0101,post,,,2023-09-19T12:00:00Z,2024-04-26T12:00:00Z,collection,,,,,,,,0.1118280351293398,"{""type"": ""Polygon"", ""coordinates"": [[[176.7499765, -39.1669021], [176.7534248, -39.2316423], [176.808917, -39.2298383], [176.805418, -39.1651022], [176.7499765, -39.1669021]]]}",https://nz-elevation.s3.ap-southeast-2.amazonaws.com/hawkes-bay/hawkes-bay_2023/dsm_1m/2193/BJ39_10000_0101.json,"{""visual"": ""https://nz-elevation.s3.ap-southeast-2.amazonaws.com/hawkes-bay/hawkes-bay_2023/dsm_1m/2193/BJ39_10000_0101.tiff""}",https://nz-elevation.s3.ap-southeast-2.amazonaws.com/hawkes-bay/hawkes-bay_2023,BJ39_10000_0101,,1.0,01HYCKM9WF7ZWQ4DPCFFCF8H40,tile_capture_dates_unresolved_collection_interval_only;vertical_datum_unresolved;late_post_management_regrowth_confounding
lidar,DSM,01HYCKM9WF7ZWQ4DPCFFCF8H40:BJ39_10000_0102,post,,,2023-09-19T12:00:00Z,2024-04-26T12:00:00Z,collection,,,,,,,,0.003800000195915,"{""type"": ""Polygon"", ""coordinates"": [[[176.805418, -39.1651022], [176.808917, -39.2298383], [176.8644043, -39.228008], [176.8608546, -39.1632761], [176.805418, -39.1651022]]]}",https://nz-elevation.s3.ap-southeast-2.amazonaws.com/hawkes-bay/hawkes-bay_2023/dsm_1m/2193/BJ39_10000_0102.json,"{""visual"": ""https://nz-elevation.s3.ap-southeast-2.amazonaws.com/hawkes-bay/hawkes-bay_2023/dsm_1m/2193/BJ39_10000_0102.tiff""}",https://nz-elevation.s3.ap-southeast-2.amazonaws.com/hawkes-bay/hawkes-bay_2023,BJ39_10000_0102,,1.0,01HYCKM9WF7ZWQ4DPCFFCF8H40,tile_capture_dates_unresolved_collection_interval_only;vertical_datum_unresolved;late_post_management_regrowth_confounding
lidar,DSM,01HYCKM9WF7ZWQ4DPCFFCF8H40:BJ39_10000_0201,post,,,2023-09-19T12:00:00Z,2024-04-26T12:00:00Z,collection,,,,,,,,0.129024954722384,"{""type"": ""Polygon"", ""coordinates"": [[[176.7534248, -39.2316423], [176.7568842, -39.2963814], [176.8124273, -39.2945733], [176.808917, -39.2298383], [176.7534248, -39.2316423]]]}",https://nz-elevation.s3.ap-southeast-2.amazonaws.com/hawkes-bay/hawkes-bay_2023/dsm_1m/2193/BJ39_10000_0201.json,"{""visual"": ""https://nz-elevation.s3.ap-southeast-2.amazonaws.com/hawkes-bay/hawkes-bay_2023/dsm_1m/2193/BJ39_10000_0201.tiff""}",https://nz-elevation.s3.ap-southeast-2.amazonaws.com/hawkes-bay/hawkes-bay_2023,BJ39_10000_0201,,1.0,01HYCKM9WF7ZWQ4DPCFFCF8H40,tile_capture_dates_unresolved_collection_interval_only;vertical_datum_unresolved;late_post_management_regrowth_confounding
lidar,DSM,01HYCKM9WF7ZWQ4DPCFFCF8H40:BJ39_10000_0202,post,,,2023-09-19T12:00:00Z,2024-04-26T12:00:00Z,collection,,,,,,,,0.0294151181647893,"{""type"": ""Polygon"", ""coordinates"": [[[176.808917, -39.2298383], [176.8124273, -39.2945733], [176.8679654, -39.2927388], [176.8644043, -39.228008], [176.808917, -39.2298383]]]}",https://nz-elevation.s3.ap-southeast-2.amazonaws.com/hawkes-bay/hawkes-bay_2023/dsm_1m/2193/BJ39_10000_0202.json,"{""visual"": ""https://nz-elevation.s3.ap-southeast-2.amazonaws.com/hawkes-bay/hawkes-bay_2023/dsm_1m/2193/BJ39_10000_0202.tiff""}",https://nz-elevation.s3.ap-southeast-2.amazonaws.com/hawkes-bay/hawkes-bay_2023,BJ39_10000_0202,,1.0,01HYCKM9WF7ZWQ4DPCFFCF8H40,tile_capture_dates_unresolved_collection_interval_only;vertical_datum_unresolved;late_post_management_regrowth_confounding
lidar,DSM,01HYCKM9WF7ZWQ4DPCFFCF8H40:BJ39_10000_0301,post,,,2023-09-19T12:00:00Z,2024-04-26T12:00:00Z,collection,,,,,,,,0.1290252710461616,"{""type"": ""Polygon"", ""coordinates"": [[[176.7568842, -39.2963814], [176.7603548, -39.3611197], [176.8159489, -39.3593074], [176.8124273, -39.2945733], [176.7568842, -39.2963814]]]}",https://nz-elevation.s3.ap-southeast-2.amazonaws.com/hawkes-bay/hawkes-bay_2023/dsm_1m/2193/BJ39_10000_0301.json,"{""visual"": ""https://nz-elevation.s3.ap-southeast-2.amazonaws.com/hawkes-bay/hawkes-bay_2023/dsm_1m/2193/BJ39_10000_0301.tiff""}",https://nz-elevation.s3.ap-southeast-2.amazonaws.com/hawkes-bay/hawkes-bay_2023,BJ39_10000_0301,,1.0,01HYCKM9WF7ZWQ4DPCFFCF8H40,tile_capture_dates_unresolved_collection_interval_only;vertical_datum_unresolved;late_post_management_regrowth_confounding
lidar,DSM,01HYCKM9WF7ZWQ4DPCFFCF8H40:BJ39_10000_0302,post,,,2023-09-19T12:00:00Z,2024-04-26T12:00:00Z,collection,,,,,,,,0.035506380120867,"{""type"": ""Polygon"", ""coordinates"": [[[176.8124273, -39.2945733], [176.8159489, -39.3593074], [176.871538, -39.3574687], [176.8679654, -39.2927388], [176.8124273, -39.2945733]]]}",https://nz-elevation.s3.ap-southeast-2.amazonaws.com/hawkes-bay/hawkes-bay_2023/dsm_1m/2193/BJ39_10000_0302.json,"{""visual"": ""https://nz-elevation.s3.ap-southeast-2.amazonaws.com/hawkes-bay/hawkes-bay_2023/dsm_1m/2193/BJ39_10000_0302.tiff""}",https://nz-elevation.s3.ap-southeast-2.amazonaws.com/hawkes-bay/hawkes-bay_2023,BJ39_10000_0302,,1.0,01HYCKM9WF7ZWQ4DPCFFCF8H40,tile_capture_dates_unresolved_collection_interval_only;vertical_datum_unresolved;late_post_management_regrowth_confounding
lidar,DSM,01HYCKM9WF7ZWQ4DPCFFCF8H40:BJ39_10000_0401,post,,,2023-09-19T12:00:00Z,2024-04-26T12:00:00Z,collection,,,,,,,,0.0881301311074448,"{""type"": ""Polygon"", ""coordinates"": [[[176.7603548, -39.3611197], [176.7638366, -39.4258569], [176.8194819, -39.4240405], [176.8159489, -39.3593074], [176.7603548, -39.3611197]]]}",https://nz-elevation.s3.ap-southeast-2.amazonaws.com/hawkes-bay/hawkes-bay_2023/dsm_1m/2193/BJ39_10000_0401.json,"{""visual"": ""https://nz-elevation.s3.ap-southeast-2.amazonaws.com/hawkes-bay/hawkes-bay_2023/dsm_1m/2193/BJ39_10000_0401.tiff""}",https://nz-elevation.s3.ap-southeast-2.amazonaws.com/hawkes-bay/hawkes-bay_2023,BJ39_10000_0401,,1.0,01HYCKM9WF7ZWQ4DPCFFCF8H40,tile_capture_dates_unresolved_collection_interval_only;vertical_datum_unresolved;late_post_management_regrowth_confounding
lidar,DSM,01HYCKM9WF7ZWQ4DPCFFCF8H40:BJ39_10000_0402,post,,,2023-09-19T12:00:00Z,2024-04-26T12:00:00Z,collection,,,,,,,,0.0627484004405019,"{""type"": ""Polygon"", ""coordinates"": [[[176.8159489, -39.3593074], [176.8194819, -39.4240405], [176.8751221, -39.4221976], [176.871538, -39.3574687], [176.8159489, -39.3593074]]]}",https://nz-elevation.s3.ap-southeast-2.amazonaws.com/hawkes-bay/hawkes-bay_2023/dsm_1m/2193/BJ39_10000_0402.json,"{""visual"": ""https://nz-elevation.s3.ap-southeast-2.amazonaws.com/hawkes-bay/hawkes-bay_2023/dsm_1m/2193/BJ39_10000_0402.tiff""}",https://nz-elevation.s3.ap-southeast-2.amazonaws.com/hawkes-bay/hawkes-bay_2023,BJ39_10000_0402,,1.0,01HYCKM9WF7ZWQ4DPCFFCF8H40,tile_capture_dates_unresolved_collection_interval_only;vertical_datum_unresolved;late_post_management_regrowth_confounding
lidar,DSM,01HYCKM9WF7ZWQ4DPCFFCF8H40:BJ39_10000_0403,post,,,2023-09-19T12:00:00Z,2024-04-26T12:00:00Z,collection,,,,,,,,0.0066450529547265,"{""type"": ""Polygon"", ""coordinates"": [[[176.871538, -39.3574687], [176.8751221, -39.4221976], [176.9307572, -39.4203281], [176.9271219, -39.3556035], [176.871538, -39.3574687]]]}",https://nz-elevation.s3.ap-southeast-2.amazonaws.com/hawkes-bay/hawkes-bay_2023/dsm_1m/2193/BJ39_10000_0403.json,"{""visual"": ""https://nz-elevation.s3.ap-southeast-2.amazonaws.com/hawkes-bay/hawkes-bay_2023/dsm_1m/2193/BJ39_10000_0403.tiff""}",https://nz-elevation.s3.ap-southeast-2.amazonaws.com/hawkes-bay/hawkes-bay_2023,BJ39_10000_0403,,1.0,01HYCKM9WF7ZWQ4DPCFFCF8H40,tile_capture_dates_unresolved_collection_interval_only;vertical_datum_unresolved;late_post_management_regrowth_confounding
aerial,AERIAL,01GTE4ZWCXRGNX6W0VC3SR6VJ5:BJ38_1000_2946,post,,,2023-02-17T11:00:00Z,2023-02-19T11:00:00Z,tile,,,,,,,,0.0002108068655464,"{""type"": ""Polygon"", ""coordinates"": [[[176.731866, -39.3490679], [176.7322109, -39.3555419], [176.7377703, -39.3553632], [176.7374248, -39.3488893], [176.731866, -39.3490679]]]}",https://nz-imagery.s3-ap-southeast-2.amazonaws.com/hawkes-bay/hawkes-bay-cyclone-gabrielle_2023_0.1m/rgb/2193/BJ38_1000_2946.json,"{""visual"": ""https://nz-imagery.s3-ap-southeast-2.amazonaws.com/hawkes-bay/hawkes-bay-cyclone-gabrielle_2023_0.1m/rgb/2193/BJ38_1000_2946.tiff""}",https://nz-imagery.s3-ap-southeast-2.amazonaws.com/hawkes-bay/hawkes-bay-cyclone-gabrielle_2023_0.1m/rgb/2193/collection.json,BJ38_1000_2946,,0.1,01GTE4ZWCXRGNX6W0VC3SR6VJ5,
aerial,AERIAL,01GTE4ZWCXRGNX6W0VC3SR6VJ5:BJ38_1000_3047,post,,,2023-02-17T11:00:00Z,2023-02-19T11:00:00Z,tile,,,,,,,,0.0004800824329559,"{""type"": ""Polygon"", ""coordinates"": [[[176.7377703, -39.3553632], [176.7381158, -39.3618371], [176.7436756, -39.3616582], [176.7433296, -39.3551843], [176.7377703, -39.3553632]]]}",https://nz-imagery.s3-ap-southeast-2.amazonaws.com/hawkes-bay/hawkes-bay-cyclone-gabrielle_2023_0.1m/rgb/2193/BJ38_1000_3047.json,"{""visual"": ""https://nz-imagery.s3-ap-southeast-2.amazonaws.com/hawkes-bay/hawkes-bay-cyclone-gabrielle_2023_0.1m/rgb/2193/BJ38_1000_3047.tiff""}",https://nz-imagery.s3-ap-southeast-2.amazonaws.com/hawkes-bay/hawkes-bay-cyclone-gabrielle_2023_0.1m/rgb/2193/collection.json,BJ38_1000_3047,,0.1,01GTE4ZWCXRGNX6W0VC3SR6VJ5,
aerial,AERIAL,01GTE4ZWCXRGNX6W0VC3SR6VJ5:BJ38_1000_3048,post,,,2023-02-17T11:00:00Z,2023-02-19T11:00:00Z,tile,,,,,,,,0.001290250451123,"{""type"": ""Polygon"", ""coordinates"": [[[176.7433296, -39.3551843], [176.7436756, -39.3616582], [176.7492354, -39.3614789], [176.7488889, -39.3550051], [176.7433296, -39.3551843]]]}",https://nz-imagery.s3-ap-southeast-2.amazonaws.com/hawkes-bay/hawkes-bay-cyclone-gabrielle_2023_0.1m/rgb/2193/BJ38_1000_3048.json,"{""visual"": ""https://nz-imagery.s3-ap-southeast-2.amazonaws.com/hawkes-bay/hawkes-bay-cyclone-gabrielle_2023_0.1m/rgb/2193/BJ38_1000_3048.tiff""}",https://nz-imagery.s3-ap-southeast-2.amazonaws.com/hawkes-bay/hawkes-bay-cyclone-gabrielle_2023_0.1m/rgb/2193/collection.json,BJ38_1000_3048,,0.1,01GTE4ZWCXRGNX6W0VC3SR6VJ5,
aerial,AERIAL,01GTE4ZWCXRGNX6W0VC3SR6VJ5:BJ38_1000_3146,post,,,2023-02-17T11:00:00Z,2023-02-19T11:00:00Z,tile,,,,,,,,2.6182601637698267e-06,"{""type"": ""Polygon"", ""coordinates"": [[[176.7325559, -39.3620159], [176.732901, -39.3684898], [176.7384614, -39.3683111], [176.7381158, -39.3618371], [176.7325559, -39.3620159]]]}",https://nz-imagery.s3-ap-southeast-2.amazonaws.com/hawkes-bay/hawkes-bay-cyclone-gabrielle_2023_0.1m/rgb/2193/BJ38_1000_3146.json,"{""visual"": ""https://nz-imagery.s3-ap-southeast-2.amazonaws.com/hawkes-bay/hawkes-bay-cyclone-gabrielle_2023_0.1m/rgb/2193/BJ38_1000_3146.tiff""}",https://nz-imagery.s3-ap-southeast-2.amazonaws.com/hawkes-bay/hawkes-bay-cyclone-gabrielle_2023_0.1m/rgb/2193/collection.json,BJ38_1000_3146,,0.1,01GTE4ZWCXRGNX6W0VC3SR6VJ5,
aerial,AERIAL,01GTE4ZWCXRGNX6W0VC3SR6VJ5:BJ38_1000_3147,post,,,2023-02-17T11:00:00Z,2023-02-19T11:00:00Z,tile,,,,,,,,0.0004835235203962,"{""type"": ""Polygon"", ""coordinates"": [[[176.7381158, -39.3618371], [176.7384614, -39.3683111], [176.7440218, -39.3681321], [176.7436756, -39.3616582], [176.7381158, -39.3618371]]]}",https://nz-imagery.s3-ap-southeast-2.amazonaws.com/hawkes-bay/hawkes-bay-cyclone-gabrielle_2023_0.1m/rgb/2193/BJ38_1000_3147.json,"{""visual"": ""https://nz-imagery.s3-ap-southeast-2.amazonaws.com/hawkes-bay/hawkes-bay-cyclone-gabrielle_2023_0.1m/rgb/2193/BJ38_1000_3147.tiff""}",https://nz-imagery.s3-ap-southeast-2.amazonaws.com/hawkes-bay/hawkes-bay-cyclone-gabrielle_2023_0.1m/rgb/2193/collection.json,BJ38_1000_3147,,0.1,01GTE4ZWCXRGNX6W0VC3SR6VJ5,
aerial,AERIAL,01GTE4ZWCXRGNX6W0VC3SR6VJ5:BJ38_1000_3148,post,,,2023-02-17T11:00:00Z,2023-02-19T11:00:00Z,tile,,,,,,,,0.0012902604640251,"{""type"": ""Polygon"", ""coordinates"": [[[176.7436756, -39.3616582], [176.7440218, -39.3681321], [176.7495821, -39.3679528], [176.7492354, -39.3614789], [176.7436756, -39.3616582]]]}",https://nz-imagery.s3-ap-southeast-2.amazonaws.com/hawkes-bay/hawkes-bay-cyclone-gabrielle_2023_0.1m/rgb/2193/BJ38_1000_3148.json,"{""visual"": ""https://nz-imagery.s3-ap-southeast-2.amazonaws.com/hawkes-bay/hawkes-bay-cyclone-gabrielle_2023_0.1m/rgb/2193/BJ38_1000_3148.tiff""}",https://nz-imagery.s3-ap-southeast-2.amazonaws.com/hawkes-bay/hawkes-bay-cyclone-gabrielle_2023_0.1m/rgb/2193/collection.json,BJ38_1000_3148,,0.1,01GTE4ZWCXRGNX6W0VC3SR6VJ5,
aerial,AERIAL,01GTE4ZWCXRGNX6W0VC3SR6VJ5:BJ38_1000_3149,post,,,2023-02-17T11:00:00Z,2023-02-19T11:00:00Z,tile,,,,,,,,0.001290246771886,"{""type"": ""Polygon"", ""coordinates"": [[[176.7492354, -39.3614789], [176.7495821, -39.3679528], [176.7551423, -39.3677732], [176.7547951, -39.3612994], [176.7492354, -39.3614789]]]}",https://nz-imagery.s3-ap-southeast-2.amazonaws.com/hawkes-bay/hawkes-bay-cyclone-gabrielle_2023_0.1m/rgb/2193/BJ38_1000_3149.json,"{""visual"": ""https://nz-imagery.s3-ap-southeast-2.amazonaws.com/hawkes-bay/hawkes-bay-cyclone-gabrielle_2023_0.1m/rgb/2193/BJ38_1000_3149.tiff""}",https://nz-imagery.s3-ap-southeast-2.amazonaws.com/hawkes-bay/hawkes-bay-cyclone-gabrielle_2023_0.1m/rgb/2193/collection.json,BJ38_1000_3149,,0.1,01GTE4ZWCXRGNX6W0VC3SR6VJ5,
aerial,AERIAL,01GTE4ZWCXRGNX6W0VC3SR6VJ5:BJ38_1000_3150,post,,,2023-02-17T11:00:00Z,2023-02-19T11:00:00Z,tile,,,,,,,,0.0012902457036879,"{""type"": ""Polygon"", ""coordinates"": [[[176.7547951, -39.3612994], [176.7551423, -39.3677732], [176.7607025, -39.3675934], [176.7603548, -39.3611197], [176.7547951, -39.3612994]]]}",https://nz-imagery.s3-ap-southeast-2.amazonaws.com/hawkes-bay/hawkes-bay-cyclone-gabrielle_2023_0.1m/rgb/2193/BJ38_1000_3150.json,"{""visual"": ""https://nz-imagery.s3-ap-southeast-2.amazonaws.com/hawkes-bay/hawkes-bay-cyclone-gabrielle_2023_0.1m/rgb/2193/BJ38_1000_3150.tiff""}",https://nz-imagery.s3-ap-southeast-2.amazonaws.com/hawkes-bay/hawkes-bay-cyclone-gabrielle_2023_0.1m/rgb/2193/collection.json,BJ38_1000_3150,,0.1,01GTE4ZWCXRGNX6W0VC3SR6VJ5,
aerial,AERIAL,01GTE4ZWCXRGNX6W0VC3SR6VJ5:BJ38_1000_3246,post,,,2023-02-17T11:00:00Z,2023-02-19T11:00:00Z,tile,,,,,,,,0.0002680860835255,"{""type"": ""Polygon"", ""coordinates"": [[[176.732901, -39.3684898], [176.7332462, -39.3749638], [176.7388072, -39.374785], [176.7384614, -39.3683111], [176.732901, -39.3684898]]]}",https://nz-imagery.s3-ap-southeast-2.amazonaws.com/hawkes-bay/hawkes-bay-cyclone-gabrielle_2023_0.1m/rgb/2193/BJ38_1000_3246.json,"{""visual"": ""https://nz-imagery.s3-ap-southeast-2.amazonaws.com/hawkes-bay/hawkes-bay-cyclone-gabrielle_2023_0.1m/rgb/2193/BJ38_1000_3246.tiff""}",https://nz-imagery.s3-ap-southeast-2.amazonaws.com/hawkes-bay/hawkes-bay-cyclone-gabrielle_2023_0.1m/rgb/2193/collection.json,BJ38_1000_3246,,0.1,01GTE4ZWCXRGNX6W0VC3SR6VJ5,
aerial,AERIAL,01GTE4ZWCXRGNX6W0VC3SR6VJ5:BJ38_1000_3247,post,,,2023-02-17T11:00:00Z,2023-02-19T11:00:00Z,tile,,,,,,,,0.0012763548091402,"{""type"": ""Polygon"", ""coordinates"": [[[176.7384614, -39.3683111], [176.7388072, -39.374785], [176.744368, -39.3746059], [176.7440218, -39.3681321], [176.7384614, -39.3683111]]]}",https://nz-imagery.s3-ap-southeast-2.amazonaws.com/hawkes-bay/hawkes-bay-cyclone-gabrielle_2023_0.1m/rgb/2193/BJ38_1000_3247.json,"{""visual"": ""https://nz-imagery.s3-ap-southeast-2.amazonaws.com/hawkes-bay/hawkes-bay-cyclone-gabrielle_2023_0.1m/rgb/2193/BJ38_1000_3247.tiff""}",https://nz-imagery.s3-ap-southeast-2.amazonaws.com/hawkes-bay/hawkes-bay-cyclone-gabrielle_2023_0.1m/rgb/2193/collection.json,BJ38_1000_3247,,0.1,01GTE4ZWCXRGNX6W0VC3SR6VJ5,
aerial,AERIAL,01GTE4ZWCXRGNX6W0VC3SR6VJ5:BJ38_1000_3248,post,,,2023-02-17T11:00:00Z,2023-02-19T11:00:00Z,tile,,,,,,,,0.0012902386929185,"{""type"": ""Polygon"", ""coordinates"": [[[176.7440218, -39.3681321], [176.744368, -39.3746059], [176.7499288, -39.3744266], [176.7495821, -39.3679528], [176.7440218, -39.3681321]]]}",https://nz-imagery.s3-ap-southeast-2.amazonaws.com/hawkes-bay/hawkes-bay-cyclone-gabrielle_2023_0.1m/rgb/2193/BJ38_1000_3248.json,"{""visual"": ""https://nz-imagery.s3-ap-southeast-2.amazonaws.com/hawkes-bay/hawkes-bay-cyclone-gabrielle_2023_0.1m/rgb/2193/BJ38_1000_3248.tiff""}",https://nz-imagery.s3-ap-southeast-2.amazonaws.com/hawkes-bay/hawkes-bay-cyclone-gabrielle_2023_0.1m/rgb/2193/collection.json,BJ38_1000_3248,,0.1,01GTE4ZWCXRGNX6W0VC3SR6VJ5,
aerial,AERIAL,01GTE4ZWCXRGNX6W0VC3SR6VJ5:BJ38_1000_3249,post,,,2023-02-17T11:00:00Z,2023-02-19T11:00:00Z,tile,,,,,,,,0.0012902474750375,"{""type"": ""Polygon"", ""coordinates"": [[[176.7495821, -39.3679528], [176.7499288, -39.3744266], [176.7554896, -39.374247], [176.7551423, -39.3677732], [176.7495821, -39.3679528]]]}",https://nz-imagery.s3-ap-southeast-2.amazonaws.com/hawkes-bay/hawkes-bay-cyclone-gabrielle_2023_0.1m/rgb/2193/BJ38_1000_3249.json,"{""visual"": ""https://nz-imagery.s3-ap-southeast-2.amazonaws.com/hawkes-bay/hawkes-bay-cyclone-gabrielle_2023_0.1m/rgb/2193/BJ38_1000_3249.tiff""}",https://nz-imagery.s3-ap-southeast-2.amazonaws.com/hawkes-bay/hawkes-bay-cyclone-gabrielle_2023_0.1m/rgb/2193/collection.json,BJ38_1000_3249,,0.1,01GTE4ZWCXRGNX6W0VC3SR6VJ5,
aerial,AERIAL,01GTE4ZWCXRGNX6W0VC3SR6VJ5:BJ38_1000_3250,post,,,2023-02-17T11:00:00Z,2023-02-19T11:00:00Z,tile,,,,,,,,0.0012902550451628,"{""type"": ""Polygon"", ""coordinates"": [[[176.7551423, -39.3677732], [176.7554896, -39.374247], [176.7610503, -39.3740672], [176.7607025, -39.3675934], [176.7551423, -39.3677732]]]}",https://nz-imagery.s3-ap-southeast-2.amazonaws.com/hawkes-bay/hawkes-bay-cyclone-gabrielle_2023_0.1m/rgb/2193/BJ38_1000_3250.json,"{""visual"": ""https://nz-imagery.s3-ap-southeast-2.amazonaws.com/hawkes-bay/hawkes-bay-cyclone-gabrielle_2023_0.1m/rgb/2193/BJ38_1000_3250.tiff""}",https://nz-imagery.s3-ap-southeast-2.amazonaws.com/hawkes-bay/hawkes-bay-cyclone-gabrielle_2023_0.1m/rgb/2193/collection.json,BJ38_1000_3250,,0.1,01GTE4ZWCXRGNX6W0VC3SR6VJ5,
aerial,AERIAL,01GTE4ZWCXRGNX6W0VC3SR6VJ5:BJ38_1000_3346,post,,,2023-02-17T11:00:00Z,2023-02-19T11:00:00Z,tile,,,,,,,,0.0004424031331875,"{""type"": ""Polygon"", ""coordinates"": [[[176.7332462, -39.3749638], [176.7335916, -39.3814377], [176.739153, -39.3812589], [176.7388072, -39.374785], [176.7332462, -39.3749638]]]}",https://nz-imagery.s3-ap-southeast-2.amazonaws.com/hawkes-bay/hawkes-bay-cyclone-gabrielle_2023_0.1m/rgb/2193/BJ38_1000_3346.json,"{""visual"": ""https://nz-imagery.s3-ap-southeast-2.amazonaws.com/hawkes-bay/hawkes-bay-cyclone-gabrielle_2023_0.1m/rgb/2193/BJ38_1000_3346.tiff""}",https://nz-imagery.s3-ap-southeast-2.amazonaws.com/hawkes-bay/hawkes-bay-cyclone-gabrielle_2023_0.1m/rgb/2193/collection.json,BJ38_1000_3346,,0.1,01GTE4ZWCXRGNX6W0VC3SR6VJ5,
aerial,AERIAL,01GTE4ZWCXRGNX6W0VC3SR6VJ5:BJ38_1000_3347,post,,,2023-02-17T11:00:00Z,2023-02-19T11:00:00Z,tile,,,,,,,,0.0012902504417768,"{""type"": ""Polygon"", ""coordinates"": [[[176.7388072, -39.374785], [176.739153, -39.3812589], [176.7447144, -39.3810798], [176.744368, -39.3746059], [176.7388072, -39.374785]]]}",https://nz-imagery.s3-ap-southeast-2.amazonaws.com/hawkes-bay/hawkes-bay-cyclone-gabrielle_2023_0.1m/rgb/2193/BJ38_1000_3347.json,"{""visual"": ""https://nz-imagery.s3-ap-southeast-2.amazonaws.com/hawkes-bay/hawkes-bay-cyclone-gabrielle_2023_0.1m/rgb/2193/BJ38_1000_3347.tiff""}",https://nz-imagery.s3-ap-southeast-2.amazonaws.com/hawkes-bay/hawkes-bay-cyclone-gabrielle_2023_0.1m/rgb/2193/collection.json,BJ38_1000_3347,,0.1,01GTE4ZWCXRGNX6W0VC3SR6VJ5,
aerial,AERIAL,01GTE4ZWCXRGNX6W0VC3SR6VJ5:BJ38_1000_3348,post,,,2023-02-17T11:00:00Z,2023-02-19T11:00:00Z,tile,,,,,,,,0.0012902579585492,"{""type"": ""Polygon"", ""coordinates"": [[[176.744368, -39.3746059], [176.7447144, -39.3810798], [176.7502757, -39.3809005], [176.7499288, -39.3744266], [176.744368, -39.3746059]]]}",https://nz-imagery.s3-ap-southeast-2.amazonaws.com/hawkes-bay/hawkes-bay-cyclone-gabrielle_2023_0.1m/rgb/2193/BJ38_1000_3348.json,"{""visual"": ""https://nz-imagery.s3-ap-southeast-2.amazonaws.com/hawkes-bay/hawkes-bay-cyclone-gabrielle_2023_0.1m/rgb/2193/BJ38_1000_3348.tiff""}",https://nz-imagery.s3-ap-southeast-2.amazonaws.com/hawkes-bay/hawkes-bay-cyclone-gabrielle_2023_0.1m/rgb/2193/collection.json,BJ38_1000_3348,,0.1,01GTE4ZWCXRGNX6W0VC3SR6VJ5,
aerial,AERIAL,01GTE4ZWCXRGNX6W0VC3SR6VJ5:BJ38_1000_3349,post,,,2023-02-17T11:00:00Z,2023-02-19T11:00:00Z,tile,,,,,,,,0.001290268677512,"{""type"": ""Polygon"", ""coordinates"": [[[176.7499288, -39.3744266], [176.7502757, -39.3809005], [176.755837, -39.3807208], [176.7554896, -39.374247], [176.7499288, -39.3744266]]]}",https://nz-imagery.s3-ap-southeast-2.amazonaws.com/hawkes-bay/hawkes-bay-cyclone-gabrielle_2023_0.1m/rgb/2193/BJ38_1000_3349.json,"{""visual"": ""https://nz-imagery.s3-ap-southeast-2.amazonaws.com/hawkes-bay/hawkes-bay-cyclone-gabrielle_2023_0.1m/rgb/2193/BJ38_1000_3349.tiff""}",https://nz-imagery.s3-ap-southeast-2.amazonaws.com/hawkes-bay/hawkes-bay-cyclone-gabrielle_2023_0.1m/rgb/2193/collection.json,BJ38_1000_3349,,0.1,01GTE4ZWCXRGNX6W0VC3SR6VJ5,
aerial,AERIAL,01GTE4ZWCXRGNX6W0VC3SR6VJ5:BJ38_1000_3350,post,,,2023-02-17T11:00:00Z,2023-02-19T11:00:00Z,tile,,,,,,,,0.0012902444531195,"{""type"": ""Polygon"", ""coordinates"": [[[176.7554896, -39.374247], [176.755837, -39.3807208], [176.7613982, -39.3805409], [176.7610503, -39.3740672], [176.7554896, -39.374247]]]}",https://nz-imagery.s3-ap-southeast-2.amazonaws.com/hawkes-bay/hawkes-bay-cyclone-gabrielle_2023_0.1m/rgb/2193/BJ38_1000_3350.json,"{""visual"": ""https://nz-imagery.s3-ap-southeast-2.amazonaws.com/hawkes-bay/hawkes-bay-cyclone-gabrielle_2023_0.1m/rgb/2193/BJ38_1000_3350.tiff""}",https://nz-imagery.s3-ap-southeast-2.amazonaws.com/hawkes-bay/hawkes-bay-cyclone-gabrielle_2023_0.1m/rgb/2193/collection.json,BJ38_1000_3350,,0.1,01GTE4ZWCXRGNX6W0VC3SR6VJ5,
aerial,AERIAL,01GTE4ZWCXRGNX6W0VC3SR6VJ5:BJ38_1000_3446,post,,,2023-02-17T11:00:00Z,2023-02-19T11:00:00Z,tile,,,,,,,,0.0009683704725602,"{""type"": ""Polygon"", ""coordinates"": [[[176.7335916, -39.3814377], [176.733937, -39.3879117], [176.739499, -39.3877328], [176.739153, -39.3812589], [176.7335916, -39.3814377]]]}",https://nz-imagery.s3-ap-southeast-2.amazonaws.com/hawkes-bay/hawkes-bay-cyclone-gabrielle_2023_0.1m/rgb/2193/BJ38_1000_3446.json,"{""visual"": ""https://nz-imagery.s3-ap-southeast-2.amazonaws.com/hawkes-bay/hawkes-bay-cyclone-gabrielle_2023_0.1m/rgb/2193/BJ38_1000_3446.tiff""}",https://nz-imagery.s3-ap-southeast-2.amazonaws.com/hawkes-bay/hawkes-bay-cyclone-gabrielle_2023_0.1m/rgb/2193/collection.json,BJ38_1000_3446,,0.1,01GTE4ZWCXRGNX6W0VC3SR6VJ5,
aerial,AERIAL,01GTE4ZWCXRGNX6W0VC3SR6VJ5:BJ38_1000_3447,post,,,2023-02-17T11:00:00Z,2023-02-19T11:00:00Z,tile,,,,,,,,0.001290261029553,"{""type"": ""Polygon"", ""coordinates"": [[[176.739153, -39.3812589], [176.739499, -39.3877328], [176.7450609, -39.3875537], [176.7447144, -39.3810798], [176.739153, -39.3812589]]]}",https://nz-imagery.s3-ap-southeast-2.amazonaws.com/hawkes-bay/hawkes-bay-cyclone-gabrielle_2023_0.1m/rgb/2193/BJ38_1000_3447.json,"{""visual"": ""https://nz-imagery.s3-ap-southeast-2.amazonaws.com/hawkes-bay/hawkes-bay-cyclone-gabrielle_2023_0.1m/rgb/2193/BJ38_1000_3447.tiff""}",https://nz-imagery.s3-ap-southeast-2.amazonaws.com/hawkes-bay/hawkes-bay-cyclone-gabrielle_2023_0.1m/rgb/2193/collection.json,BJ38_1000_3447,,0.1,01GTE4ZWCXRGNX6W0VC3SR6VJ5,
aerial,AERIAL,01GTE4ZWCXRGNX6W0VC3SR6VJ5:BJ38_1000_3448,post,,,2023-02-17T11:00:00Z,2023-02-19T11:00:00Z,tile,,,,,,,,0.0012902473208324,"{""type"": ""Polygon"", ""coordinates"": [[[176.7447144, -39.3810798], [176.7450609, -39.3875537], [176.7506227, -39.3873743], [176.7502757, -39.3809005], [176.7447144, -39.3810798]]]}",https://nz-imagery.s3-ap-southeast-2.amazonaws.com/hawkes-bay/hawkes-bay-cyclone-gabrielle_2023_0.1m/rgb/2193/BJ38_1000_3448.json,"{""visual"": ""https://nz-imagery.s3-ap-southeast-2.amazonaws.com/hawkes-bay/hawkes-bay-cyclone-gabrielle_2023_0.1m/rgb/2193/BJ38_1000_3448.tiff""}",https://nz-imagery.s3-ap-southeast-2.amazonaws.com/hawkes-bay/hawkes-bay-cyclone-gabrielle_2023_0.1m/rgb/2193/collection.json,BJ38_1000_3448,,0.1,01GTE4ZWCXRGNX6W0VC3SR6VJ5,
aerial,AERIAL,01GTE4ZWCXRGNX6W0VC3SR6VJ5:BJ38_1000_3449,post,,,2023-02-17T11:00:00Z,2023-02-19T11:00:00Z,tile,,,,,,,,0.0012902580426622,"{""type"": ""Polygon"", ""coordinates"": [[[176.7502757, -39.3809005], [176.7506227, -39.3873743], [176.7561845, -39.3871946], [176.755837, -39.3807208], [176.7502757, -39.3809005]]]}",https://nz-imagery.s3-ap-southeast-2.amazonaws.com/hawkes-bay/hawkes-bay-cyclone-gabrielle_2023_0.1m/rgb/2193/BJ38_1000_3449.json,"{""visual"": ""https://nz-imagery.s3-ap-southeast-2.amazonaws.com/hawkes-bay/hawkes-bay-cyclone-gabrielle_2023_0.1m/rgb/2193/BJ38_1000_3449.tiff""}",https://nz-imagery.s3-ap-southeast-2.amazonaws.com/hawkes-bay/hawkes-bay-cyclone-gabrielle_2023_0.1m/rgb/2193/collection.json,BJ38_1000_3449,,0.1,01GTE4ZWCXRGNX6W0VC3SR6VJ5,
aerial,AERIAL,01GTE4ZWCXRGNX6W0VC3SR6VJ5:BJ38_1000_3450,post,,,2023-02-17T11:00:00Z,2023-02-19T11:00:00Z,tile,,,,,,,,0.0012902537190375,"{""type"": ""Polygon"", ""coordinates"": [[[176.755837, -39.3807208], [176.7561845, -39.3871946], [176.7617462, -39.3870147], [176.7613982, -39.3805409], [176.755837, -39.3807208]]]}",https://nz-imagery.s3-ap-southeast-2.amazonaws.com/hawkes-bay/hawkes-bay-cyclone-gabrielle_2023_0.1m/rgb/2193/BJ38_1000_3450.json,"{""visual"": ""https://nz-imagery.s3-ap-southeast-2.amazonaws.com/hawkes-bay/hawkes-bay-cyclone-gabrielle_2023_0.1m/rgb/2193/BJ38_1000_3450.tiff""}",https://nz-imagery.s3-ap-southeast-2.amazonaws.com/hawkes-bay/hawkes-bay-cyclone-gabrielle_2023_0.1m/rgb/2193/collection.json,BJ38_1000_3450,,0.1,01GTE4ZWCXRGNX6W0VC3SR6VJ5,
aerial,AERIAL,01GTE4ZWCXRGNX6W0VC3SR6VJ5:BJ38_1000_3545,post,,,2023-02-17T11:00:00Z,2023-02-19T11:00:00Z,tile,,,,,,,,6.531296404825801e-06,"{""type"": ""Polygon"", ""coordinates"": [[[176.7283751, -39.3880903], [176.7287201, -39.3945643], [176.7342826, -39.3943856], [176.733937, -39.3879117], [176.7283751, -39.3880903]]]}",https://nz-imagery.s3-ap-southeast-2.amazonaws.com/hawkes-bay/hawkes-bay-cyclone-gabrielle_2023_0.1m/rgb/2193/BJ38_1000_3545.json,"{""visual"": ""https://nz-imagery.s3-ap-southeast-2.amazonaws.com/hawkes-bay/hawkes-bay-cyclone-gabrielle_2023_0.1m/rgb/2193/BJ38_1000_3545.tiff""}",https://nz-imagery.s3-ap-southeast-2.amazonaws.com/hawkes-bay/hawkes-bay-cyclone-gabrielle_2023_0.1m/rgb/2193/collection.json,BJ38_1000_3545,,0.1,01GTE4ZWCXRGNX6W0VC3SR6VJ5,
aerial,AERIAL,01GTE4ZWCXRGNX6W0VC3SR6VJ5:BJ38_1000_3546,post,,,2023-02-17T11:00:00Z,2023-02-19T11:00:00Z,tile,,,,,,,,0.0008922398767352,"{""type"": ""Polygon"", ""coordinates"": [[[176.733937, -39.3879117], [176.7342826, -39.3943856], [176.7398451, -39.3942067], [176.739499, -39.3877328], [176.733937, -39.3879117]]]}",https://nz-imagery.s3-ap-southeast-2.amazonaws.com/hawkes-bay/hawkes-bay-cyclone-gabrielle_2023_0.1m/rgb/2193/BJ38_1000_3546.json,"{""visual"": ""https://nz-imagery.s3-ap-southeast-2.amazonaws.com/hawkes-bay/hawkes-bay-cyclone-gabrielle_2023_0.1m/rgb/2193/BJ38_1000_3546.tiff""}",https://nz-imagery.s3-ap-southeast-2.amazonaws.com/hawkes-bay/hawkes-bay-cyclone-gabrielle_2023_0.1m/rgb/2193/collection.json,BJ38_1000_3546,,0.1,01GTE4ZWCXRGNX6W0VC3SR6VJ5,
aerial,AERIAL,01GTE4ZWCXRGNX6W0VC3SR6VJ5:BJ38_1000_3547,post,,,2023-02-17T11:00:00Z,2023-02-19T11:00:00Z,tile,,,,,,,,0.0012820366037513,"{""type"": ""Polygon"", ""coordinates"": [[[176.739499, -39.3877328], [176.7398451, -39.3942067], [176.7454074, -39.3940275], [176.7450609, -39.3875537], [176.739499, -39.3877328]]]}",https://nz-imagery.s3-ap-southeast-2.amazonaws.com/hawkes-bay/hawkes-bay-cyclone-gabrielle_2023_0.1m/rgb/2193/BJ38_1000_3547.json,"{""visual"": ""https://nz-imagery.s3-ap-southeast-2.amazonaws.com/hawkes-bay/hawkes-bay-cyclone-gabrielle_2023_0.1m/rgb/2193/BJ38_1000_3547.tiff""}",https://nz-imagery.s3-ap-southeast-2.amazonaws.com/hawkes-bay/hawkes-bay-cyclone-gabrielle_2023_0.1m/rgb/2193/collection.json,BJ38_1000_3547,,0.1,01GTE4ZWCXRGNX6W0VC3SR6VJ5,
aerial,AERIAL,01GTE4ZWCXRGNX6W0VC3SR6VJ5:BJ38_1000_3548,post,,,2023-02-17T11:00:00Z,2023-02-19T11:00:00Z,tile,,,,,,,,0.0012902479035203,"{""type"": ""Polygon"", ""coordinates"": [[[176.7450609, -39.3875537], [176.7454074, -39.3940275], [176.7509698, -39.3938481], [176.7506227, -39.3873743], [176.7450609, -39.3875537]]]}",https://nz-imagery.s3-ap-southeast-2.amazonaws.com/hawkes-bay/hawkes-bay-cyclone-gabrielle_2023_0.1m/rgb/2193/BJ38_1000_3548.json,"{""visual"": ""https://nz-imagery.s3-ap-southeast-2.amazonaws.com/hawkes-bay/hawkes-bay-cyclone-gabrielle_2023_0.1m/rgb/2193/BJ38_1000_3548.tiff""}",https://nz-imagery.s3-ap-southeast-2.amazonaws.com/hawkes-bay/hawkes-bay-cyclone-gabrielle_2023_0.1m/rgb/2193/collection.json,BJ38_1000_3548,,0.1,01GTE4ZWCXRGNX6W0VC3SR6VJ5,
aerial,AERIAL,01GTE4ZWCXRGNX6W0VC3SR6VJ5:BJ38_1000_3549,post,,,2023-02-17T11:00:00Z,2023-02-19T11:00:00Z,tile,,,,,,,,0.0012902566973122,"{""type"": ""Polygon"", ""coordinates"": [[[176.7506227, -39.3873743], [176.7509698, -39.3938481], [176.7565321, -39.3936684], [176.7561845, -39.3871946], [176.7506227, -39.3873743]]]}",https://nz-imagery.s3-ap-southeast-2.amazonaws.com/hawkes-bay/hawkes-bay-cyclone-gabrielle_2023_0.1m/rgb/2193/BJ38_1000_3549.json,"{""visual"": ""https://nz-imagery.s3-ap-southeast-2.amazonaws.com/hawkes-bay/hawkes-bay-cyclone-gabrielle_2023_0.1m/rgb/2193/BJ38_1000_3549.tiff""}",https://nz-imagery.s3-ap-southeast-2.amazonaws.com/hawkes-bay/hawkes-bay-cyclone-gabrielle_2023_0.1m/rgb/2193/collection.json,BJ38_1000_3549,,0.1,01GTE4ZWCXRGNX6W0VC3SR6VJ5,
aerial,AERIAL,01GTE4ZWCXRGNX6W0VC3SR6VJ5:BJ38_1000_3550,post,,,2023-02-17T11:00:00Z,2023-02-19T11:00:00Z,tile,,,,,,,,0.0012902430514936,"{""type"": ""Polygon"", ""coordinates"": [[[176.7561845, -39.3871946], [176.7565321, -39.3936684], [176.7620943, -39.3934884], [176.7617462, -39.3870147], [176.7561845, -39.3871946]]]}",https://nz-imagery.s3-ap-southeast-2.amazonaws.com/hawkes-bay/hawkes-bay-cyclone-gabrielle_2023_0.1m/rgb/2193/BJ38_1000_3550.json,"{""visual"": ""https://nz-imagery.s3-ap-southeast-2.amazonaws.com/hawkes-bay/hawkes-bay-cyclone-gabrielle_2023_0.1m/rgb/2193/BJ38_1000_3550.tiff""}",https://nz-imagery.s3-ap-southeast-2.amazonaws.com/hawkes-bay/hawkes-bay-cyclone-gabrielle_2023_0.1m/rgb/2193/collection.json,BJ38_1000_3550,,0.1,01GTE4ZWCXRGNX6W0VC3SR6VJ5,
aerial,AERIAL,01GTE4ZWCXRGNX6W0VC3SR6VJ5:BJ38_1000_3647,post,,,2023-02-17T11:00:00Z,2023-02-19T11:00:00Z,tile,,,,,,,,0.0005331762922823,"{""type"": ""Polygon"", ""coordinates"": [[[176.7398451, -39.3942067], [176.7401912, -39.4006806], [176.7457541, -39.4005014], [176.7454074, -39.3940275], [176.7398451, -39.3942067]]]}",https://nz-imagery.s3-ap-southeast-2.amazonaws.com/hawkes-bay/hawkes-bay-cyclone-gabrielle_2023_0.1m/rgb/2193/BJ38_1000_3647.json,"{""visual"": ""https://nz-imagery.s3-ap-southeast-2.amazonaws.com/hawkes-bay/hawkes-bay-cyclone-gabrielle_2023_0.1m/rgb/2193/BJ38_1000_3647.tiff""}",https://nz-imagery.s3-ap-southeast-2.amazonaws.com/hawkes-bay/hawkes-bay-cyclone-gabrielle_2023_0.1m/rgb/2193/collection.json,BJ38_1000_3647,,0.1,01GTE4ZWCXRGNX6W0VC3SR6VJ5,
aerial,AERIAL,01GTE4ZWCXRGNX6W0VC3SR6VJ5:BJ38_1000_3648,post,,,2023-02-17T11:00:00Z,2023-02-19T11:00:00Z,tile,,,,,,,,0.0012902689846949,"{""type"": ""Polygon"", ""coordinates"": [[[176.7454074, -39.3940275], [176.7457541, -39.4005014], [176.751317, -39.4003219], [176.7509698, -39.3938481], [176.7454074, -39.3940275]]]}",https://nz-imagery.s3-ap-southeast-2.amazonaws.com/hawkes-bay/hawkes-bay-cyclone-gabrielle_2023_0.1m/rgb/2193/BJ38_1000_3648.json,"{""visual"": ""https://nz-imagery.s3-ap-southeast-2.amazonaws.com/hawkes-bay/hawkes-bay-cyclone-gabrielle_2023_0.1m/rgb/2193/BJ38_1000_3648.tiff""}",https://nz-imagery.s3-ap-southeast-2.amazonaws.com/hawkes-bay/hawkes-bay-cyclone-gabrielle_2023_0.1m/rgb/2193/collection.json,BJ38_1000_3648,,0.1,01GTE4ZWCXRGNX6W0VC3SR6VJ5,
aerial,AERIAL,01GTE4ZWCXRGNX6W0VC3SR6VJ5:BJ38_1000_3649,post,,,2023-02-17T11:00:00Z,2023-02-19T11:00:00Z,tile,,,,,,,,0.0012902459878851,"{""type"": ""Polygon"", ""coordinates"": [[[176.7509698, -39.3938481], [176.751317, -39.4003219], [176.7568798, -39.4001421], [176.7565321, -39.3936684], [176.7509698, -39.3938481]]]}",https://nz-imagery.s3-ap-southeast-2.amazonaws.com/hawkes-bay/hawkes-bay-cyclone-gabrielle_2023_0.1m/rgb/2193/BJ38_1000_3649.json,"{""visual"": ""https://nz-imagery.s3-ap-southeast-2.amazonaws.com/hawkes-bay/hawkes-bay-cyclone-gabrielle_2023_0.1m/rgb/2193/BJ38_1000_3649.tiff""}",https://nz-imagery.s3-ap-southeast-2.amazonaws.com/hawkes-bay/hawkes-bay-cyclone-gabrielle_2023_0.1m/rgb/2193/collection.json,BJ38_1000_3649,,0.1,01GTE4ZWCXRGNX6W0VC3SR6VJ5,
aerial,AERIAL,01GTE4ZWCXRGNX6W0VC3SR6VJ5:BJ38_1000_3650,post,,,2023-02-17T11:00:00Z,2023-02-19T11:00:00Z,tile,,,,,,,,0.0012902442462026,"{""type"": ""Polygon"", ""coordinates"": [[[176.7565321, -39.3936684], [176.7568798, -39.4001421], [176.7624426, -39.3999621], [176.7620943, -39.3934884], [176.7565321, -39.3936684]]]}",https://nz-imagery.s3-ap-southeast-2.amazonaws.com/hawkes-bay/hawkes-bay-cyclone-gabrielle_2023_0.1m/rgb/2193/BJ38_1000_3650.json,"{""visual"": ""https://nz-imagery.s3-ap-southeast-2.amazonaws.com/hawkes-bay/hawkes-bay-cyclone-gabrielle_2023_0.1m/rgb/2193/BJ38_1000_3650.tiff""}",https://nz-imagery.s3-ap-southeast-2.amazonaws.com/hawkes-bay/hawkes-bay-cyclone-gabrielle_2023_0.1m/rgb/2193/collection.json,BJ38_1000_3650,,0.1,01GTE4ZWCXRGNX6W0VC3SR6VJ5,
aerial,AERIAL,01GTE4ZWCXRGNX6W0VC3SR6VJ5:BJ38_1000_3747,post,,,2023-02-17T11:00:00Z,2023-02-19T11:00:00Z,tile,,,,,,,,2.2500090799370875e-05,"{""type"": ""Polygon"", ""coordinates"": [[[176.7401912, -39.4006806], [176.7405375, -39.4071545], [176.746101, -39.4069752], [176.7457541, -39.4005014], [176.7401912, -39.4006806]]]}",https://nz-imagery.s3-ap-southeast-2.amazonaws.com/hawkes-bay/hawkes-bay-cyclone-gabrielle_2023_0.1m/rgb/2193/BJ38_1000_3747.json,"{""visual"": ""https://nz-imagery.s3-ap-southeast-2.amazonaws.com/hawkes-bay/hawkes-bay-cyclone-gabrielle_2023_0.1m/rgb/2193/BJ38_1000_3747.tiff""}",https://nz-imagery.s3-ap-southeast-2.amazonaws.com/hawkes-bay/hawkes-bay-cyclone-gabrielle_2023_0.1m/rgb/2193/collection.json,BJ38_1000_3747,,0.1,01GTE4ZWCXRGNX6W0VC3SR6VJ5,
aerial,AERIAL,01GTE4ZWCXRGNX6W0VC3SR6VJ5:BJ38_1000_3748,post,,,2023-02-17T11:00:00Z,2023-02-19T11:00:00Z,tile,,,,,,,,0.0011794781903562,"{""type"": ""Polygon"", ""coordinates"": [[[176.7457541, -39.4005014], [176.746101, -39.4069752], [176.7516643, -39.4067957], [176.751317, -39.4003219], [176.7457541, -39.4005014]]]}",https://nz-imagery.s3-ap-southeast-2.amazonaws.com/hawkes-bay/hawkes-bay-cyclone-gabrielle_2023_0.1m/rgb/2193/BJ38_1000_3748.json,"{""visual"": ""https://nz-imagery.s3-ap-southeast-2.amazonaws.com/hawkes-bay/hawkes-bay-cyclone-gabrielle_2023_0.1m/rgb/2193/BJ38_1000_3748.tiff""}",https://nz-imagery.s3-ap-southeast-2.amazonaws.com/hawkes-bay/hawkes-bay-cyclone-gabrielle_2023_0.1m/rgb/2193/collection.json,BJ38_1000_3748,,0.1,01GTE4ZWCXRGNX6W0VC3SR6VJ5,
aerial,AERIAL,01GTE4ZWCXRGNX6W0VC3SR6VJ5:BJ38_1000_3749,post,,,2023-02-17T11:00:00Z,2023-02-19T11:00:00Z,tile,,,,,,,,0.0012902551364736,"{""type"": ""Polygon"", ""coordinates"": [[[176.751317, -39.4003219], [176.7516643, -39.4067957], [176.7572276, -39.4066159], [176.7568798, -39.4001421], [176.751317, -39.4003219]]]}",https://nz-imagery.s3-ap-southeast-2.amazonaws.com/hawkes-bay/hawkes-bay-cyclone-gabrielle_2023_0.1m/rgb/2193/BJ38_1000_3749.json,"{""visual"": ""https://nz-imagery.s3-ap-southeast-2.amazonaws.com/hawkes-bay/hawkes-bay-cyclone-gabrielle_2023_0.1m/rgb/2193/BJ38_1000_3749.tiff""}",https://nz-imagery.s3-ap-southeast-2.amazonaws.com/hawkes-bay/hawkes-bay-cyclone-gabrielle_2023_0.1m/rgb/2193/collection.json,BJ38_1000_3749,,0.1,01GTE4ZWCXRGNX6W0VC3SR6VJ5,
aerial,AERIAL,01GTE4ZWCXRGNX6W0VC3SR6VJ5:BJ38_1000_3750,post,,,2023-02-17T11:00:00Z,2023-02-19T11:00:00Z,tile,,,,,,,,0.0012902646538662,"{""type"": ""Polygon"", ""coordinates"": [[[176.7568798, -39.4001421], [176.7572276, -39.4066159], [176.7627909, -39.4064358], [176.7624426, -39.3999621], [176.7568798, -39.4001421]]]}",https://nz-imagery.s3-ap-southeast-2.amazonaws.com/hawkes-bay/hawkes-bay-cyclone-gabrielle_2023_0.1m/rgb/2193/BJ38_1000_3750.json,"{""visual"": ""https://nz-imagery.s3-ap-southeast-2.amazonaws.com/hawkes-bay/hawkes-bay-cyclone-gabrielle_2023_0.1m/rgb/2193/BJ38_1000_3750.tiff""}",https://nz-imagery.s3-ap-southeast-2.amazonaws.com/hawkes-bay/hawkes-bay-cyclone-gabrielle_2023_0.1m/rgb/2193/collection.json,BJ38_1000_3750,,0.1,01GTE4ZWCXRGNX6W0VC3SR6VJ5,
aerial,AERIAL,01GTE4ZWCXRGNX6W0VC3SR6VJ5:BJ38_1000_3848,post,,,2023-02-17T11:00:00Z,2023-02-19T11:00:00Z,tile,,,,,,,,0.0002050937555039,"{""type"": ""Polygon"", ""coordinates"": [[[176.746101, -39.4069752], [176.7464479, -39.413449], [176.7520118, -39.4132695], [176.7516643, -39.4067957], [176.746101, -39.4069752]]]}",https://nz-imagery.s3-ap-southeast-2.amazonaws.com/hawkes-bay/hawkes-bay-cyclone-gabrielle_2023_0.1m/rgb/2193/BJ38_1000_3848.json,"{""visual"": ""https://nz-imagery.s3-ap-southeast-2.amazonaws.com/hawkes-bay/hawkes-bay-cyclone-gabrielle_2023_0.1m/rgb/2193/BJ38_1000_3848.tiff""}",https://nz-imagery.s3-ap-southeast-2.amazonaws.com/hawkes-bay/hawkes-bay-cyclone-gabrielle_2023_0.1m/rgb/2193/collection.json,BJ38_1000_3848,,0.1,01GTE4ZWCXRGNX6W0VC3SR6VJ5,
aerial,AERIAL,01GTE4ZWCXRGNX6W0VC3SR6VJ5:BJ38_1000_3849,post,,,2023-02-17T11:00:00Z,2023-02-19T11:00:00Z,tile,,,,,,,,0.0005134679627045,"{""type"": ""Polygon"", ""coordinates"": [[[176.7516643, -39.4067957], [176.7520118, -39.4132695], [176.7575756, -39.4130896], [176.7572276, -39.4066159], [176.7516643, -39.4067957]]]}",https://nz-imagery.s3-ap-southeast-2.amazonaws.com/hawkes-bay/hawkes-bay-cyclone-gabrielle_2023_0.1m/rgb/2193/BJ38_1000_3849.json,"{""visual"": ""https://nz-imagery.s3-ap-southeast-2.amazonaws.com/hawkes-bay/hawkes-bay-cyclone-gabrielle_2023_0.1m/rgb/2193/BJ38_1000_3849.tiff""}",https://nz-imagery.s3-ap-southeast-2.amazonaws.com/hawkes-bay/hawkes-bay-cyclone-gabrielle_2023_0.1m/rgb/2193/collection.json,BJ38_1000_3849,,0.1,01GTE4ZWCXRGNX6W0VC3SR6VJ5,
aerial,AERIAL,01GTE4ZWCXRGNX6W0VC3SR6VJ5:BJ38_1000_3850,post,,,2023-02-17T11:00:00Z,2023-02-19T11:00:00Z,tile,,,,,,,,0.001201397895495,"{""type"": ""Polygon"", ""coordinates"": [[[176.7572276, -39.4066159], [176.7575756, -39.4130896], [176.7631394, -39.4129095], [176.7627909, -39.4064358], [176.7572276, -39.4066159]]]}",https://nz-imagery.s3-ap-southeast-2.amazonaws.com/hawkes-bay/hawkes-bay-cyclone-gabrielle_2023_0.1m/rgb/2193/BJ38_1000_3850.json,"{""visual"": ""https://nz-imagery.s3-ap-southeast-2.amazonaws.com/hawkes-bay/hawkes-bay-cyclone-gabrielle_2023_0.1m/rgb/2193/BJ38_1000_3850.tiff""}",https://nz-imagery.s3-ap-southeast-2.amazonaws.com/hawkes-bay/hawkes-bay-cyclone-gabrielle_2023_0.1m/rgb/2193/collection.json,BJ38_1000_3850,,0.1,01GTE4ZWCXRGNX6W0VC3SR6VJ5,
aerial,AERIAL,01GTE4ZWCXRGNX6W0VC3SR6VJ5:BJ38_1000_3950,post,,,2023-02-17T11:00:00Z,2023-02-19T11:00:00Z,tile,,,,,,,,0.0005965208722259,"{""type"": ""Polygon"", ""coordinates"": [[[176.7575756, -39.4130896], [176.7579237, -39.4195634], [176.7634879, -39.4193832], [176.7631394, -39.4129095], [176.7575756, -39.4130896]]]}",https://nz-imagery.s3-ap-southeast-2.amazonaws.com/hawkes-bay/hawkes-bay-cyclone-gabrielle_2023_0.1m/rgb/2193/BJ38_1000_3950.json,"{""visual"": ""https://nz-imagery.s3-ap-southeast-2.amazonaws.com/hawkes-bay/hawkes-bay-cyclone-gabrielle_2023_0.1m/rgb/2193/BJ38_1000_3950.tiff""}",https://nz-imagery.s3-ap-southeast-2.amazonaws.com/hawkes-bay/hawkes-bay-cyclone-gabrielle_2023_0.1m/rgb/2193/collection.json,BJ38_1000_3950,,0.1,01GTE4ZWCXRGNX6W0VC3SR6VJ5,
aerial,AERIAL,01GTE4ZWCXRGNX6W0VC3SR6VJ5:BJ38_1000_4050,post,,,2023-02-17T11:00:00Z,2023-02-19T11:00:00Z,tile,,,,,,,,5.486456428598004e-05,"{""type"": ""Polygon"", ""coordinates"": [[[176.7579237, -39.4195634], [176.7582718, -39.4260371], [176.7638366, -39.4258569], [176.7634879, -39.4193832], [176.7579237, -39.4195634]]]}",https://nz-imagery.s3-ap-southeast-2.amazonaws.com/hawkes-bay/hawkes-bay-cyclone-gabrielle_2023_0.1m/rgb/2193/BJ38_1000_4050.json,"{""visual"": ""https://nz-imagery.s3-ap-southeast-2.amazonaws.com/hawkes-bay/hawkes-bay-cyclone-gabrielle_2023_0.1m/rgb/2193/BJ38_1000_4050.tiff""}",https://nz-imagery.s3-ap-southeast-2.amazonaws.com/hawkes-bay/hawkes-bay-cyclone-gabrielle_2023_0.1m/rgb/2193/collection.json,BJ38_1000_4050,,0.1,01GTE4ZWCXRGNX6W0VC3SR6VJ5,
aerial,AERIAL,01GTE4ZWCXRGNX6W0VC3SR6VJ5:BJ39_1000_2306,post,,,2023-02-17T11:00:00Z,2023-02-19T11:00:00Z,tile,,,,,,,,0.0012902675043674,"{""type"": ""Polygon"", ""coordinates"": [[[176.7853547, -39.308428], [176.785704, -39.3149017], [176.7912599, -39.3147206], [176.79091, -39.308247], [176.7853547, -39.308428]]]}",https://nz-imagery.s3-ap-southeast-2.amazonaws.com/hawkes-bay/hawkes-bay-cyclone-gabrielle_2023_0.1m/rgb/2193/BJ39_1000_2306.json,"{""visual"": ""https://nz-imagery.s3-ap-southeast-2.amazonaws.com/hawkes-bay/hawkes-bay-cyclone-gabrielle_2023_0.1m/rgb/2193/BJ39_1000_2306.tiff""}",https://nz-imagery.s3-ap-southeast-2.amazonaws.com/hawkes-bay/hawkes-bay-cyclone-gabrielle_2023_0.1m/rgb/2193/collection.json,BJ39_1000_2306,,0.1,01GTE4ZWCXRGNX6W0VC3SR6VJ5,
aerial,AERIAL,01GTE4ZWCXRGNX6W0VC3SR6VJ5:BJ39_1000_2307,post,,,2023-02-17T11:00:00Z,2023-02-19T11:00:00Z,tile,,,,,,,,0.0012902540019705,"{""type"": ""Polygon"", ""coordinates"": [[[176.79091, -39.308247], [176.7912599, -39.3147206], [176.7968156, -39.3145393], [176.7964653, -39.3080657], [176.79091, -39.308247]]]}",https://nz-imagery.s3-ap-southeast-2.amazonaws.com/hawkes-bay/hawkes-bay-cyclone-gabrielle_2023_0.1m/rgb/2193/BJ39_1000_2307.json,"{""visual"": ""https://nz-imagery.s3-ap-southeast-2.amazonaws.com/hawkes-bay/hawkes-bay-cyclone-gabrielle_2023_0.1m/rgb/2193/BJ39_1000_2307.tiff""}",https://nz-imagery.s3-ap-southeast-2.amazonaws.com/hawkes-bay/hawkes-bay-cyclone-gabrielle_2023_0.1m/rgb/2193/collection.json,BJ39_1000_2307,,0.1,01GTE4ZWCXRGNX6W0VC3SR6VJ5,
aerial,AERIAL,01GTE4ZWCXRGNX6W0VC3SR6VJ5:BJ39_1000_2406,post,,,2023-02-17T11:00:00Z,2023-02-19T11:00:00Z,tile,,,,,,,,0.0012902572745831,"{""type"": ""Polygon"", ""coordinates"": [[[176.785704, -39.3149017], [176.7860535, -39.3213753], [176.7916098, -39.3211942], [176.7912599, -39.3147206], [176.785704, -39.3149017]]]}",https://nz-imagery.s3-ap-southeast-2.amazonaws.com/hawkes-bay/hawkes-bay-cyclone-gabrielle_2023_0.1m/rgb/2193/BJ39_1000_2406.json,"{""visual"": ""https://nz-imagery.s3-ap-southeast-2.amazonaws.com/hawkes-bay/hawkes-bay-cyclone-gabrielle_2023_0.1m/rgb/2193/BJ39_1000_2406.tiff""}",https://nz-imagery.s3-ap-southeast-2.amazonaws.com/hawkes-bay/hawkes-bay-cyclone-gabrielle_2023_0.1m/rgb/2193/collection.json,BJ39_1000_2406,,0.1,01GTE4ZWCXRGNX6W0VC3SR6VJ5,
aerial,AERIAL,01GTE4ZWCXRGNX6W0VC3SR6VJ5:BJ39_1000_2407,post,,,2023-02-17T11:00:00Z,2023-02-19T11:00:00Z,tile,,,,,,,,0.0012902437761735,"{""type"": ""Polygon"", ""coordinates"": [[[176.7912599, -39.3147206], [176.7916098, -39.3211942], [176.7971661, -39.3210128], [176.7968156, -39.3145393], [176.7912599, -39.3147206]]]}",https://nz-imagery.s3-ap-southeast-2.amazonaws.com/hawkes-bay/hawkes-bay-cyclone-gabrielle_2023_0.1m/rgb/2193/BJ39_1000_2407.json,"{""visual"": ""https://nz-imagery.s3-ap-southeast-2.amazonaws.com/hawkes-bay/hawkes-bay-cyclone-gabrielle_2023_0.1m/rgb/2193/BJ39_1000_2407.tiff""}",https://nz-imagery.s3-ap-southeast-2.amazonaws.com/hawkes-bay/hawkes-bay-cyclone-gabrielle_2023_0.1m/rgb/2193/collection.json,BJ39_1000_2407,,0.1,01GTE4ZWCXRGNX6W0VC3SR6VJ5,
aerial,AERIAL,01GTE4ZWCXRGNX6W0VC3SR6VJ5:BJ39_1000_2408,post,,,2023-02-17T11:00:00Z,2023-02-19T11:00:00Z,tile,,,,,,,,0.001290242222479,"{""type"": ""Polygon"", ""coordinates"": [[[176.7968156, -39.3145393], [176.7971661, -39.3210128], [176.8027223, -39.3208312], [176.8023713, -39.3143577], [176.7968156, -39.3145393]]]}",https://nz-imagery.s3-ap-southeast-2.amazonaws.com/hawkes-bay/hawkes-bay-cyclone-gabrielle_2023_0.1m/rgb/2193/BJ39_1000_2408.json,"{""visual"": ""https://nz-imagery.s3-ap-southeast-2.amazonaws.com/hawkes-bay/hawkes-bay-cyclone-gabrielle_2023_0.1m/rgb/2193/BJ39_1000_2408.tiff""}",https://nz-imagery.s3-ap-southeast-2.amazonaws.com/hawkes-bay/hawkes-bay-cyclone-gabrielle_2023_0.1m/rgb/2193/collection.json,BJ39_1000_2408,,0.1,01GTE4ZWCXRGNX6W0VC3SR6VJ5,
aerial,AERIAL,01GTE4ZWCXRGNX6W0VC3SR6VJ5:BJ39_1000_2409,post,,,2023-02-17T11:00:00Z,2023-02-19T11:00:00Z,tile,,,,,,,,0.0012902625402622,"{""type"": ""Polygon"", ""coordinates"": [[[176.8023713, -39.3143577], [176.8027223, -39.3208312], [176.8082785, -39.3206493], [176.807927, -39.3141758], [176.8023713, -39.3143577]]]}",https://nz-imagery.s3-ap-southeast-2.amazonaws.com/hawkes-bay/hawkes-bay-cyclone-gabrielle_2023_0.1m/rgb/2193/BJ39_1000_2409.json,"{""visual"": ""https://nz-imagery.s3-ap-southeast-2.amazonaws.com/hawkes-bay/hawkes-bay-cyclone-gabrielle_2023_0.1m/rgb/2193/BJ39_1000_2409.tiff""}",https://nz-imagery.s3-ap-southeast-2.amazonaws.com/hawkes-bay/hawkes-bay-cyclone-gabrielle_2023_0.1m/rgb/2193/collection.json,BJ39_1000_2409,,0.1,01GTE4ZWCXRGNX6W0VC3SR6VJ5,
aerial,AERIAL,01GTE4ZWCXRGNX6W0VC3SR6VJ5:BJ39_1000_2410,post,,,2023-02-17T11:00:00Z,2023-02-19T11:00:00Z,tile,,,,,,,,0.0012902491287778,"{""type"": ""Polygon"", ""coordinates"": [[[176.807927, -39.3141758], [176.8082785, -39.3206493], [176.8138346, -39.3204671], [176.8134826, -39.3139937], [176.807927, -39.3141758]]]}",https://nz-imagery.s3-ap-southeast-2.amazonaws.com/hawkes-bay/hawkes-bay-cyclone-gabrielle_2023_0.1m/rgb/2193/BJ39_1000_2410.json,"{""visual"": ""https://nz-imagery.s3-ap-southeast-2.amazonaws.com/hawkes-bay/hawkes-bay-cyclone-gabrielle_2023_0.1m/rgb/2193/BJ39_1000_2410.tiff""}",https://nz-imagery.s3-ap-southeast-2.amazonaws.com/hawkes-bay/hawkes-bay-cyclone-gabrielle_2023_0.1m/rgb/2193/collection.json,BJ39_1000_2410,,0.1,01GTE4ZWCXRGNX6W0VC3SR6VJ5,
aerial,AERIAL,01GTE4ZWCXRGNX6W0VC3SR6VJ5:BJ39_1000_2411,post,,,2023-02-17T11:00:00Z,2023-02-19T11:00:00Z,tile,,,,,,,,0.0012902589272039,"{""type"": ""Polygon"", ""coordinates"": [[[176.8134826, -39.3139937], [176.8138346, -39.3204671], [176.8193907, -39.3202847], [176.8190382, -39.3138113], [176.8134826, -39.3139937]]]}",https://nz-imagery.s3-ap-southeast-2.amazonaws.com/hawkes-bay/hawkes-bay-cyclone-gabrielle_2023_0.1m/rgb/2193/BJ39_1000_2411.json,"{""visual"": ""https://nz-imagery.s3-ap-southeast-2.amazonaws.com/hawkes-bay/hawkes-bay-cyclone-gabrielle_2023_0.1m/rgb/2193/BJ39_1000_2411.tiff""}",https://nz-imagery.s3-ap-southeast-2.amazonaws.com/hawkes-bay/hawkes-bay-cyclone-gabrielle_2023_0.1m/rgb/2193/collection.json,BJ39_1000_2411,,0.1,01GTE4ZWCXRGNX6W0VC3SR6VJ5,
aerial,AERIAL,01GTE4ZWCXRGNX6W0VC3SR6VJ5:BJ39_1000_2412,post,,,2023-02-17T11:00:00Z,2023-02-19T11:00:00Z,tile,,,,,,,,0.0012902561518359,"{""type"": ""Polygon"", ""coordinates"": [[[176.8190382, -39.3138113], [176.8193907, -39.3202847], [176.8249467, -39.320102], [176.8245937, -39.3136286], [176.8190382, -39.3138113]]]}",https://nz-imagery.s3-ap-southeast-2.amazonaws.com/hawkes-bay/hawkes-bay-cyclone-gabrielle_2023_0.1m/rgb/2193/BJ39_1000_2412.json,"{""visual"": ""https://nz-imagery.s3-ap-southeast-2.amazonaws.com/hawkes-bay/hawkes-bay-cyclone-gabrielle_2023_0.1m/rgb/2193/BJ39_1000_2412.tiff""}",https://nz-imagery.s3-ap-southeast-2.amazonaws.com/hawkes-bay/hawkes-bay-cyclone-gabrielle_2023_0.1m/rgb/2193/collection.json,BJ39_1000_2412,,0.1,01GTE4ZWCXRGNX6W0VC3SR6VJ5,
aerial,AERIAL,01GTE4ZWCXRGNX6W0VC3SR6VJ5:BJ39_1000_2413,post,,,2023-02-17T11:00:00Z,2023-02-19T11:00:00Z,tile,,,,,,,,0.0012902660085211,"{""type"": ""Polygon"", ""coordinates"": [[[176.8245937, -39.3136286], [176.8249467, -39.320102], [176.8305027, -39.319919], [176.8301492, -39.3134457], [176.8245937, -39.3136286]]]}",https://nz-imagery.s3-ap-southeast-2.amazonaws.com/hawkes-bay/hawkes-bay-cyclone-gabrielle_2023_0.1m/rgb/2193/BJ39_1000_2413.json,"{""visual"": ""https://nz-imagery.s3-ap-southeast-2.amazonaws.com/hawkes-bay/hawkes-bay-cyclone-gabrielle_2023_0.1m/rgb/2193/BJ39_1000_2413.tiff""}",https://nz-imagery.s3-ap-southeast-2.amazonaws.com/hawkes-bay/hawkes-bay-cyclone-gabrielle_2023_0.1m/rgb/2193/collection.json,BJ39_1000_2413,,0.1,01GTE4ZWCXRGNX6W0VC3SR6VJ5,
aerial,AERIAL,01GTE4ZWCXRGNX6W0VC3SR6VJ5:BJ39_1000_2414,post,,,2023-02-17T11:00:00Z,2023-02-19T11:00:00Z,tile,,,,,,,,0.0012887669870278,"{""type"": ""Polygon"", ""coordinates"": [[[176.8301492, -39.3134457], [176.8305027, -39.319919], [176.8360586, -39.3197358], [176.8357046, -39.3132625], [176.8301492, -39.3134457]]]}",https://nz-imagery.s3-ap-southeast-2.amazonaws.com/hawkes-bay/hawkes-bay-cyclone-gabrielle_2023_0.1m/rgb/2193/BJ39_1000_2414.json,"{""visual"": ""https://nz-imagery.s3-ap-southeast-2.amazonaws.com/hawkes-bay/hawkes-bay-cyclone-gabrielle_2023_0.1m/rgb/2193/BJ39_1000_2414.tiff""}",https://nz-imagery.s3-ap-southeast-2.amazonaws.com/hawkes-bay/hawkes-bay-cyclone-gabrielle_2023_0.1m/rgb/2193/collection.json,BJ39_1000_2414,,0.1,01GTE4ZWCXRGNX6W0VC3SR6VJ5,
aerial,AERIAL,01GTE4ZWCXRGNX6W0VC3SR6VJ5:BJ39_1000_2415,post,,,2023-02-17T11:00:00Z,2023-02-19T11:00:00Z,tile,,,,,,,,0.0003291496608659,"{""type"": ""Polygon"", ""coordinates"": [[[176.8357046, -39.3132625], [176.8360586, -39.3197358], [176.8416145, -39.3195523], [176.8412599, -39.3130791], [176.8357046, -39.3132625]]]}",https://nz-imagery.s3-ap-southeast-2.amazonaws.com/hawkes-bay/hawkes-bay-cyclone-gabrielle_2023_0.1m/rgb/2193/BJ39_1000_2415.json,"{""visual"": ""https://nz-imagery.s3-ap-southeast-2.amazonaws.com/hawkes-bay/hawkes-bay-cyclone-gabrielle_2023_0.1m/rgb/2193/BJ39_1000_2415.tiff""}",https://nz-imagery.s3-ap-southeast-2.amazonaws.com/hawkes-bay/hawkes-bay-cyclone-gabrielle_2023_0.1m/rgb/2193/collection.json,BJ39_1000_2415,,0.1,01GTE4ZWCXRGNX6W0VC3SR6VJ5,
aerial,AERIAL,01GTE4ZWCXRGNX6W0VC3SR6VJ5:BJ39_1000_2506,post,,,2023-02-17T11:00:00Z,2023-02-19T11:00:00Z,tile,,,,,,,,0.0012902563281648,"{""type"": ""Polygon"", ""coordinates"": [[[176.7860535, -39.3213753], [176.786403, -39.3278489], [176.7919599, -39.3276678], [176.7916098, -39.3211942], [176.7860535, -39.3213753]]]}",https://nz-imagery.s3-ap-southeast-2.amazonaws.com/hawkes-bay/hawkes-bay-cyclone-gabrielle_2023_0.1m/rgb/2193/BJ39_1000_2506.json,"{""visual"": ""https://nz-imagery.s3-ap-southeast-2.amazonaws.com/hawkes-bay/hawkes-bay-cyclone-gabrielle_2023_0.1m/rgb/2193/BJ39_1000_2506.tiff""}",https://nz-imagery.s3-ap-southeast-2.amazonaws.com/hawkes-bay/hawkes-bay-cyclone-gabrielle_2023_0.1m/rgb/2193/collection.json,BJ39_1000_2506,,0.1,01GTE4ZWCXRGNX6W0VC3SR6VJ5,
aerial,AERIAL,01GTE4ZWCXRGNX6W0VC3SR6VJ5:BJ39_1000_2507,post,,,2023-02-17T11:00:00Z,2023-02-19T11:00:00Z,tile,,,,,,,,0.0012902560036645,"{""type"": ""Polygon"", ""coordinates"": [[[176.7916098, -39.3211942], [176.7919599, -39.3276678], [176.7975167, -39.3274863], [176.7971661, -39.3210128], [176.7916098, -39.3211942]]]}",https://nz-imagery.s3-ap-southeast-2.amazonaws.com/hawkes-bay/hawkes-bay-cyclone-gabrielle_2023_0.1m/rgb/2193/BJ39_1000_2507.json,"{""visual"": ""https://nz-imagery.s3-ap-southeast-2.amazonaws.com/hawkes-bay/hawkes-bay-cyclone-gabrielle_2023_0.1m/rgb/2193/BJ39_1000_2507.tiff""}",https://nz-imagery.s3-ap-southeast-2.amazonaws.com/hawkes-bay/hawkes-bay-cyclone-gabrielle_2023_0.1m/rgb/2193/collection.json,BJ39_1000_2507,,0.1,01GTE4ZWCXRGNX6W0VC3SR6VJ5,
aerial,AERIAL,01GTE4ZWCXRGNX6W0VC3SR6VJ5:BJ39_1000_2508,post,,,2023-02-17T11:00:00Z,2023-02-19T11:00:00Z,tile,,,,,,,,0.0012902412838094,"{""type"": ""Polygon"", ""coordinates"": [[[176.7971661, -39.3210128], [176.7975167, -39.3274863], [176.8030734, -39.3273047], [176.8027223, -39.3208312], [176.7971661, -39.3210128]]]}",https://nz-imagery.s3-ap-southeast-2.amazonaws.com/hawkes-bay/hawkes-bay-cyclone-gabrielle_2023_0.1m/rgb/2193/BJ39_1000_2508.json,"{""visual"": ""https://nz-imagery.s3-ap-southeast-2.amazonaws.com/hawkes-bay/hawkes-bay-cyclone-gabrielle_2023_0.1m/rgb/2193/BJ39_1000_2508.tiff""}",https://nz-imagery.s3-ap-southeast-2.amazonaws.com/hawkes-bay/hawkes-bay-cyclone-gabrielle_2023_0.1m/rgb/2193/collection.json,BJ39_1000_2508,,0.1,01GTE4ZWCXRGNX6W0VC3SR6VJ5,
aerial,AERIAL,01GTE4ZWCXRGNX6W0VC3SR6VJ5:BJ39_1000_2509,post,,,2023-02-17T11:00:00Z,2023-02-19T11:00:00Z,tile,,,,,,,,0.0012902522842658,"{""type"": ""Polygon"", ""coordinates"": [[[176.8027223, -39.3208312], [176.8030734, -39.3273047], [176.8086301, -39.3271227], [176.8082785, -39.3206493], [176.8027223, -39.3208312]]]}",https://nz-imagery.s3-ap-southeast-2.amazonaws.com/hawkes-bay/hawkes-bay-cyclone-gabrielle_2023_0.1m/rgb/2193/BJ39_1000_2509.json,"{""visual"": ""https://nz-imagery.s3-ap-southeast-2.amazonaws.com/hawkes-bay/hawkes-bay-cyclone-gabrielle_2023_0.1m/rgb/2193/BJ39_1000_2509.tiff""}",https://nz-imagery.s3-ap-southeast-2.amazonaws.com/hawkes-bay/hawkes-bay-cyclone-gabrielle_2023_0.1m/rgb/2193/collection.json,BJ39_1000_2509,,0.1,01GTE4ZWCXRGNX6W0VC3SR6VJ5,
aerial,AERIAL,01GTE4ZWCXRGNX6W0VC3SR6VJ5:BJ39_1000_2510,post,,,2023-02-17T11:00:00Z,2023-02-19T11:00:00Z,tile,,,,,,,,0.0012902388777042,"{""type"": ""Polygon"", ""coordinates"": [[[176.8082785, -39.3206493], [176.8086301, -39.3271227], [176.8141867, -39.3269405], [176.8138346, -39.3204671], [176.8082785, -39.3206493]]]}",https://nz-imagery.s3-ap-southeast-2.amazonaws.com/hawkes-bay/hawkes-bay-cyclone-gabrielle_2023_0.1m/rgb/2193/BJ39_1000_2510.json,"{""visual"": ""https://nz-imagery.s3-ap-southeast-2.amazonaws.com/hawkes-bay/hawkes-bay-cyclone-gabrielle_2023_0.1m/rgb/2193/BJ39_1000_2510.tiff""}",https://nz-imagery.s3-ap-southeast-2.amazonaws.com/hawkes-bay/hawkes-bay-cyclone-gabrielle_2023_0.1m/rgb/2193/collection.json,BJ39_1000_2510,,0.1,01GTE4ZWCXRGNX6W0VC3SR6VJ5,
aerial,AERIAL,01GTE4ZWCXRGNX6W0VC3SR6VJ5:BJ39_1000_2511,post,,,2023-02-17T11:00:00Z,2023-02-19T11:00:00Z,tile,,,,,,,,0.0012902486790199,"{""type"": ""Polygon"", ""coordinates"": [[[176.8138346, -39.3204671], [176.8141867, -39.3269405], [176.8197433, -39.326758], [176.8193907, -39.3202847], [176.8138346, -39.3204671]]]}",https://nz-imagery.s3-ap-southeast-2.amazonaws.com/hawkes-bay/hawkes-bay-cyclone-gabrielle_2023_0.1m/rgb/2193/BJ39_1000_2511.json,"{""visual"": ""https://nz-imagery.s3-ap-southeast-2.amazonaws.com/hawkes-bay/hawkes-bay-cyclone-gabrielle_2023_0.1m/rgb/2193/BJ39_1000_2511.tiff""}",https://nz-imagery.s3-ap-southeast-2.amazonaws.com/hawkes-bay/hawkes-bay-cyclone-gabrielle_2023_0.1m/rgb/2193/collection.json,BJ39_1000_2511,,0.1,01GTE4ZWCXRGNX6W0VC3SR6VJ5,
aerial,AERIAL,01GTE4ZWCXRGNX6W0VC3SR6VJ5:BJ39_1000_2512,post,,,2023-02-17T11:00:00Z,2023-02-19T11:00:00Z,tile,,,,,,,,0.0012902353285446,"{""type"": ""Polygon"", ""coordinates"": [[[176.8193907, -39.3202847], [176.8197433, -39.326758], [176.8252998, -39.3265753], [176.8249467, -39.320102], [176.8193907, -39.3202847]]]}",https://nz-imagery.s3-ap-southeast-2.amazonaws.com/hawkes-bay/hawkes-bay-cyclone-gabrielle_2023_0.1m/rgb/2193/BJ39_1000_2512.json,"{""visual"": ""https://nz-imagery.s3-ap-southeast-2.amazonaws.com/hawkes-bay/hawkes-bay-cyclone-gabrielle_2023_0.1m/rgb/2193/BJ39_1000_2512.tiff""}",https://nz-imagery.s3-ap-southeast-2.amazonaws.com/hawkes-bay/hawkes-bay-cyclone-gabrielle_2023_0.1m/rgb/2193/collection.json,BJ39_1000_2512,,0.1,01GTE4ZWCXRGNX6W0VC3SR6VJ5,
aerial,AERIAL,01GTE4ZWCXRGNX6W0VC3SR6VJ5:BJ39_1000_2513,post,,,2023-02-17T11:00:00Z,2023-02-19T11:00:00Z,tile,,,,,,,,0.0012902557672095,"{""type"": ""Polygon"", ""coordinates"": [[[176.8249467, -39.320102], [176.8252998, -39.3265753], [176.8308563, -39.3263923], [176.8305027, -39.319919], [176.8249467, -39.320102]]]}",https://nz-imagery.s3-ap-southeast-2.amazonaws.com/hawkes-bay/hawkes-bay-cyclone-gabrielle_2023_0.1m/rgb/2193/BJ39_1000_2513.json,"{""visual"": ""https://nz-imagery.s3-ap-southeast-2.amazonaws.com/hawkes-bay/hawkes-bay-cyclone-gabrielle_2023_0.1m/rgb/2193/BJ39_1000_2513.tiff""}",https://nz-imagery.s3-ap-southeast-2.amazonaws.com/hawkes-bay/hawkes-bay-cyclone-gabrielle_2023_0.1m/rgb/2193/collection.json,BJ39_1000_2513,,0.1,01GTE4ZWCXRGNX6W0VC3SR6VJ5,
aerial,AERIAL,01GTE4ZWCXRGNX6W0VC3SR6VJ5:BJ39_1000_2514,post,,,2023-02-17T11:00:00Z,2023-02-19T11:00:00Z,tile,,,,,,,,0.0009259089057053,"{""type"": ""Polygon"", ""coordinates"": [[[176.8305027, -39.319919], [176.8308563, -39.3263923], [176.8364127, -39.326209], [176.8360586, -39.3197358], [176.8305027, -39.319919]]]}",https://nz-imagery.s3-ap-southeast-2.amazonaws.com/hawkes-bay/hawkes-bay-cyclone-gabrielle_2023_0.1m/rgb/2193/BJ39_1000_2514.json,"{""visual"": ""https://nz-imagery.s3-ap-southeast-2.amazonaws.com/hawkes-bay/hawkes-bay-cyclone-gabrielle_2023_0.1m/rgb/2193/BJ39_1000_2514.tiff""}",https://nz-imagery.s3-ap-southeast-2.amazonaws.com/hawkes-bay/hawkes-bay-cyclone-gabrielle_2023_0.1m/rgb/2193/collection.json,BJ39_1000_2514,,0.1,01GTE4ZWCXRGNX6W0VC3SR6VJ5,
aerial,AERIAL,01GTE4ZWCXRGNX6W0VC3SR6VJ5:BJ39_1000_2515,post,,,2023-02-17T11:00:00Z,2023-02-19T11:00:00Z,tile,,,,,,,,0.000255089720176,"{""type"": ""Polygon"", ""coordinates"": [[[176.8360586, -39.3197358], [176.8364127, -39.326209], [176.8419691, -39.3260255], [176.8416145, -39.3195523], [176.8360586, -39.3197358]]]}",https://nz-imagery.s3-ap-southeast-2.amazonaws.com/hawkes-bay/hawkes-bay-cyclone-gabrielle_2023_0.1m/rgb/2193/BJ39_1000_2515.json,"{""visual"": ""https://nz-imagery.s3-ap-southeast-2.amazonaws.com/hawkes-bay/hawkes-bay-cyclone-gabrielle_2023_0.1m/rgb/2193/BJ39_1000_2515.tiff""}",https://nz-imagery.s3-ap-southeast-2.amazonaws.com/hawkes-bay/hawkes-bay-cyclone-gabrielle_2023_0.1m/rgb/2193/collection.json,BJ39_1000_2515,,0.1,01GTE4ZWCXRGNX6W0VC3SR6VJ5,
aerial,AERIAL,01GTE4ZWCXRGNX6W0VC3SR6VJ5:BJ39_1000_2605,post,,,2023-02-17T11:00:00Z,2023-02-19T11:00:00Z,tile,,,,,,,,0.0012902363638109,"{""type"": ""Polygon"", ""coordinates"": [[[176.7808462, -39.3280298], [176.7811953, -39.3345034], [176.7867527, -39.3343225], [176.786403, -39.3278489], [176.7808462, -39.3280298]]]}",https://nz-imagery.s3-ap-southeast-2.amazonaws.com/hawkes-bay/hawkes-bay-cyclone-gabrielle_2023_0.1m/rgb/2193/BJ39_1000_2605.json,"{""visual"": ""https://nz-imagery.s3-ap-southeast-2.amazonaws.com/hawkes-bay/hawkes-bay-cyclone-gabrielle_2023_0.1m/rgb/2193/BJ39_1000_2605.tiff""}",https://nz-imagery.s3-ap-southeast-2.amazonaws.com/hawkes-bay/hawkes-bay-cyclone-gabrielle_2023_0.1m/rgb/2193/collection.json,BJ39_1000_2605,,0.1,01GTE4ZWCXRGNX6W0VC3SR6VJ5,
aerial,AERIAL,01GTE4ZWCXRGNX6W0VC3SR6VJ5:BJ39_1000_2606,post,,,2023-02-17T11:00:00Z,2023-02-19T11:00:00Z,tile,,,,,,,,0.0012902579364592,"{""type"": ""Polygon"", ""coordinates"": [[[176.786403, -39.3278489], [176.7867527, -39.3343225], [176.7923101, -39.3341413], [176.7919599, -39.3276678], [176.786403, -39.3278489]]]}",https://nz-imagery.s3-ap-southeast-2.amazonaws.com/hawkes-bay/hawkes-bay-cyclone-gabrielle_2023_0.1m/rgb/2193/BJ39_1000_2606.json,"{""visual"": ""https://nz-imagery.s3-ap-southeast-2.amazonaws.com/hawkes-bay/hawkes-bay-cyclone-gabrielle_2023_0.1m/rgb/2193/BJ39_1000_2606.tiff""}",https://nz-imagery.s3-ap-southeast-2.amazonaws.com/hawkes-bay/hawkes-bay-cyclone-gabrielle_2023_0.1m/rgb/2193/collection.json,BJ39_1000_2606,,0.1,01GTE4ZWCXRGNX6W0VC3SR6VJ5,
aerial,AERIAL,01GTE4ZWCXRGNX6W0VC3SR6VJ5:BJ39_1000_2607,post,,,2023-02-17T11:00:00Z,2023-02-19T11:00:00Z,tile,,,,,,,,0.0012902431097805,"{""type"": ""Polygon"", ""coordinates"": [[[176.7919599, -39.3276678], [176.7923101, -39.3341413], [176.7978673, -39.3339599], [176.7975167, -39.3274863], [176.7919599, -39.3276678]]]}",https://nz-imagery.s3-ap-southeast-2.amazonaws.com/hawkes-bay/hawkes-bay-cyclone-gabrielle_2023_0.1m/rgb/2193/BJ39_1000_2607.json,"{""visual"": ""https://nz-imagery.s3-ap-southeast-2.amazonaws.com/hawkes-bay/hawkes-bay-cyclone-gabrielle_2023_0.1m/rgb/2193/BJ39_1000_2607.tiff""}",https://nz-imagery.s3-ap-southeast-2.amazonaws.com/hawkes-bay/hawkes-bay-cyclone-gabrielle_2023_0.1m/rgb/2193/collection.json,BJ39_1000_2607,,0.1,01GTE4ZWCXRGNX6W0VC3SR6VJ5,
aerial,AERIAL,01GTE4ZWCXRGNX6W0VC3SR6VJ5:BJ39_1000_2608,post,,,2023-02-17T11:00:00Z,2023-02-19T11:00:00Z,tile,,,,,,,,0.0012902528269044,"{""type"": ""Polygon"", ""coordinates"": [[[176.7975167, -39.3274863], [176.7978673, -39.3339599], [176.8034246, -39.3337781], [176.8030734, -39.3273047], [176.7975167, -39.3274863]]]}",https://nz-imagery.s3-ap-southeast-2.amazonaws.com/hawkes-bay/hawkes-bay-cyclone-gabrielle_2023_0.1m/rgb/2193/BJ39_1000_2608.json,"{""visual"": ""https://nz-imagery.s3-ap-southeast-2.amazonaws.com/hawkes-bay/hawkes-bay-cyclone-gabrielle_2023_0.1m/rgb/2193/BJ39_1000_2608.tiff""}",https://nz-imagery.s3-ap-southeast-2.amazonaws.com/hawkes-bay/hawkes-bay-cyclone-gabrielle_2023_0.1m/rgb/2193/collection.json,BJ39_1000_2608,,0.1,01GTE4ZWCXRGNX6W0VC3SR6VJ5,
aerial,AERIAL,01GTE4ZWCXRGNX6W0VC3SR6VJ5:BJ39_1000_2609,post,,,2023-02-17T11:00:00Z,2023-02-19T11:00:00Z,tile,,,,,,,,0.0012902513096773,"{""type"": ""Polygon"", ""coordinates"": [[[176.8030734, -39.3273047], [176.8034246, -39.3337781], [176.8089818, -39.3335962], [176.8086301, -39.3271227], [176.8030734, -39.3273047]]]}",https://nz-imagery.s3-ap-southeast-2.amazonaws.com/hawkes-bay/hawkes-bay-cyclone-gabrielle_2023_0.1m/rgb/2193/BJ39_1000_2609.json,"{""visual"": ""https://nz-imagery.s3-ap-southeast-2.amazonaws.com/hawkes-bay/hawkes-bay-cyclone-gabrielle_2023_0.1m/rgb/2193/BJ39_1000_2609.tiff""}",https://nz-imagery.s3-ap-southeast-2.amazonaws.com/hawkes-bay/hawkes-bay-cyclone-gabrielle_2023_0.1m/rgb/2193/collection.json,BJ39_1000_2609,,0.1,01GTE4ZWCXRGNX6W0VC3SR6VJ5,
aerial,AERIAL,01GTE4ZWCXRGNX6W0VC3SR6VJ5:BJ39_1000_2610,post,,,2023-02-17T11:00:00Z,2023-02-19T11:00:00Z,tile,,,,,,,,0.0012902484849515,"{""type"": ""Polygon"", ""coordinates"": [[[176.8086301, -39.3271227], [176.8089818, -39.3335962], [176.8145389, -39.3334139], [176.8141867, -39.3269405], [176.8086301, -39.3271227]]]}",https://nz-imagery.s3-ap-southeast-2.amazonaws.com/hawkes-bay/hawkes-bay-cyclone-gabrielle_2023_0.1m/rgb/2193/BJ39_1000_2610.json,"{""visual"": ""https://nz-imagery.s3-ap-southeast-2.amazonaws.com/hawkes-bay/hawkes-bay-cyclone-gabrielle_2023_0.1m/rgb/2193/BJ39_1000_2610.tiff""}",https://nz-imagery.s3-ap-southeast-2.amazonaws.com/hawkes-bay/hawkes-bay-cyclone-gabrielle_2023_0.1m/rgb/2193/collection.json,BJ39_1000_2610,,0.1,01GTE4ZWCXRGNX6W0VC3SR6VJ5,
aerial,AERIAL,01GTE4ZWCXRGNX6W0VC3SR6VJ5:BJ39_1000_2611,post,,,2023-02-17T11:00:00Z,2023-02-19T11:00:00Z,tile,,,,,,,,0.0012902582890945,"{""type"": ""Polygon"", ""coordinates"": [[[176.8141867, -39.3269405], [176.8145389, -39.3334139], [176.820096, -39.3332314], [176.8197433, -39.326758], [176.8141867, -39.3269405]]]}",https://nz-imagery.s3-ap-southeast-2.amazonaws.com/hawkes-bay/hawkes-bay-cyclone-gabrielle_2023_0.1m/rgb/2193/BJ39_1000_2611.json,"{""visual"": ""https://nz-imagery.s3-ap-southeast-2.amazonaws.com/hawkes-bay/hawkes-bay-cyclone-gabrielle_2023_0.1m/rgb/2193/BJ39_1000_2611.tiff""}",https://nz-imagery.s3-ap-southeast-2.amazonaws.com/hawkes-bay/hawkes-bay-cyclone-gabrielle_2023_0.1m/rgb/2193/collection.json,BJ39_1000_2611,,0.1,01GTE4ZWCXRGNX6W0VC3SR6VJ5,
aerial,AERIAL,01GTE4ZWCXRGNX6W0VC3SR6VJ5:BJ39_1000_2612,post,,,2023-02-17T11:00:00Z,2023-02-19T11:00:00Z,tile,,,,,,,,0.0012902568594918,"{""type"": ""Polygon"", ""coordinates"": [[[176.8197433, -39.326758], [176.820096, -39.3332314], [176.8256531, -39.3330486], [176.8252998, -39.3265753], [176.8197433, -39.326758]]]}",https://nz-imagery.s3-ap-southeast-2.amazonaws.com/hawkes-bay/hawkes-bay-cyclone-gabrielle_2023_0.1m/rgb/2193/BJ39_1000_2612.json,"{""visual"": ""https://nz-imagery.s3-ap-southeast-2.amazonaws.com/hawkes-bay/hawkes-bay-cyclone-gabrielle_2023_0.1m/rgb/2193/BJ39_1000_2612.tiff""}",https://nz-imagery.s3-ap-southeast-2.amazonaws.com/hawkes-bay/hawkes-bay-cyclone-gabrielle_2023_0.1m/rgb/2193/collection.json,BJ39_1000_2612,,0.1,01GTE4ZWCXRGNX6W0VC3SR6VJ5,
aerial,AERIAL,01GTE4ZWCXRGNX6W0VC3SR6VJ5:BJ39_1000_2613,post,,,2023-02-17T11:00:00Z,2023-02-19T11:00:00Z,tile,,,,,,,,0.0011879228980223,"{""type"": ""Polygon"", ""coordinates"": [[[176.8252998, -39.3265753], [176.8256531, -39.3330486], [176.8312101, -39.3328656], [176.8308563, -39.3263923], [176.8252998, -39.3265753]]]}",https://nz-imagery.s3-ap-southeast-2.amazonaws.com/hawkes-bay/hawkes-bay-cyclone-gabrielle_2023_0.1m/rgb/2193/BJ39_1000_2613.json,"{""visual"": ""https://nz-imagery.s3-ap-southeast-2.amazonaws.com/hawkes-bay/hawkes-bay-cyclone-gabrielle_2023_0.1m/rgb/2193/BJ39_1000_2613.tiff""}",https://nz-imagery.s3-ap-southeast-2.amazonaws.com/hawkes-bay/hawkes-bay-cyclone-gabrielle_2023_0.1m/rgb/2193/collection.json,BJ39_1000_2613,,0.1,01GTE4ZWCXRGNX6W0VC3SR6VJ5,
aerial,AERIAL,01GTE4ZWCXRGNX6W0VC3SR6VJ5:BJ39_1000_2614,post,,,2023-02-17T11:00:00Z,2023-02-19T11:00:00Z,tile,,,,,,,,0.0002460569049645,"{""type"": ""Polygon"", ""coordinates"": [[[176.8308563, -39.3263923], [176.8312101, -39.3328656], [176.836767, -39.3326823], [176.8364127, -39.326209], [176.8308563, -39.3263923]]]}",https://nz-imagery.s3-ap-southeast-2.amazonaws.com/hawkes-bay/hawkes-bay-cyclone-gabrielle_2023_0.1m/rgb/2193/BJ39_1000_2614.json,"{""visual"": ""https://nz-imagery.s3-ap-southeast-2.amazonaws.com/hawkes-bay/hawkes-bay-cyclone-gabrielle_2023_0.1m/rgb/2193/BJ39_1000_2614.tiff""}",https://nz-imagery.s3-ap-southeast-2.amazonaws.com/hawkes-bay/hawkes-bay-cyclone-gabrielle_2023_0.1m/rgb/2193/collection.json,BJ39_1000_2614,,0.1,01GTE4ZWCXRGNX6W0VC3SR6VJ5,
aerial,AERIAL,01GTE4ZWCXRGNX6W0VC3SR6VJ5:BJ39_1000_2705,post,,,2023-02-17T11:00:00Z,2023-02-19T11:00:00Z,tile,,,,,,,,0.0012902578259953,"{""type"": ""Polygon"", ""coordinates"": [[[176.7811953, -39.3345034], [176.7815446, -39.3409771], [176.7871025, -39.3407961], [176.7867527, -39.3343225], [176.7811953, -39.3345034]]]}",https://nz-imagery.s3-ap-southeast-2.amazonaws.com/hawkes-bay/hawkes-bay-cyclone-gabrielle_2023_0.1m/rgb/2193/BJ39_1000_2705.json,"{""visual"": ""https://nz-imagery.s3-ap-southeast-2.amazonaws.com/hawkes-bay/hawkes-bay-cyclone-gabrielle_2023_0.1m/rgb/2193/BJ39_1000_2705.tiff""}",https://nz-imagery.s3-ap-southeast-2.amazonaws.com/hawkes-bay/hawkes-bay-cyclone-gabrielle_2023_0.1m/rgb/2193/collection.json,BJ39_1000_2705,,0.1,01GTE4ZWCXRGNX6W0VC3SR6VJ5,
aerial,AERIAL,01GTE4ZWCXRGNX6W0VC3SR6VJ5:BJ39_1000_2706,post,,,2023-02-17T11:00:00Z,2023-02-19T11:00:00Z,tile,,,,,,,,0.0012902555771526,"{""type"": ""Polygon"", ""coordinates"": [[[176.7867527, -39.3343225], [176.7871025, -39.3407961], [176.7926603, -39.3406149], [176.7923101, -39.3341413], [176.7867527, -39.3343225]]]}",https://nz-imagery.s3-ap-southeast-2.amazonaws.com/hawkes-bay/hawkes-bay-cyclone-gabrielle_2023_0.1m/rgb/2193/BJ39_1000_2706.json,"{""visual"": ""https://nz-imagery.s3-ap-southeast-2.amazonaws.com/hawkes-bay/hawkes-bay-cyclone-gabrielle_2023_0.1m/rgb/2193/BJ39_1000_2706.tiff""}",https://nz-imagery.s3-ap-southeast-2.amazonaws.com/hawkes-bay/hawkes-bay-cyclone-gabrielle_2023_0.1m/rgb/2193/collection.json,BJ39_1000_2706,,0.1,01GTE4ZWCXRGNX6W0VC3SR6VJ5,
aerial,AERIAL,01GTE4ZWCXRGNX6W0VC3SR6VJ5:BJ39_1000_2707,post,,,2023-02-17T11:00:00Z,2023-02-19T11:00:00Z,tile,,,,,,,,0.0012902420918403,"{""type"": ""Polygon"", ""coordinates"": [[[176.7923101, -39.3341413], [176.7926603, -39.3406149], [176.7982181, -39.3404334], [176.7978673, -39.3339599], [176.7923101, -39.3341413]]]}",https://nz-imagery.s3-ap-southeast-2.amazonaws.com/hawkes-bay/hawkes-bay-cyclone-gabrielle_2023_0.1m/rgb/2193/BJ39_1000_2707.json,"{""visual"": ""https://nz-imagery.s3-ap-southeast-2.amazonaws.com/hawkes-bay/hawkes-bay-cyclone-gabrielle_2023_0.1m/rgb/2193/BJ39_1000_2707.tiff""}",https://nz-imagery.s3-ap-southeast-2.amazonaws.com/hawkes-bay/hawkes-bay-cyclone-gabrielle_2023_0.1m/rgb/2193/collection.json,BJ39_1000_2707,,0.1,01GTE4ZWCXRGNX6W0VC3SR6VJ5,
aerial,AERIAL,01GTE4ZWCXRGNX6W0VC3SR6VJ5:BJ39_1000_2708,post,,,2023-02-17T11:00:00Z,2023-02-19T11:00:00Z,tile,,,,,,,,0.0012902649812687,"{""type"": ""Polygon"", ""coordinates"": [[[176.7978673, -39.3339599], [176.7982181, -39.3404334], [176.8037759, -39.3402516], [176.8034246, -39.3337781], [176.7978673, -39.3339599]]]}",https://nz-imagery.s3-ap-southeast-2.amazonaws.com/hawkes-bay/hawkes-bay-cyclone-gabrielle_2023_0.1m/rgb/2193/BJ39_1000_2708.json,"{""visual"": ""https://nz-imagery.s3-ap-southeast-2.amazonaws.com/hawkes-bay/hawkes-bay-cyclone-gabrielle_2023_0.1m/rgb/2193/BJ39_1000_2708.tiff""}",https://nz-imagery.s3-ap-southeast-2.amazonaws.com/hawkes-bay/hawkes-bay-cyclone-gabrielle_2023_0.1m/rgb/2193/collection.json,BJ39_1000_2708,,0.1,01GTE4ZWCXRGNX6W0VC3SR6VJ5,
aerial,AERIAL,01GTE4ZWCXRGNX6W0VC3SR6VJ5:BJ39_1000_2709,post,,,2023-02-17T11:00:00Z,2023-02-19T11:00:00Z,tile,,,,,,,,0.0012902502973633,"{""type"": ""Polygon"", ""coordinates"": [[[176.8034246, -39.3337781], [176.8037759, -39.3402516], [176.8093336, -39.3400696], [176.8089818, -39.3335962], [176.8034246, -39.3337781]]]}",https://nz-imagery.s3-ap-southeast-2.amazonaws.com/hawkes-bay/hawkes-bay-cyclone-gabrielle_2023_0.1m/rgb/2193/BJ39_1000_2709.json,"{""visual"": ""https://nz-imagery.s3-ap-southeast-2.amazonaws.com/hawkes-bay/hawkes-bay-cyclone-gabrielle_2023_0.1m/rgb/2193/BJ39_1000_2709.tiff""}",https://nz-imagery.s3-ap-southeast-2.amazonaws.com/hawkes-bay/hawkes-bay-cyclone-gabrielle_2023_0.1m/rgb/2193/collection.json,BJ39_1000_2709,,0.1,01GTE4ZWCXRGNX6W0VC3SR6VJ5,
aerial,AERIAL,01GTE4ZWCXRGNX6W0VC3SR6VJ5:BJ39_1000_2710,post,,,2023-02-17T11:00:00Z,2023-02-19T11:00:00Z,tile,,,,,,,,0.0012902500721992,"{""type"": ""Polygon"", ""coordinates"": [[[176.8089818, -39.3335962], [176.8093336, -39.3400696], [176.8148913, -39.3398873], [176.8145389, -39.3334139], [176.8089818, -39.3335962]]]}",https://nz-imagery.s3-ap-southeast-2.amazonaws.com/hawkes-bay/hawkes-bay-cyclone-gabrielle_2023_0.1m/rgb/2193/BJ39_1000_2710.json,"{""visual"": ""https://nz-imagery.s3-ap-southeast-2.amazonaws.com/hawkes-bay/hawkes-bay-cyclone-gabrielle_2023_0.1m/rgb/2193/BJ39_1000_2710.tiff""}",https://nz-imagery.s3-ap-southeast-2.amazonaws.com/hawkes-bay/hawkes-bay-cyclone-gabrielle_2023_0.1m/rgb/2193/collection.json,BJ39_1000_2710,,0.1,01GTE4ZWCXRGNX6W0VC3SR6VJ5,
aerial,AERIAL,01GTE4ZWCXRGNX6W0VC3SR6VJ5:BJ39_1000_2711,post,,,2023-02-17T11:00:00Z,2023-02-19T11:00:00Z,tile,,,,,,,,0.0012902486190846,"{""type"": ""Polygon"", ""coordinates"": [[[176.8145389, -39.3334139], [176.8148913, -39.3398873], [176.8204489, -39.3397047], [176.820096, -39.3332314], [176.8145389, -39.3334139]]]}",https://nz-imagery.s3-ap-southeast-2.amazonaws.com/hawkes-bay/hawkes-bay-cyclone-gabrielle_2023_0.1m/rgb/2193/BJ39_1000_2711.json,"{""visual"": ""https://nz-imagery.s3-ap-southeast-2.amazonaws.com/hawkes-bay/hawkes-bay-cyclone-gabrielle_2023_0.1m/rgb/2193/BJ39_1000_2711.tiff""}",https://nz-imagery.s3-ap-southeast-2.amazonaws.com/hawkes-bay/hawkes-bay-cyclone-gabrielle_2023_0.1m/rgb/2193/collection.json,BJ39_1000_2711,,0.1,01GTE4ZWCXRGNX6W0VC3SR6VJ5,
aerial,AERIAL,01GTE4ZWCXRGNX6W0VC3SR6VJ5:BJ39_1000_2712,post,,,2023-02-17T11:00:00Z,2023-02-19T11:00:00Z,tile,,,,,,,,0.0012902465403567,"{""type"": ""Polygon"", ""coordinates"": [[[176.820096, -39.3332314], [176.8204489, -39.3397047], [176.8260064, -39.3395219], [176.8256531, -39.3330486], [176.820096, -39.3332314]]]}",https://nz-imagery.s3-ap-southeast-2.amazonaws.com/hawkes-bay/hawkes-bay-cyclone-gabrielle_2023_0.1m/rgb/2193/BJ39_1000_2712.json,"{""visual"": ""https://nz-imagery.s3-ap-southeast-2.amazonaws.com/hawkes-bay/hawkes-bay-cyclone-gabrielle_2023_0.1m/rgb/2193/BJ39_1000_2712.tiff""}",https://nz-imagery.s3-ap-southeast-2.amazonaws.com/hawkes-bay/hawkes-bay-cyclone-gabrielle_2023_0.1m/rgb/2193/collection.json,BJ39_1000_2712,,0.1,01GTE4ZWCXRGNX6W0VC3SR6VJ5,
aerial,AERIAL,01GTE4ZWCXRGNX6W0VC3SR6VJ5:BJ39_1000_2713,post,,,2023-02-17T11:00:00Z,2023-02-19T11:00:00Z,tile,,,,,,,,0.0008790976297053,"{""type"": ""Polygon"", ""coordinates"": [[[176.8256531, -39.3330486], [176.8260064, -39.3395219], [176.8315639, -39.3393388], [176.8312101, -39.3328656], [176.8256531, -39.3330486]]]}",https://nz-imagery.s3-ap-southeast-2.amazonaws.com/hawkes-bay/hawkes-bay-cyclone-gabrielle_2023_0.1m/rgb/2193/BJ39_1000_2713.json,"{""visual"": ""https://nz-imagery.s3-ap-southeast-2.amazonaws.com/hawkes-bay/hawkes-bay-cyclone-gabrielle_2023_0.1m/rgb/2193/BJ39_1000_2713.tiff""}",https://nz-imagery.s3-ap-southeast-2.amazonaws.com/hawkes-bay/hawkes-bay-cyclone-gabrielle_2023_0.1m/rgb/2193/collection.json,BJ39_1000_2713,,0.1,01GTE4ZWCXRGNX6W0VC3SR6VJ5,
aerial,AERIAL,01GTE4ZWCXRGNX6W0VC3SR6VJ5:BJ39_1000_2805,post,,,2023-02-17T11:00:00Z,2023-02-19T11:00:00Z,tile,,,,,,,,0.0012902474417346,"{""type"": ""Polygon"", ""coordinates"": [[[176.7815446, -39.3409771], [176.781894, -39.3474507], [176.7874524, -39.3472697], [176.7871025, -39.3407961], [176.7815446, -39.3409771]]]}",https://nz-imagery.s3-ap-southeast-2.amazonaws.com/hawkes-bay/hawkes-bay-cyclone-gabrielle_2023_0.1m/rgb/2193/BJ39_1000_2805.json,"{""visual"": ""https://nz-imagery.s3-ap-southeast-2.amazonaws.com/hawkes-bay/hawkes-bay-cyclone-gabrielle_2023_0.1m/rgb/2193/BJ39_1000_2805.tiff""}",https://nz-imagery.s3-ap-southeast-2.amazonaws.com/hawkes-bay/hawkes-bay-cyclone-gabrielle_2023_0.1m/rgb/2193/collection.json,BJ39_1000_2805,,0.1,01GTE4ZWCXRGNX6W0VC3SR6VJ5,
aerial,AERIAL,01GTE4ZWCXRGNX6W0VC3SR6VJ5:BJ39_1000_2806,post,,,2023-02-17T11:00:00Z,2023-02-19T11:00:00Z,tile,,,,,,,,0.001290233934463,"{""type"": ""Polygon"", ""coordinates"": [[[176.7871025, -39.3407961], [176.7874524, -39.3472697], [176.7930107, -39.3470884], [176.7926603, -39.3406149], [176.7871025, -39.3407961]]]}",https://nz-imagery.s3-ap-southeast-2.amazonaws.com/hawkes-bay/hawkes-bay-cyclone-gabrielle_2023_0.1m/rgb/2193/BJ39_1000_2806.json,"{""visual"": ""https://nz-imagery.s3-ap-southeast-2.amazonaws.com/hawkes-bay/hawkes-bay-cyclone-gabrielle_2023_0.1m/rgb/2193/BJ39_1000_2806.tiff""}",https://nz-imagery.s3-ap-southeast-2.amazonaws.com/hawkes-bay/hawkes-bay-cyclone-gabrielle_2023_0.1m/rgb/2193/collection.json,BJ39_1000_2806,,0.1,01GTE4ZWCXRGNX6W0VC3SR6VJ5,
aerial,AERIAL,01GTE4ZWCXRGNX6W0VC3SR6VJ5:BJ39_1000_2807,post,,,2023-02-17T11:00:00Z,2023-02-19T11:00:00Z,tile,,,,,,,,0.0012902555391517,"{""type"": ""Polygon"", ""coordinates"": [[[176.7926603, -39.3406149], [176.7930107, -39.3470884], [176.7985691, -39.3469069], [176.7982181, -39.3404334], [176.7926603, -39.3406149]]]}",https://nz-imagery.s3-ap-southeast-2.amazonaws.com/hawkes-bay/hawkes-bay-cyclone-gabrielle_2023_0.1m/rgb/2193/BJ39_1000_2807.json,"{""visual"": ""https://nz-imagery.s3-ap-southeast-2.amazonaws.com/hawkes-bay/hawkes-bay-cyclone-gabrielle_2023_0.1m/rgb/2193/BJ39_1000_2807.tiff""}",https://nz-imagery.s3-ap-southeast-2.amazonaws.com/hawkes-bay/hawkes-bay-cyclone-gabrielle_2023_0.1m/rgb/2193/collection.json,BJ39_1000_2807,,0.1,01GTE4ZWCXRGNX6W0VC3SR6VJ5,
aerial,AERIAL,01GTE4ZWCXRGNX6W0VC3SR6VJ5:BJ39_1000_2808,post,,,2023-02-17T11:00:00Z,2023-02-19T11:00:00Z,tile,,,,,,,,0.0012902526661267,"{""type"": ""Polygon"", ""coordinates"": [[[176.7982181, -39.3404334], [176.7985691, -39.3469069], [176.8041273, -39.3467251], [176.8037759, -39.3402516], [176.7982181, -39.3404334]]]}",https://nz-imagery.s3-ap-southeast-2.amazonaws.com/hawkes-bay/hawkes-bay-cyclone-gabrielle_2023_0.1m/rgb/2193/BJ39_1000_2808.json,"{""visual"": ""https://nz-imagery.s3-ap-southeast-2.amazonaws.com/hawkes-bay/hawkes-bay-cyclone-gabrielle_2023_0.1m/rgb/2193/BJ39_1000_2808.tiff""}",https://nz-imagery.s3-ap-southeast-2.amazonaws.com/hawkes-bay/hawkes-bay-cyclone-gabrielle_2023_0.1m/rgb/2193/collection.json,BJ39_1000_2808,,0.1,01GTE4ZWCXRGNX6W0VC3SR6VJ5,
aerial,AERIAL,01GTE4ZWCXRGNX6W0VC3SR6VJ5:BJ39_1000_2809,post,,,2023-02-17T11:00:00Z,2023-02-19T11:00:00Z,tile,,,,,,,,0.0012902505057366,"{""type"": ""Polygon"", ""coordinates"": [[[176.8037759, -39.3402516], [176.8041273, -39.3467251], [176.8096855, -39.346543], [176.8093336, -39.3400696], [176.8037759, -39.3402516]]]}",https://nz-imagery.s3-ap-southeast-2.amazonaws.com/hawkes-bay/hawkes-bay-cyclone-gabrielle_2023_0.1m/rgb/2193/BJ39_1000_2809.json,"{""visual"": ""https://nz-imagery.s3-ap-southeast-2.amazonaws.com/hawkes-bay/hawkes-bay-cyclone-gabrielle_2023_0.1m/rgb/2193/BJ39_1000_2809.tiff""}",https://nz-imagery.s3-ap-southeast-2.amazonaws.com/hawkes-bay/hawkes-bay-cyclone-gabrielle_2023_0.1m/rgb/2193/collection.json,BJ39_1000_2809,,0.1,01GTE4ZWCXRGNX6W0VC3SR6VJ5,
aerial,AERIAL,01GTE4ZWCXRGNX6W0VC3SR6VJ5:BJ39_1000_2810,post,,,2023-02-17T11:00:00Z,2023-02-19T11:00:00Z,tile,,,,,,,,0.001290260285693,"{""type"": ""Polygon"", ""coordinates"": [[[176.8093336, -39.3400696], [176.8096855, -39.346543], [176.8152437, -39.3463607], [176.8148913, -39.3398873], [176.8093336, -39.3400696]]]}",https://nz-imagery.s3-ap-southeast-2.amazonaws.com/hawkes-bay/hawkes-bay-cyclone-gabrielle_2023_0.1m/rgb/2193/BJ39_1000_2810.json,"{""visual"": ""https://nz-imagery.s3-ap-southeast-2.amazonaws.com/hawkes-bay/hawkes-bay-cyclone-gabrielle_2023_0.1m/rgb/2193/BJ39_1000_2810.tiff""}",https://nz-imagery.s3-ap-southeast-2.amazonaws.com/hawkes-bay/hawkes-bay-cyclone-gabrielle_2023_0.1m/rgb/2193/collection.json,BJ39_1000_2810,,0.1,01GTE4ZWCXRGNX6W0VC3SR6VJ5,
aerial,AERIAL,01GTE4ZWCXRGNX6W0VC3SR6VJ5:BJ39_1000_2811,post,,,2023-02-17T11:00:00Z,2023-02-19T11:00:00Z,tile,,,,,,,,0.0012902575001753,"{""type"": ""Polygon"", ""coordinates"": [[[176.8148913, -39.3398873], [176.8152437, -39.3463607], [176.8208018, -39.3461781], [176.8204489, -39.3397047], [176.8148913, -39.3398873]]]}",https://nz-imagery.s3-ap-southeast-2.amazonaws.com/hawkes-bay/hawkes-bay-cyclone-gabrielle_2023_0.1m/rgb/2193/BJ39_1000_2811.json,"{""visual"": ""https://nz-imagery.s3-ap-southeast-2.amazonaws.com/hawkes-bay/hawkes-bay-cyclone-gabrielle_2023_0.1m/rgb/2193/BJ39_1000_2811.tiff""}",https://nz-imagery.s3-ap-southeast-2.amazonaws.com/hawkes-bay/hawkes-bay-cyclone-gabrielle_2023_0.1m/rgb/2193/collection.json,BJ39_1000_2811,,0.1,01GTE4ZWCXRGNX6W0VC3SR6VJ5,
aerial,AERIAL,01GTE4ZWCXRGNX6W0VC3SR6VJ5:BJ39_1000_2812,post,,,2023-02-17T11:00:00Z,2023-02-19T11:00:00Z,tile,,,,,,,,0.0012902560785327,"{""type"": ""Polygon"", ""coordinates"": [[[176.8204489, -39.3397047], [176.8208018, -39.3461781], [176.8263599, -39.3459952], [176.8260064, -39.3395219], [176.8204489, -39.3397047]]]}",https://nz-imagery.s3-ap-southeast-2.amazonaws.com/hawkes-bay/hawkes-bay-cyclone-gabrielle_2023_0.1m/rgb/2193/BJ39_1000_2812.json,"{""visual"": ""https://nz-imagery.s3-ap-southeast-2.amazonaws.com/hawkes-bay/hawkes-bay-cyclone-gabrielle_2023_0.1m/rgb/2193/BJ39_1000_2812.tiff""}",https://nz-imagery.s3-ap-southeast-2.amazonaws.com/hawkes-bay/hawkes-bay-cyclone-gabrielle_2023_0.1m/rgb/2193/collection.json,BJ39_1000_2812,,0.1,01GTE4ZWCXRGNX6W0VC3SR6VJ5,
aerial,AERIAL,01GTE4ZWCXRGNX6W0VC3SR6VJ5:BJ39_1000_2813,post,,,2023-02-17T11:00:00Z,2023-02-19T11:00:00Z,tile,,,,,,,,0.0005924947312585,"{""type"": ""Polygon"", ""coordinates"": [[[176.8260064, -39.3395219], [176.8263599, -39.3459952], [176.8319179, -39.3458121], [176.8315639, -39.3393388], [176.8260064, -39.3395219]]]}",https://nz-imagery.s3-ap-southeast-2.amazonaws.com/hawkes-bay/hawkes-bay-cyclone-gabrielle_2023_0.1m/rgb/2193/BJ39_1000_2813.json,"{""visual"": ""https://nz-imagery.s3-ap-southeast-2.amazonaws.com/hawkes-bay/hawkes-bay-cyclone-gabrielle_2023_0.1m/rgb/2193/BJ39_1000_2813.tiff""}",https://nz-imagery.s3-ap-southeast-2.amazonaws.com/hawkes-bay/hawkes-bay-cyclone-gabrielle_2023_0.1m/rgb/2193/collection.json,BJ39_1000_2813,,0.1,01GTE4ZWCXRGNX6W0VC3SR6VJ5,
aerial,AERIAL,01GTE4ZWCXRGNX6W0VC3SR6VJ5:BJ39_1000_2904,post,,,2023-02-17T11:00:00Z,2023-02-19T11:00:00Z,tile,,,,,,,,0.0012902505509271,"{""type"": ""Polygon"", ""coordinates"": [[[176.7763355, -39.3476315], [176.7766845, -39.3541051], [176.7822435, -39.3539243], [176.781894, -39.3474507], [176.7763355, -39.3476315]]]}",https://nz-imagery.s3-ap-southeast-2.amazonaws.com/hawkes-bay/hawkes-bay-cyclone-gabrielle_2023_0.1m/rgb/2193/BJ39_1000_2904.json,"{""visual"": ""https://nz-imagery.s3-ap-southeast-2.amazonaws.com/hawkes-bay/hawkes-bay-cyclone-gabrielle_2023_0.1m/rgb/2193/BJ39_1000_2904.tiff""}",https://nz-imagery.s3-ap-southeast-2.amazonaws.com/hawkes-bay/hawkes-bay-cyclone-gabrielle_2023_0.1m/rgb/2193/collection.json,BJ39_1000_2904,,0.1,01GTE4ZWCXRGNX6W0VC3SR6VJ5,
aerial,AERIAL,01GTE4ZWCXRGNX6W0VC3SR6VJ5:BJ39_1000_2905,post,,,2023-02-17T11:00:00Z,2023-02-19T11:00:00Z,tile,,,,,,,,0.0012902463422789,"{""type"": ""Polygon"", ""coordinates"": [[[176.781894, -39.3474507], [176.7822435, -39.3539243], [176.7878024, -39.3537433], [176.7874524, -39.3472697], [176.781894, -39.3474507]]]}",https://nz-imagery.s3-ap-southeast-2.amazonaws.com/hawkes-bay/hawkes-bay-cyclone-gabrielle_2023_0.1m/rgb/2193/BJ39_1000_2905.json,"{""visual"": ""https://nz-imagery.s3-ap-southeast-2.amazonaws.com/hawkes-bay/hawkes-bay-cyclone-gabrielle_2023_0.1m/rgb/2193/BJ39_1000_2905.tiff""}",https://nz-imagery.s3-ap-southeast-2.amazonaws.com/hawkes-bay/hawkes-bay-cyclone-gabrielle_2023_0.1m/rgb/2193/collection.json,BJ39_1000_2905,,0.1,01GTE4ZWCXRGNX6W0VC3SR6VJ5,
aerial,AERIAL,01GTE4ZWCXRGNX6W0VC3SR6VJ5:BJ39_1000_2906,post,,,2023-02-17T11:00:00Z,2023-02-19T11:00:00Z,tile,,,,,,,,0.0012902553229539,"{""type"": ""Polygon"", ""coordinates"": [[[176.7874524, -39.3472697], [176.7878024, -39.3537433], [176.7933613, -39.353562], [176.7930107, -39.3470884], [176.7874524, -39.3472697]]]}",https://nz-imagery.s3-ap-southeast-2.amazonaws.com/hawkes-bay/hawkes-bay-cyclone-gabrielle_2023_0.1m/rgb/2193/BJ39_1000_2906.json,"{""visual"": ""https://nz-imagery.s3-ap-southeast-2.amazonaws.com/hawkes-bay/hawkes-bay-cyclone-gabrielle_2023_0.1m/rgb/2193/BJ39_1000_2906.tiff""}",https://nz-imagery.s3-ap-southeast-2.amazonaws.com/hawkes-bay/hawkes-bay-cyclone-gabrielle_2023_0.1m/rgb/2193/collection.json,BJ39_1000_2906,,0.1,01GTE4ZWCXRGNX6W0VC3SR6VJ5,
aerial,AERIAL,01GTE4ZWCXRGNX6W0VC3SR6VJ5:BJ39_1000_2907,post,,,2023-02-17T11:00:00Z,2023-02-19T11:00:00Z,tile,,,,,,,,0.0012902650208135,"{""type"": ""Polygon"", ""coordinates"": [[[176.7930107, -39.3470884], [176.7933613, -39.353562], [176.7989201, -39.3533804], [176.7985691, -39.3469069], [176.7930107, -39.3470884]]]}",https://nz-imagery.s3-ap-southeast-2.amazonaws.com/hawkes-bay/hawkes-bay-cyclone-gabrielle_2023_0.1m/rgb/2193/BJ39_1000_2907.json,"{""visual"": ""https://nz-imagery.s3-ap-southeast-2.amazonaws.com/hawkes-bay/hawkes-bay-cyclone-gabrielle_2023_0.1m/rgb/2193/BJ39_1000_2907.tiff""}",https://nz-imagery.s3-ap-southeast-2.amazonaws.com/hawkes-bay/hawkes-bay-cyclone-gabrielle_2023_0.1m/rgb/2193/collection.json,BJ39_1000_2907,,0.1,01GTE4ZWCXRGNX6W0VC3SR6VJ5,
aerial,AERIAL,01GTE4ZWCXRGNX6W0VC3SR6VJ5:BJ39_1000_2908,post,,,2023-02-17T11:00:00Z,2023-02-19T11:00:00Z,tile,,,,,,,,0.0012902422556376,"{""type"": ""Polygon"", ""coordinates"": [[[176.7985691, -39.3469069], [176.7989201, -39.3533804], [176.8044789, -39.3531985], [176.8041273, -39.3467251], [176.7985691, -39.3469069]]]}",https://nz-imagery.s3-ap-southeast-2.amazonaws.com/hawkes-bay/hawkes-bay-cyclone-gabrielle_2023_0.1m/rgb/2193/BJ39_1000_2908.json,"{""visual"": ""https://nz-imagery.s3-ap-southeast-2.amazonaws.com/hawkes-bay/hawkes-bay-cyclone-gabrielle_2023_0.1m/rgb/2193/BJ39_1000_2908.tiff""}",https://nz-imagery.s3-ap-southeast-2.amazonaws.com/hawkes-bay/hawkes-bay-cyclone-gabrielle_2023_0.1m/rgb/2193/collection.json,BJ39_1000_2908,,0.1,01GTE4ZWCXRGNX6W0VC3SR6VJ5,
aerial,AERIAL,01GTE4ZWCXRGNX6W0VC3SR6VJ5:BJ39_1000_2909,post,,,2023-02-17T11:00:00Z,2023-02-19T11:00:00Z,tile,,,,,,,,0.0012902407513684,"{""type"": ""Polygon"", ""coordinates"": [[[176.8041273, -39.3467251], [176.8044789, -39.3531985], [176.8100376, -39.3530164], [176.8096855, -39.346543], [176.8041273, -39.3467251]]]}",https://nz-imagery.s3-ap-southeast-2.amazonaws.com/hawkes-bay/hawkes-bay-cyclone-gabrielle_2023_0.1m/rgb/2193/BJ39_1000_2909.json,"{""visual"": ""https://nz-imagery.s3-ap-southeast-2.amazonaws.com/hawkes-bay/hawkes-bay-cyclone-gabrielle_2023_0.1m/rgb/2193/BJ39_1000_2909.tiff""}",https://nz-imagery.s3-ap-southeast-2.amazonaws.com/hawkes-bay/hawkes-bay-cyclone-gabrielle_2023_0.1m/rgb/2193/collection.json,BJ39_1000_2909,,0.1,01GTE4ZWCXRGNX6W0VC3SR6VJ5,
aerial,AERIAL,01GTE4ZWCXRGNX6W0VC3SR6VJ5:BJ39_1000_2910,post,,,2023-02-17T11:00:00Z,2023-02-19T11:00:00Z,tile,,,,,,,,0.0012902598520855,"{""type"": ""Polygon"", ""coordinates"": [[[176.8096855, -39.346543], [176.8100376, -39.3530164], [176.8155963, -39.3528341], [176.8152437, -39.3463607], [176.8096855, -39.346543]]]}",https://nz-imagery.s3-ap-southeast-2.amazonaws.com/hawkes-bay/hawkes-bay-cyclone-gabrielle_2023_0.1m/rgb/2193/BJ39_1000_2910.json,"{""visual"": ""https://nz-imagery.s3-ap-southeast-2.amazonaws.com/hawkes-bay/hawkes-bay-cyclone-gabrielle_2023_0.1m/rgb/2193/BJ39_1000_2910.tiff""}",https://nz-imagery.s3-ap-southeast-2.amazonaws.com/hawkes-bay/hawkes-bay-cyclone-gabrielle_2023_0.1m/rgb/2193/collection.json,BJ39_1000_2910,,0.1,01GTE4ZWCXRGNX6W0VC3SR6VJ5,
aerial,AERIAL,01GTE4ZWCXRGNX6W0VC3SR6VJ5:BJ39_1000_2911,post,,,2023-02-17T11:00:00Z,2023-02-19T11:00:00Z,tile,,,,,,,,0.0012902477549226,"{""type"": ""Polygon"", ""coordinates"": [[[176.8152437, -39.3463607], [176.8155963, -39.3528341], [176.8211549, -39.3526514], [176.8208018, -39.3461781], [176.8152437, -39.3463607]]]}",https://nz-imagery.s3-ap-southeast-2.amazonaws.com/hawkes-bay/hawkes-bay-cyclone-gabrielle_2023_0.1m/rgb/2193/BJ39_1000_2911.json,"{""visual"": ""https://nz-imagery.s3-ap-southeast-2.amazonaws.com/hawkes-bay/hawkes-bay-cyclone-gabrielle_2023_0.1m/rgb/2193/BJ39_1000_2911.tiff""}",https://nz-imagery.s3-ap-southeast-2.amazonaws.com/hawkes-bay/hawkes-bay-cyclone-gabrielle_2023_0.1m/rgb/2193/collection.json,BJ39_1000_2911,,0.1,01GTE4ZWCXRGNX6W0VC3SR6VJ5,
aerial,AERIAL,01GTE4ZWCXRGNX6W0VC3SR6VJ5:BJ39_1000_2912,post,,,2023-02-17T11:00:00Z,2023-02-19T11:00:00Z,tile,,,,,,,,0.0010488930241066,"{""type"": ""Polygon"", ""coordinates"": [[[176.8208018, -39.3461781], [176.8211549, -39.3526514], [176.8267135, -39.3524685], [176.8263599, -39.3459952], [176.8208018, -39.3461781]]]}",https://nz-imagery.s3-ap-southeast-2.amazonaws.com/hawkes-bay/hawkes-bay-cyclone-gabrielle_2023_0.1m/rgb/2193/BJ39_1000_2912.json,"{""visual"": ""https://nz-imagery.s3-ap-southeast-2.amazonaws.com/hawkes-bay/hawkes-bay-cyclone-gabrielle_2023_0.1m/rgb/2193/BJ39_1000_2912.tiff""}",https://nz-imagery.s3-ap-southeast-2.amazonaws.com/hawkes-bay/hawkes-bay-cyclone-gabrielle_2023_0.1m/rgb/2193/collection.json,BJ39_1000_2912,,0.1,01GTE4ZWCXRGNX6W0VC3SR6VJ5,
aerial,AERIAL,01GTE4ZWCXRGNX6W0VC3SR6VJ5:BJ39_1000_2913,post,,,2023-02-17T11:00:00Z,2023-02-19T11:00:00Z,tile,,,,,,,,9.886812421196144e-05,"{""type"": ""Polygon"", ""coordinates"": [[[176.8263599, -39.3459952], [176.8267135, -39.3524685], [176.832272, -39.3522853], [176.8319179, -39.3458121], [176.8263599, -39.3459952]]]}",https://nz-imagery.s3-ap-southeast-2.amazonaws.com/hawkes-bay/hawkes-bay-cyclone-gabrielle_2023_0.1m/rgb/2193/BJ39_1000_2913.json,"{""visual"": ""https://nz-imagery.s3-ap-southeast-2.amazonaws.com/hawkes-bay/hawkes-bay-cyclone-gabrielle_2023_0.1m/rgb/2193/BJ39_1000_2913.tiff""}",https://nz-imagery.s3-ap-southeast-2.amazonaws.com/hawkes-bay/hawkes-bay-cyclone-gabrielle_2023_0.1m/rgb/2193/collection.json,BJ39_1000_2913,,0.1,01GTE4ZWCXRGNX6W0VC3SR6VJ5,
aerial,AERIAL,01GTE4ZWCXRGNX6W0VC3SR6VJ5:BJ39_1000_3004,post,,,2023-02-17T11:00:00Z,2023-02-19T11:00:00Z,tile,,,,,,,,0.001290259983224,"{""type"": ""Polygon"", ""coordinates"": [[[176.7766845, -39.3541051], [176.7770336, -39.3605788], [176.7825931, -39.3603979], [176.7822435, -39.3539243], [176.7766845, -39.3541051]]]}",https://nz-imagery.s3-ap-southeast-2.amazonaws.com/hawkes-bay/hawkes-bay-cyclone-gabrielle_2023_0.1m/rgb/2193/BJ39_1000_3004.json,"{""visual"": ""https://nz-imagery.s3-ap-southeast-2.amazonaws.com/hawkes-bay/hawkes-bay-cyclone-gabrielle_2023_0.1m/rgb/2193/BJ39_1000_3004.tiff""}",https://nz-imagery.s3-ap-southeast-2.amazonaws.com/hawkes-bay/hawkes-bay-cyclone-gabrielle_2023_0.1m/rgb/2193/collection.json,BJ39_1000_3004,,0.1,01GTE4ZWCXRGNX6W0VC3SR6VJ5,
aerial,AERIAL,01GTE4ZWCXRGNX6W0VC3SR6VJ5:BJ39_1000_3005,post,,,2023-02-17T11:00:00Z,2023-02-19T11:00:00Z,tile,,,,,,,,0.0012902452048289,"{""type"": ""Polygon"", ""coordinates"": [[[176.7822435, -39.3539243], [176.7825931, -39.3603979], [176.7881525, -39.3602169], [176.7878024, -39.3537433], [176.7822435, -39.3539243]]]}",https://nz-imagery.s3-ap-southeast-2.amazonaws.com/hawkes-bay/hawkes-bay-cyclone-gabrielle_2023_0.1m/rgb/2193/BJ39_1000_3005.json,"{""visual"": ""https://nz-imagery.s3-ap-southeast-2.amazonaws.com/hawkes-bay/hawkes-bay-cyclone-gabrielle_2023_0.1m/rgb/2193/BJ39_1000_3005.tiff""}",https://nz-imagery.s3-ap-southeast-2.amazonaws.com/hawkes-bay/hawkes-bay-cyclone-gabrielle_2023_0.1m/rgb/2193/collection.json,BJ39_1000_3005,,0.1,01GTE4ZWCXRGNX6W0VC3SR6VJ5,
aerial,AERIAL,01GTE4ZWCXRGNX6W0VC3SR6VJ5:BJ39_1000_3006,post,,,2023-02-17T11:00:00Z,2023-02-19T11:00:00Z,tile,,,,,,,,0.0012902561274681,"{""type"": ""Polygon"", ""coordinates"": [[[176.7878024, -39.3537433], [176.7881525, -39.3602169], [176.7937119, -39.3600355], [176.7933613, -39.353562], [176.7878024, -39.3537433]]]}",https://nz-imagery.s3-ap-southeast-2.amazonaws.com/hawkes-bay/hawkes-bay-cyclone-gabrielle_2023_0.1m/rgb/2193/BJ39_1000_3006.json,"{""visual"": ""https://nz-imagery.s3-ap-southeast-2.amazonaws.com/hawkes-bay/hawkes-bay-cyclone-gabrielle_2023_0.1m/rgb/2193/BJ39_1000_3006.tiff""}",https://nz-imagery.s3-ap-southeast-2.amazonaws.com/hawkes-bay/hawkes-bay-cyclone-gabrielle_2023_0.1m/rgb/2193/collection.json,BJ39_1000_3006,,0.1,01GTE4ZWCXRGNX6W0VC3SR6VJ5,
aerial,AERIAL,01GTE4ZWCXRGNX6W0VC3SR6VJ5:BJ39_1000_3007,post,,,2023-02-17T11:00:00Z,2023-02-19T11:00:00Z,tile,,,,,,,,0.0012902426581764,"{""type"": ""Polygon"", ""coordinates"": [[[176.7933613, -39.353562], [176.7937119, -39.3600355], [176.7992712, -39.3598539], [176.7989201, -39.3533804], [176.7933613, -39.353562]]]}",https://nz-imagery.s3-ap-southeast-2.amazonaws.com/hawkes-bay/hawkes-bay-cyclone-gabrielle_2023_0.1m/rgb/2193/BJ39_1000_3007.json,"{""visual"": ""https://nz-imagery.s3-ap-southeast-2.amazonaws.com/hawkes-bay/hawkes-bay-cyclone-gabrielle_2023_0.1m/rgb/2193/BJ39_1000_3007.tiff""}",https://nz-imagery.s3-ap-southeast-2.amazonaws.com/hawkes-bay/hawkes-bay-cyclone-gabrielle_2023_0.1m/rgb/2193/collection.json,BJ39_1000_3007,,0.1,01GTE4ZWCXRGNX6W0VC3SR6VJ5,
aerial,AERIAL,01GTE4ZWCXRGNX6W0VC3SR6VJ5:BJ39_1000_3008,post,,,2023-02-17T11:00:00Z,2023-02-19T11:00:00Z,tile,,,,,,,,0.0012902629630638,"{""type"": ""Polygon"", ""coordinates"": [[[176.7989201, -39.3533804], [176.7992712, -39.3598539], [176.8048305, -39.359672], [176.8044789, -39.3531985], [176.7989201, -39.3533804]]]}",https://nz-imagery.s3-ap-southeast-2.amazonaws.com/hawkes-bay/hawkes-bay-cyclone-gabrielle_2023_0.1m/rgb/2193/BJ39_1000_3008.json,"{""visual"": ""https://nz-imagery.s3-ap-southeast-2.amazonaws.com/hawkes-bay/hawkes-bay-cyclone-gabrielle_2023_0.1m/rgb/2193/BJ39_1000_3008.tiff""}",https://nz-imagery.s3-ap-southeast-2.amazonaws.com/hawkes-bay/hawkes-bay-cyclone-gabrielle_2023_0.1m/rgb/2193/collection.json,BJ39_1000_3008,,0.1,01GTE4ZWCXRGNX6W0VC3SR6VJ5,
aerial,AERIAL,01GTE4ZWCXRGNX6W0VC3SR6VJ5:BJ39_1000_3009,post,,,2023-02-17T11:00:00Z,2023-02-19T11:00:00Z,tile,,,,,,,,0.0012902495517428,"{""type"": ""Polygon"", ""coordinates"": [[[176.8044789, -39.3531985], [176.8048305, -39.359672], [176.8103897, -39.3594898], [176.8100376, -39.3530164], [176.8044789, -39.3531985]]]}",https://nz-imagery.s3-ap-southeast-2.amazonaws.com/hawkes-bay/hawkes-bay-cyclone-gabrielle_2023_0.1m/rgb/2193/BJ39_1000_3009.json,"{""visual"": ""https://nz-imagery.s3-ap-southeast-2.amazonaws.com/hawkes-bay/hawkes-bay-cyclone-gabrielle_2023_0.1m/rgb/2193/BJ39_1000_3009.tiff""}",https://nz-imagery.s3-ap-southeast-2.amazonaws.com/hawkes-bay/hawkes-bay-cyclone-gabrielle_2023_0.1m/rgb/2193/collection.json,BJ39_1000_3009,,0.1,01GTE4ZWCXRGNX6W0VC3SR6VJ5,
aerial,AERIAL,01GTE4ZWCXRGNX6W0VC3SR6VJ5:BJ39_1000_3010,post,,,2023-02-17T11:00:00Z,2023-02-19T11:00:00Z,tile,,,,,,,,0.0012902487583901,"{""type"": ""Polygon"", ""coordinates"": [[[176.8100376, -39.3530164], [176.8103897, -39.3594898], [176.8159489, -39.3593074], [176.8155963, -39.3528341], [176.8100376, -39.3530164]]]}",https://nz-imagery.s3-ap-southeast-2.amazonaws.com/hawkes-bay/hawkes-bay-cyclone-gabrielle_2023_0.1m/rgb/2193/BJ39_1000_3010.json,"{""visual"": ""https://nz-imagery.s3-ap-southeast-2.amazonaws.com/hawkes-bay/hawkes-bay-cyclone-gabrielle_2023_0.1m/rgb/2193/BJ39_1000_3010.tiff""}",https://nz-imagery.s3-ap-southeast-2.amazonaws.com/hawkes-bay/hawkes-bay-cyclone-gabrielle_2023_0.1m/rgb/2193/collection.json,BJ39_1000_3010,,0.1,01GTE4ZWCXRGNX6W0VC3SR6VJ5,
aerial,AERIAL,01GTE4ZWCXRGNX6W0VC3SR6VJ5:BJ39_1000_3011,post,,,2023-02-17T11:00:00Z,2023-02-19T11:00:00Z,tile,,,,,,,,0.0012902485763248,"{""type"": ""Polygon"", ""coordinates"": [[[176.8155963, -39.3528341], [176.8159489, -39.3593074], [176.8215081, -39.3591247], [176.8211549, -39.3526514], [176.8155963, -39.3528341]]]}",https://nz-imagery.s3-ap-southeast-2.amazonaws.com/hawkes-bay/hawkes-bay-cyclone-gabrielle_2023_0.1m/rgb/2193/BJ39_1000_3011.json,"{""visual"": ""https://nz-imagery.s3-ap-southeast-2.amazonaws.com/hawkes-bay/hawkes-bay-cyclone-gabrielle_2023_0.1m/rgb/2193/BJ39_1000_3011.tiff""}",https://nz-imagery.s3-ap-southeast-2.amazonaws.com/hawkes-bay/hawkes-bay-cyclone-gabrielle_2023_0.1m/rgb/2193/collection.json,BJ39_1000_3011,,0.1,01GTE4ZWCXRGNX6W0VC3SR6VJ5,
aerial,AERIAL,01GTE4ZWCXRGNX6W0VC3SR6VJ5:BJ39_1000_3012,post,,,2023-02-17T11:00:00Z,2023-02-19T11:00:00Z,tile,,,,,,,,0.0012670309219782,"{""type"": ""Polygon"", ""coordinates"": [[[176.8211549, -39.3526514], [176.8215081, -39.3591247], [176.8270672, -39.3589418], [176.8267135, -39.3524685], [176.8211549, -39.3526514]]]}",https://nz-imagery.s3-ap-southeast-2.amazonaws.com/hawkes-bay/hawkes-bay-cyclone-gabrielle_2023_0.1m/rgb/2193/BJ39_1000_3012.json,"{""visual"": ""https://nz-imagery.s3-ap-southeast-2.amazonaws.com/hawkes-bay/hawkes-bay-cyclone-gabrielle_2023_0.1m/rgb/2193/BJ39_1000_3012.tiff""}",https://nz-imagery.s3-ap-southeast-2.amazonaws.com/hawkes-bay/hawkes-bay-cyclone-gabrielle_2023_0.1m/rgb/2193/collection.json,BJ39_1000_3012,,0.1,01GTE4ZWCXRGNX6W0VC3SR6VJ5,
aerial,AERIAL,01GTE4ZWCXRGNX6W0VC3SR6VJ5:BJ39_1000_3013,post,,,2023-02-17T11:00:00Z,2023-02-19T11:00:00Z,tile,,,,,,,,0.0002815848711405,"{""type"": ""Polygon"", ""coordinates"": [[[176.8267135, -39.3524685], [176.8270672, -39.3589418], [176.8326262, -39.3587586], [176.832272, -39.3522853], [176.8267135, -39.3524685]]]}",https://nz-imagery.s3-ap-southeast-2.amazonaws.com/hawkes-bay/hawkes-bay-cyclone-gabrielle_2023_0.1m/rgb/2193/BJ39_1000_3013.json,"{""visual"": ""https://nz-imagery.s3-ap-southeast-2.amazonaws.com/hawkes-bay/hawkes-bay-cyclone-gabrielle_2023_0.1m/rgb/2193/BJ39_1000_3013.tiff""}",https://nz-imagery.s3-ap-southeast-2.amazonaws.com/hawkes-bay/hawkes-bay-cyclone-gabrielle_2023_0.1m/rgb/2193/collection.json,BJ39_1000_3013,,0.1,01GTE4ZWCXRGNX6W0VC3SR6VJ5,
aerial,AERIAL,01GTE4ZWCXRGNX6W0VC3SR6VJ5:BJ39_1000_3104,post,,,2023-02-17T11:00:00Z,2023-02-19T11:00:00Z,tile,,,,,,,,0.0012902494816044,"{""type"": ""Polygon"", ""coordinates"": [[[176.7770336, -39.3605788], [176.7773828, -39.3670524], [176.7829428, -39.3668715], [176.7825931, -39.3603979], [176.7770336, -39.3605788]]]}",https://nz-imagery.s3-ap-southeast-2.amazonaws.com/hawkes-bay/hawkes-bay-cyclone-gabrielle_2023_0.1m/rgb/2193/BJ39_1000_3104.json,"{""visual"": ""https://nz-imagery.s3-ap-southeast-2.amazonaws.com/hawkes-bay/hawkes-bay-cyclone-gabrielle_2023_0.1m/rgb/2193/BJ39_1000_3104.tiff""}",https://nz-imagery.s3-ap-southeast-2.amazonaws.com/hawkes-bay/hawkes-bay-cyclone-gabrielle_2023_0.1m/rgb/2193/collection.json,BJ39_1000_3104,,0.1,01GTE4ZWCXRGNX6W0VC3SR6VJ5,
aerial,AERIAL,01GTE4ZWCXRGNX6W0VC3SR6VJ5:BJ39_1000_3105,post,,,2023-02-17T11:00:00Z,2023-02-19T11:00:00Z,tile,,,,,,,,0.0012902347081483,"{""type"": ""Polygon"", ""coordinates"": [[[176.7825931, -39.3603979], [176.7829428, -39.3668715], [176.7885027, -39.3666904], [176.7881525, -39.3602169], [176.7825931, -39.3603979]]]}",https://nz-imagery.s3-ap-southeast-2.amazonaws.com/hawkes-bay/hawkes-bay-cyclone-gabrielle_2023_0.1m/rgb/2193/BJ39_1000_3105.json,"{""visual"": ""https://nz-imagery.s3-ap-southeast-2.amazonaws.com/hawkes-bay/hawkes-bay-cyclone-gabrielle_2023_0.1m/rgb/2193/BJ39_1000_3105.tiff""}",https://nz-imagery.s3-ap-southeast-2.amazonaws.com/hawkes-bay/hawkes-bay-cyclone-gabrielle_2023_0.1m/rgb/2193/collection.json,BJ39_1000_3105,,0.1,01GTE4ZWCXRGNX6W0VC3SR6VJ5,
aerial,AERIAL,01GTE4ZWCXRGNX6W0VC3SR6VJ5:BJ39_1000_3106,post,,,2023-02-17T11:00:00Z,2023-02-19T11:00:00Z,tile,,,,,,,,0.0012902456336521,"{""type"": ""Polygon"", ""coordinates"": [[[176.7881525, -39.3602169], [176.7885027, -39.3666904], [176.7940626, -39.366509], [176.7937119, -39.3600355], [176.7881525, -39.3602169]]]}",https://nz-imagery.s3-ap-southeast-2.amazonaws.com/hawkes-bay/hawkes-bay-cyclone-gabrielle_2023_0.1m/rgb/2193/BJ39_1000_3106.json,"{""visual"": ""https://nz-imagery.s3-ap-southeast-2.amazonaws.com/hawkes-bay/hawkes-bay-cyclone-gabrielle_2023_0.1m/rgb/2193/BJ39_1000_3106.tiff""}",https://nz-imagery.s3-ap-southeast-2.amazonaws.com/hawkes-bay/hawkes-bay-cyclone-gabrielle_2023_0.1m/rgb/2193/collection.json,BJ39_1000_3106,,0.1,01GTE4ZWCXRGNX6W0VC3SR6VJ5,
aerial,AERIAL,01GTE4ZWCXRGNX6W0VC3SR6VJ5:BJ39_1000_3107,post,,,2023-02-17T11:00:00Z,2023-02-19T11:00:00Z,tile,,,,,,,,0.0012902533970067,"{""type"": ""Polygon"", ""coordinates"": [[[176.7937119, -39.3600355], [176.7940626, -39.366509], [176.7996225, -39.3663274], [176.7992712, -39.3598539], [176.7937119, -39.3600355]]]}",https://nz-imagery.s3-ap-southeast-2.amazonaws.com/hawkes-bay/hawkes-bay-cyclone-gabrielle_2023_0.1m/rgb/2193/BJ39_1000_3107.json,"{""visual"": ""https://nz-imagery.s3-ap-southeast-2.amazonaws.com/hawkes-bay/hawkes-bay-cyclone-gabrielle_2023_0.1m/rgb/2193/BJ39_1000_3107.tiff""}",https://nz-imagery.s3-ap-southeast-2.amazonaws.com/hawkes-bay/hawkes-bay-cyclone-gabrielle_2023_0.1m/rgb/2193/collection.json,BJ39_1000_3107,,0.1,01GTE4ZWCXRGNX6W0VC3SR6VJ5,
aerial,AERIAL,01GTE4ZWCXRGNX6W0VC3SR6VJ5:BJ39_1000_3108,post,,,2023-02-17T11:00:00Z,2023-02-19T11:00:00Z,tile,,,,,,,,0.0012902531276245,"{""type"": ""Polygon"", ""coordinates"": [[[176.7992712, -39.3598539], [176.7996225, -39.3663274], [176.8051823, -39.3661454], [176.8048305, -39.359672], [176.7992712, -39.3598539]]]}",https://nz-imagery.s3-ap-southeast-2.amazonaws.com/hawkes-bay/hawkes-bay-cyclone-gabrielle_2023_0.1m/rgb/2193/BJ39_1000_3108.json,"{""visual"": ""https://nz-imagery.s3-ap-southeast-2.amazonaws.com/hawkes-bay/hawkes-bay-cyclone-gabrielle_2023_0.1m/rgb/2193/BJ39_1000_3108.tiff""}",https://nz-imagery.s3-ap-southeast-2.amazonaws.com/hawkes-bay/hawkes-bay-cyclone-gabrielle_2023_0.1m/rgb/2193/collection.json,BJ39_1000_3108,,0.1,01GTE4ZWCXRGNX6W0VC3SR6VJ5,
aerial,AERIAL,01GTE4ZWCXRGNX6W0VC3SR6VJ5:BJ39_1000_3109,post,,,2023-02-17T11:00:00Z,2023-02-19T11:00:00Z,tile,,,,,,,,0.0012902397221164,"{""type"": ""Polygon"", ""coordinates"": [[[176.8048305, -39.359672], [176.8051823, -39.3661454], [176.810742, -39.3659632], [176.8103897, -39.3594898], [176.8048305, -39.359672]]]}",https://nz-imagery.s3-ap-southeast-2.amazonaws.com/hawkes-bay/hawkes-bay-cyclone-gabrielle_2023_0.1m/rgb/2193/BJ39_1000_3109.json,"{""visual"": ""https://nz-imagery.s3-ap-southeast-2.amazonaws.com/hawkes-bay/hawkes-bay-cyclone-gabrielle_2023_0.1m/rgb/2193/BJ39_1000_3109.tiff""}",https://nz-imagery.s3-ap-southeast-2.amazonaws.com/hawkes-bay/hawkes-bay-cyclone-gabrielle_2023_0.1m/rgb/2193/collection.json,BJ39_1000_3109,,0.1,01GTE4ZWCXRGNX6W0VC3SR6VJ5,
aerial,AERIAL,01GTE4ZWCXRGNX6W0VC3SR6VJ5:BJ39_1000_3110,post,,,2023-02-17T11:00:00Z,2023-02-19T11:00:00Z,tile,,,,,,,,0.0012902588282913,"{""type"": ""Polygon"", ""coordinates"": [[[176.8103897, -39.3594898], [176.810742, -39.3659632], [176.8163017, -39.3657808], [176.8159489, -39.3593074], [176.8103897, -39.3594898]]]}",https://nz-imagery.s3-ap-southeast-2.amazonaws.com/hawkes-bay/hawkes-bay-cyclone-gabrielle_2023_0.1m/rgb/2193/BJ39_1000_3110.json,"{""visual"": ""https://nz-imagery.s3-ap-southeast-2.amazonaws.com/hawkes-bay/hawkes-bay-cyclone-gabrielle_2023_0.1m/rgb/2193/BJ39_1000_3110.tiff""}",https://nz-imagery.s3-ap-southeast-2.amazonaws.com/hawkes-bay/hawkes-bay-cyclone-gabrielle_2023_0.1m/rgb/2193/collection.json,BJ39_1000_3110,,0.1,01GTE4ZWCXRGNX6W0VC3SR6VJ5,
aerial,AERIAL,01GTE4ZWCXRGNX6W0VC3SR6VJ5:BJ39_1000_3111,post,,,2023-02-17T11:00:00Z,2023-02-19T11:00:00Z,tile,,,,,,,,0.0012902699086984,"{""type"": ""Polygon"", ""coordinates"": [[[176.8159489, -39.3593074], [176.8163017, -39.3657808], [176.8218614, -39.365598], [176.8215081, -39.3591247], [176.8159489, -39.3593074]]]}",https://nz-imagery.s3-ap-southeast-2.amazonaws.com/hawkes-bay/hawkes-bay-cyclone-gabrielle_2023_0.1m/rgb/2193/BJ39_1000_3111.json,"{""visual"": ""https://nz-imagery.s3-ap-southeast-2.amazonaws.com/hawkes-bay/hawkes-bay-cyclone-gabrielle_2023_0.1m/rgb/2193/BJ39_1000_3111.tiff""}",https://nz-imagery.s3-ap-southeast-2.amazonaws.com/hawkes-bay/hawkes-bay-cyclone-gabrielle_2023_0.1m/rgb/2193/collection.json,BJ39_1000_3111,,0.1,01GTE4ZWCXRGNX6W0VC3SR6VJ5,
aerial,AERIAL,01GTE4ZWCXRGNX6W0VC3SR6VJ5:BJ39_1000_3112,post,,,2023-02-17T11:00:00Z,2023-02-19T11:00:00Z,tile,,,,,,,,0.0012902553229905,"{""type"": ""Polygon"", ""coordinates"": [[[176.8215081, -39.3591247], [176.8218614, -39.365598], [176.827421, -39.3654151], [176.8270672, -39.3589418], [176.8215081, -39.3591247]]]}",https://nz-imagery.s3-ap-southeast-2.amazonaws.com/hawkes-bay/hawkes-bay-cyclone-gabrielle_2023_0.1m/rgb/2193/BJ39_1000_3112.json,"{""visual"": ""https://nz-imagery.s3-ap-southeast-2.amazonaws.com/hawkes-bay/hawkes-bay-cyclone-gabrielle_2023_0.1m/rgb/2193/BJ39_1000_3112.tiff""}",https://nz-imagery.s3-ap-southeast-2.amazonaws.com/hawkes-bay/hawkes-bay-cyclone-gabrielle_2023_0.1m/rgb/2193/collection.json,BJ39_1000_3112,,0.1,01GTE4ZWCXRGNX6W0VC3SR6VJ5,
aerial,AERIAL,01GTE4ZWCXRGNX6W0VC3SR6VJ5:BJ39_1000_3113,post,,,2023-02-17T11:00:00Z,2023-02-19T11:00:00Z,tile,,,,,,,,0.000798721521102,"{""type"": ""Polygon"", ""coordinates"": [[[176.8270672, -39.3589418], [176.827421, -39.3654151], [176.8329805, -39.3652318], [176.8326262, -39.3587586], [176.8270672, -39.3589418]]]}",https://nz-imagery.s3-ap-southeast-2.amazonaws.com/hawkes-bay/hawkes-bay-cyclone-gabrielle_2023_0.1m/rgb/2193/BJ39_1000_3113.json,"{""visual"": ""https://nz-imagery.s3-ap-southeast-2.amazonaws.com/hawkes-bay/hawkes-bay-cyclone-gabrielle_2023_0.1m/rgb/2193/BJ39_1000_3113.tiff""}",https://nz-imagery.s3-ap-southeast-2.amazonaws.com/hawkes-bay/hawkes-bay-cyclone-gabrielle_2023_0.1m/rgb/2193/collection.json,BJ39_1000_3113,,0.1,01GTE4ZWCXRGNX6W0VC3SR6VJ5,
aerial,AERIAL,01GTE4ZWCXRGNX6W0VC3SR6VJ5:BJ39_1000_3114,post,,,2023-02-17T11:00:00Z,2023-02-19T11:00:00Z,tile,,,,,,,,7.810450576008889e-05,"{""type"": ""Polygon"", ""coordinates"": [[[176.8326262, -39.3587586], [176.8329805, -39.3652318], [176.83854, -39.3650483], [176.8381852, -39.3585751], [176.8326262, -39.3587586]]]}",https://nz-imagery.s3-ap-southeast-2.amazonaws.com/hawkes-bay/hawkes-bay-cyclone-gabrielle_2023_0.1m/rgb/2193/BJ39_1000_3114.json,"{""visual"": ""https://nz-imagery.s3-ap-southeast-2.amazonaws.com/hawkes-bay/hawkes-bay-cyclone-gabrielle_2023_0.1m/rgb/2193/BJ39_1000_3114.tiff""}",https://nz-imagery.s3-ap-southeast-2.amazonaws.com/hawkes-bay/hawkes-bay-cyclone-gabrielle_2023_0.1m/rgb/2193/collection.json,BJ39_1000_3114,,0.1,01GTE4ZWCXRGNX6W0VC3SR6VJ5,
aerial,AERIAL,01GTE4ZWCXRGNX6W0VC3SR6VJ5:BJ39_1000_3201,post,,,2023-02-17T11:00:00Z,2023-02-19T11:00:00Z,tile,,,,,,,,0.0012902414122822,"{""type"": ""Polygon"", ""coordinates"": [[[176.7607025, -39.3675934], [176.7610503, -39.3740672], [176.7666109, -39.3738871], [176.7662626, -39.3674134], [176.7607025, -39.3675934]]]}",https://nz-imagery.s3-ap-southeast-2.amazonaws.com/hawkes-bay/hawkes-bay-cyclone-gabrielle_2023_0.1m/rgb/2193/BJ39_1000_3201.json,"{""visual"": ""https://nz-imagery.s3-ap-southeast-2.amazonaws.com/hawkes-bay/hawkes-bay-cyclone-gabrielle_2023_0.1m/rgb/2193/BJ39_1000_3201.tiff""}",https://nz-imagery.s3-ap-southeast-2.amazonaws.com/hawkes-bay/hawkes-bay-cyclone-gabrielle_2023_0.1m/rgb/2193/collection.json,BJ39_1000_3201,,0.1,01GTE4ZWCXRGNX6W0VC3SR6VJ5,
aerial,AERIAL,01GTE4ZWCXRGNX6W0VC3SR6VJ5:BJ39_1000_3205,post,,,2023-02-17T11:00:00Z,2023-02-19T11:00:00Z,tile,,,,,,,,0.0012902559753774,"{""type"": ""Polygon"", ""coordinates"": [[[176.7829428, -39.3668715], [176.7832926, -39.3733451], [176.7888531, -39.373164], [176.7885027, -39.3666904], [176.7829428, -39.3668715]]]}",https://nz-imagery.s3-ap-southeast-2.amazonaws.com/hawkes-bay/hawkes-bay-cyclone-gabrielle_2023_0.1m/rgb/2193/BJ39_1000_3205.json,"{""visual"": ""https://nz-imagery.s3-ap-southeast-2.amazonaws.com/hawkes-bay/hawkes-bay-cyclone-gabrielle_2023_0.1m/rgb/2193/BJ39_1000_3205.tiff""}",https://nz-imagery.s3-ap-southeast-2.amazonaws.com/hawkes-bay/hawkes-bay-cyclone-gabrielle_2023_0.1m/rgb/2193/collection.json,BJ39_1000_3205,,0.1,01GTE4ZWCXRGNX6W0VC3SR6VJ5,
aerial,AERIAL,01GTE4ZWCXRGNX6W0VC3SR6VJ5:BJ39_1000_3206,post,,,2023-02-17T11:00:00Z,2023-02-19T11:00:00Z,tile,,,,,,,,0.0012902556476301,"{""type"": ""Polygon"", ""coordinates"": [[[176.7885027, -39.3666904], [176.7888531, -39.373164], [176.7944135, -39.3729825], [176.7940626, -39.366509], [176.7885027, -39.3666904]]]}",https://nz-imagery.s3-ap-southeast-2.amazonaws.com/hawkes-bay/hawkes-bay-cyclone-gabrielle_2023_0.1m/rgb/2193/BJ39_1000_3206.json,"{""visual"": ""https://nz-imagery.s3-ap-southeast-2.amazonaws.com/hawkes-bay/hawkes-bay-cyclone-gabrielle_2023_0.1m/rgb/2193/BJ39_1000_3206.tiff""}",https://nz-imagery.s3-ap-southeast-2.amazonaws.com/hawkes-bay/hawkes-bay-cyclone-gabrielle_2023_0.1m/rgb/2193/collection.json,BJ39_1000_3206,,0.1,01GTE4ZWCXRGNX6W0VC3SR6VJ5,
aerial,AERIAL,01GTE4ZWCXRGNX6W0VC3SR6VJ5:BJ39_1000_3207,post,,,2023-02-17T11:00:00Z,2023-02-19T11:00:00Z,tile,,,,,,,,0.0012902428701069,"{""type"": ""Polygon"", ""coordinates"": [[[176.7940626, -39.366509], [176.7944135, -39.3729825], [176.7999738, -39.3728008], [176.7996225, -39.3663274], [176.7940626, -39.366509]]]}",https://nz-imagery.s3-ap-southeast-2.amazonaws.com/hawkes-bay/hawkes-bay-cyclone-gabrielle_2023_0.1m/rgb/2193/BJ39_1000_3207.json,"{""visual"": ""https://nz-imagery.s3-ap-southeast-2.amazonaws.com/hawkes-bay/hawkes-bay-cyclone-gabrielle_2023_0.1m/rgb/2193/BJ39_1000_3207.tiff""}",https://nz-imagery.s3-ap-southeast-2.amazonaws.com/hawkes-bay/hawkes-bay-cyclone-gabrielle_2023_0.1m/rgb/2193/collection.json,BJ39_1000_3207,,0.1,01GTE4ZWCXRGNX6W0VC3SR6VJ5,
aerial,AERIAL,01GTE4ZWCXRGNX6W0VC3SR6VJ5:BJ39_1000_3208,post,,,2023-02-17T11:00:00Z,2023-02-19T11:00:00Z,tile,,,,,,,,0.0012902631790293,"{""type"": ""Polygon"", ""coordinates"": [[[176.7996225, -39.3663274], [176.7999738, -39.3728008], [176.8055342, -39.3726189], [176.8051823, -39.3661454], [176.7996225, -39.3663274]]]}",https://nz-imagery.s3-ap-southeast-2.amazonaws.com/hawkes-bay/hawkes-bay-cyclone-gabrielle_2023_0.1m/rgb/2193/BJ39_1000_3208.json,"{""visual"": ""https://nz-imagery.s3-ap-southeast-2.amazonaws.com/hawkes-bay/hawkes-bay-cyclone-gabrielle_2023_0.1m/rgb/2193/BJ39_1000_3208.tiff""}",https://nz-imagery.s3-ap-southeast-2.amazonaws.com/hawkes-bay/hawkes-bay-cyclone-gabrielle_2023_0.1m/rgb/2193/collection.json,BJ39_1000_3208,,0.1,01GTE4ZWCXRGNX6W0VC3SR6VJ5,
aerial,AERIAL,01GTE4ZWCXRGNX6W0VC3SR6VJ5:BJ39_1000_3209,post,,,2023-02-17T11:00:00Z,2023-02-19T11:00:00Z,tile,,,,,,,,0.0012902490989661,"{""type"": ""Polygon"", ""coordinates"": [[[176.8051823, -39.3661454], [176.8055342, -39.3726189], [176.8110944, -39.3724366], [176.810742, -39.3659632], [176.8051823, -39.3661454]]]}",https://nz-imagery.s3-ap-southeast-2.amazonaws.com/hawkes-bay/hawkes-bay-cyclone-gabrielle_2023_0.1m/rgb/2193/BJ39_1000_3209.json,"{""visual"": ""https://nz-imagery.s3-ap-southeast-2.amazonaws.com/hawkes-bay/hawkes-bay-cyclone-gabrielle_2023_0.1m/rgb/2193/BJ39_1000_3209.tiff""}",https://nz-imagery.s3-ap-southeast-2.amazonaws.com/hawkes-bay/hawkes-bay-cyclone-gabrielle_2023_0.1m/rgb/2193/collection.json,BJ39_1000_3209,,0.1,01GTE4ZWCXRGNX6W0VC3SR6VJ5,
aerial,AERIAL,01GTE4ZWCXRGNX6W0VC3SR6VJ5:BJ39_1000_3210,post,,,2023-02-17T11:00:00Z,2023-02-19T11:00:00Z,tile,,,,,,,,0.0012902483118406,"{""type"": ""Polygon"", ""coordinates"": [[[176.810742, -39.3659632], [176.8110944, -39.3724366], [176.8166546, -39.3722541], [176.8163017, -39.3657808], [176.810742, -39.3659632]]]}",https://nz-imagery.s3-ap-southeast-2.amazonaws.com/hawkes-bay/hawkes-bay-cyclone-gabrielle_2023_0.1m/rgb/2193/BJ39_1000_3210.json,"{""visual"": ""https://nz-imagery.s3-ap-southeast-2.amazonaws.com/hawkes-bay/hawkes-bay-cyclone-gabrielle_2023_0.1m/rgb/2193/BJ39_1000_3210.tiff""}",https://nz-imagery.s3-ap-southeast-2.amazonaws.com/hawkes-bay/hawkes-bay-cyclone-gabrielle_2023_0.1m/rgb/2193/collection.json,BJ39_1000_3210,,0.1,01GTE4ZWCXRGNX6W0VC3SR6VJ5,
aerial,AERIAL,01GTE4ZWCXRGNX6W0VC3SR6VJ5:BJ39_1000_3211,post,,,2023-02-17T11:00:00Z,2023-02-19T11:00:00Z,tile,,,,,,,,0.0012902687108832,"{""type"": ""Polygon"", ""coordinates"": [[[176.8163017, -39.3657808], [176.8166546, -39.3722541], [176.8222148, -39.3720714], [176.8218614, -39.365598], [176.8163017, -39.3657808]]]}",https://nz-imagery.s3-ap-southeast-2.amazonaws.com/hawkes-bay/hawkes-bay-cyclone-gabrielle_2023_0.1m/rgb/2193/BJ39_1000_3211.json,"{""visual"": ""https://nz-imagery.s3-ap-southeast-2.amazonaws.com/hawkes-bay/hawkes-bay-cyclone-gabrielle_2023_0.1m/rgb/2193/BJ39_1000_3211.tiff""}",https://nz-imagery.s3-ap-southeast-2.amazonaws.com/hawkes-bay/hawkes-bay-cyclone-gabrielle_2023_0.1m/rgb/2193/collection.json,BJ39_1000_3211,,0.1,01GTE4ZWCXRGNX6W0VC3SR6VJ5,
aerial,AERIAL,01GTE4ZWCXRGNX6W0VC3SR6VJ5:BJ39_1000_3212,post,,,2023-02-17T11:00:00Z,2023-02-19T11:00:00Z,tile,,,,,,,,0.001290255394827,"{""type"": ""Polygon"", ""coordinates"": [[[176.8218614, -39.365598], [176.8222148, -39.3720714], [176.8277749, -39.3718883], [176.827421, -39.3654151], [176.8218614, -39.365598]]]}",https://nz-imagery.s3-ap-southeast-2.amazonaws.com/hawkes-bay/hawkes-bay-cyclone-gabrielle_2023_0.1m/rgb/2193/BJ39_1000_3212.json,"{""visual"": ""https://nz-imagery.s3-ap-southeast-2.amazonaws.com/hawkes-bay/hawkes-bay-cyclone-gabrielle_2023_0.1m/rgb/2193/BJ39_1000_3212.tiff""}",https://nz-imagery.s3-ap-southeast-2.amazonaws.com/hawkes-bay/hawkes-bay-cyclone-gabrielle_2023_0.1m/rgb/2193/collection.json,BJ39_1000_3212,,0.1,01GTE4ZWCXRGNX6W0VC3SR6VJ5,
aerial,AERIAL,01GTE4ZWCXRGNX6W0VC3SR6VJ5:BJ39_1000_3213,post,,,2023-02-17T11:00:00Z,2023-02-19T11:00:00Z,tile,,,,,,,,0.0006680950552727,"{""type"": ""Polygon"", ""coordinates"": [[[176.827421, -39.3654151], [176.8277749, -39.3718883], [176.8333349, -39.371705], [176.8329805, -39.3652318], [176.827421, -39.3654151]]]}",https://nz-imagery.s3-ap-southeast-2.amazonaws.com/hawkes-bay/hawkes-bay-cyclone-gabrielle_2023_0.1m/rgb/2193/BJ39_1000_3213.json,"{""visual"": ""https://nz-imagery.s3-ap-southeast-2.amazonaws.com/hawkes-bay/hawkes-bay-cyclone-gabrielle_2023_0.1m/rgb/2193/BJ39_1000_3213.tiff""}",https://nz-imagery.s3-ap-southeast-2.amazonaws.com/hawkes-bay/hawkes-bay-cyclone-gabrielle_2023_0.1m/rgb/2193/collection.json,BJ39_1000_3213,,0.1,01GTE4ZWCXRGNX6W0VC3SR6VJ5,
aerial,AERIAL,01GTE4ZWCXRGNX6W0VC3SR6VJ5:BJ39_1000_3214,post,,,2023-02-17T11:00:00Z,2023-02-19T11:00:00Z,tile,,,,,,,,2.174941387046557e-05,"{""type"": ""Polygon"", ""coordinates"": [[[176.8329805, -39.3652318], [176.8333349, -39.371705], [176.8388949, -39.3715215], [176.83854, -39.3650483], [176.8329805, -39.3652318]]]}",https://nz-imagery.s3-ap-southeast-2.amazonaws.com/hawkes-bay/hawkes-bay-cyclone-gabrielle_2023_0.1m/rgb/2193/BJ39_1000_3214.json,"{""visual"": ""https://nz-imagery.s3-ap-southeast-2.amazonaws.com/hawkes-bay/hawkes-bay-cyclone-gabrielle_2023_0.1m/rgb/2193/BJ39_1000_3214.tiff""}",https://nz-imagery.s3-ap-southeast-2.amazonaws.com/hawkes-bay/hawkes-bay-cyclone-gabrielle_2023_0.1m/rgb/2193/collection.json,BJ39_1000_3214,,0.1,01GTE4ZWCXRGNX6W0VC3SR6VJ5,
aerial,AERIAL,01GTE4ZWCXRGNX6W0VC3SR6VJ5:BJ39_1000_3301,post,,,2023-02-17T11:00:00Z,2023-02-19T11:00:00Z,tile,,,,,,,,0.0012902427279397,"{""type"": ""Polygon"", ""coordinates"": [[[176.7610503, -39.3740672], [176.7613982, -39.3805409], [176.7669594, -39.3803608], [176.7666109, -39.3738871], [176.7610503, -39.3740672]]]}",https://nz-imagery.s3-ap-southeast-2.amazonaws.com/hawkes-bay/hawkes-bay-cyclone-gabrielle_2023_0.1m/rgb/2193/BJ39_1000_3301.json,"{""visual"": ""https://nz-imagery.s3-ap-southeast-2.amazonaws.com/hawkes-bay/hawkes-bay-cyclone-gabrielle_2023_0.1m/rgb/2193/BJ39_1000_3301.tiff""}",https://nz-imagery.s3-ap-southeast-2.amazonaws.com/hawkes-bay/hawkes-bay-cyclone-gabrielle_2023_0.1m/rgb/2193/collection.json,BJ39_1000_3301,,0.1,01GTE4ZWCXRGNX6W0VC3SR6VJ5,
aerial,AERIAL,01GTE4ZWCXRGNX6W0VC3SR6VJ5:BJ39_1000_3302,post,,,2023-02-17T11:00:00Z,2023-02-19T11:00:00Z,tile,,,,,,,,0.00129026286329,"{""type"": ""Polygon"", ""coordinates"": [[[176.7666109, -39.3738871], [176.7669594, -39.3803608], [176.7725205, -39.3801804], [176.7721716, -39.3737067], [176.7666109, -39.3738871]]]}",https://nz-imagery.s3-ap-southeast-2.amazonaws.com/hawkes-bay/hawkes-bay-cyclone-gabrielle_2023_0.1m/rgb/2193/BJ39_1000_3302.json,"{""visual"": ""https://nz-imagery.s3-ap-southeast-2.amazonaws.com/hawkes-bay/hawkes-bay-cyclone-gabrielle_2023_0.1m/rgb/2193/BJ39_1000_3302.tiff""}",https://nz-imagery.s3-ap-southeast-2.amazonaws.com/hawkes-bay/hawkes-bay-cyclone-gabrielle_2023_0.1m/rgb/2193/collection.json,BJ39_1000_3302,,0.1,01GTE4ZWCXRGNX6W0VC3SR6VJ5,
aerial,AERIAL,01GTE4ZWCXRGNX6W0VC3SR6VJ5:BJ39_1000_3306,post,,,2023-02-17T11:00:00Z,2023-02-19T11:00:00Z,tile,,,,,,,,0.0012902563346502,"{""type"": ""Polygon"", ""coordinates"": [[[176.7888531, -39.373164], [176.7892035, -39.3796375], [176.7947645, -39.379456], [176.7944135, -39.3729825], [176.7888531, -39.373164]]]}",https://nz-imagery.s3-ap-southeast-2.amazonaws.com/hawkes-bay/hawkes-bay-cyclone-gabrielle_2023_0.1m/rgb/2193/BJ39_1000_3306.json,"{""visual"": ""https://nz-imagery.s3-ap-southeast-2.amazonaws.com/hawkes-bay/hawkes-bay-cyclone-gabrielle_2023_0.1m/rgb/2193/BJ39_1000_3306.tiff""}",https://nz-imagery.s3-ap-southeast-2.amazonaws.com/hawkes-bay/hawkes-bay-cyclone-gabrielle_2023_0.1m/rgb/2193/collection.json,BJ39_1000_3306,,0.1,01GTE4ZWCXRGNX6W0VC3SR6VJ5,
aerial,AERIAL,01GTE4ZWCXRGNX6W0VC3SR6VJ5:BJ39_1000_3307,post,,,2023-02-17T11:00:00Z,2023-02-19T11:00:00Z,tile,,,,,,,,0.0012902409443551,"{""type"": ""Polygon"", ""coordinates"": [[[176.7944135, -39.3729825], [176.7947645, -39.379456], [176.8003253, -39.3792743], [176.7999738, -39.3728008], [176.7944135, -39.3729825]]]}",https://nz-imagery.s3-ap-southeast-2.amazonaws.com/hawkes-bay/hawkes-bay-cyclone-gabrielle_2023_0.1m/rgb/2193/BJ39_1000_3307.json,"{""visual"": ""https://nz-imagery.s3-ap-southeast-2.amazonaws.com/hawkes-bay/hawkes-bay-cyclone-gabrielle_2023_0.1m/rgb/2193/BJ39_1000_3307.tiff""}",https://nz-imagery.s3-ap-southeast-2.amazonaws.com/hawkes-bay/hawkes-bay-cyclone-gabrielle_2023_0.1m/rgb/2193/collection.json,BJ39_1000_3307,,0.1,01GTE4ZWCXRGNX6W0VC3SR6VJ5,
aerial,AERIAL,01GTE4ZWCXRGNX6W0VC3SR6VJ5:BJ39_1000_3308,post,,,2023-02-17T11:00:00Z,2023-02-19T11:00:00Z,tile,,,,,,,,0.0012902619357629,"{""type"": ""Polygon"", ""coordinates"": [[[176.7999738, -39.3728008], [176.8003253, -39.3792743], [176.8058861, -39.3790923], [176.8055342, -39.3726189], [176.7999738, -39.3728008]]]}",https://nz-imagery.s3-ap-southeast-2.amazonaws.com/hawkes-bay/hawkes-bay-cyclone-gabrielle_2023_0.1m/rgb/2193/BJ39_1000_3308.json,"{""visual"": ""https://nz-imagery.s3-ap-southeast-2.amazonaws.com/hawkes-bay/hawkes-bay-cyclone-gabrielle_2023_0.1m/rgb/2193/BJ39_1000_3308.tiff""}",https://nz-imagery.s3-ap-southeast-2.amazonaws.com/hawkes-bay/hawkes-bay-cyclone-gabrielle_2023_0.1m/rgb/2193/collection.json,BJ39_1000_3308,,0.1,01GTE4ZWCXRGNX6W0VC3SR6VJ5,
aerial,AERIAL,01GTE4ZWCXRGNX6W0VC3SR6VJ5:BJ39_1000_3309,post,,,2023-02-17T11:00:00Z,2023-02-19T11:00:00Z,tile,,,,,,,,0.0012902497967724,"{""type"": ""Polygon"", ""coordinates"": [[[176.8055342, -39.3726189], [176.8058861, -39.3790923], [176.8114469, -39.37891], [176.8110944, -39.3724366], [176.8055342, -39.3726189]]]}",https://nz-imagery.s3-ap-southeast-2.amazonaws.com/hawkes-bay/hawkes-bay-cyclone-gabrielle_2023_0.1m/rgb/2193/BJ39_1000_3309.json,"{""visual"": ""https://nz-imagery.s3-ap-southeast-2.amazonaws.com/hawkes-bay/hawkes-bay-cyclone-gabrielle_2023_0.1m/rgb/2193/BJ39_1000_3309.tiff""}",https://nz-imagery.s3-ap-southeast-2.amazonaws.com/hawkes-bay/hawkes-bay-cyclone-gabrielle_2023_0.1m/rgb/2193/collection.json,BJ39_1000_3309,,0.1,01GTE4ZWCXRGNX6W0VC3SR6VJ5,
aerial,AERIAL,01GTE4ZWCXRGNX6W0VC3SR6VJ5:BJ39_1000_3310,post,,,2023-02-17T11:00:00Z,2023-02-19T11:00:00Z,tile,,,,,,,,0.001290248337191,"{""type"": ""Polygon"", ""coordinates"": [[[176.8110944, -39.3724366], [176.8114469, -39.37891], [176.8170076, -39.3787274], [176.8166546, -39.3722541], [176.8110944, -39.3724366]]]}",https://nz-imagery.s3-ap-southeast-2.amazonaws.com/hawkes-bay/hawkes-bay-cyclone-gabrielle_2023_0.1m/rgb/2193/BJ39_1000_3310.json,"{""visual"": ""https://nz-imagery.s3-ap-southeast-2.amazonaws.com/hawkes-bay/hawkes-bay-cyclone-gabrielle_2023_0.1m/rgb/2193/BJ39_1000_3310.tiff""}",https://nz-imagery.s3-ap-southeast-2.amazonaws.com/hawkes-bay/hawkes-bay-cyclone-gabrielle_2023_0.1m/rgb/2193/collection.json,BJ39_1000_3310,,0.1,01GTE4ZWCXRGNX6W0VC3SR6VJ5,
aerial,AERIAL,01GTE4ZWCXRGNX6W0VC3SR6VJ5:BJ39_1000_3311,post,,,2023-02-17T11:00:00Z,2023-02-19T11:00:00Z,tile,,,,,,,,0.001290247579939,"{""type"": ""Polygon"", ""coordinates"": [[[176.8166546, -39.3722541], [176.8170076, -39.3787274], [176.8225683, -39.3785446], [176.8222148, -39.3720714], [176.8166546, -39.3722541]]]}",https://nz-imagery.s3-ap-southeast-2.amazonaws.com/hawkes-bay/hawkes-bay-cyclone-gabrielle_2023_0.1m/rgb/2193/BJ39_1000_3311.json,"{""visual"": ""https://nz-imagery.s3-ap-southeast-2.amazonaws.com/hawkes-bay/hawkes-bay-cyclone-gabrielle_2023_0.1m/rgb/2193/BJ39_1000_3311.tiff""}",https://nz-imagery.s3-ap-southeast-2.amazonaws.com/hawkes-bay/hawkes-bay-cyclone-gabrielle_2023_0.1m/rgb/2193/collection.json,BJ39_1000_3311,,0.1,01GTE4ZWCXRGNX6W0VC3SR6VJ5,
aerial,AERIAL,01GTE4ZWCXRGNX6W0VC3SR6VJ5:BJ39_1000_3312,post,,,2023-02-17T11:00:00Z,2023-02-19T11:00:00Z,tile,,,,,,,,0.0012902448482799,"{""type"": ""Polygon"", ""coordinates"": [[[176.8222148, -39.3720714], [176.8225683, -39.3785446], [176.8281289, -39.3783616], [176.8277749, -39.3718883], [176.8222148, -39.3720714]]]}",https://nz-imagery.s3-ap-southeast-2.amazonaws.com/hawkes-bay/hawkes-bay-cyclone-gabrielle_2023_0.1m/rgb/2193/BJ39_1000_3312.json,"{""visual"": ""https://nz-imagery.s3-ap-southeast-2.amazonaws.com/hawkes-bay/hawkes-bay-cyclone-gabrielle_2023_0.1m/rgb/2193/BJ39_1000_3312.tiff""}",https://nz-imagery.s3-ap-southeast-2.amazonaws.com/hawkes-bay/hawkes-bay-cyclone-gabrielle_2023_0.1m/rgb/2193/collection.json,BJ39_1000_3312,,0.1,01GTE4ZWCXRGNX6W0VC3SR6VJ5,
aerial,AERIAL,01GTE4ZWCXRGNX6W0VC3SR6VJ5:BJ39_1000_3313,post,,,2023-02-17T11:00:00Z,2023-02-19T11:00:00Z,tile,,,,,,,,0.0012718768585928,"{""type"": ""Polygon"", ""coordinates"": [[[176.8277749, -39.3718883], [176.8281289, -39.3783616], [176.8336895, -39.3781782], [176.8333349, -39.371705], [176.8277749, -39.3718883]]]}",https://nz-imagery.s3-ap-southeast-2.amazonaws.com/hawkes-bay/hawkes-bay-cyclone-gabrielle_2023_0.1m/rgb/2193/BJ39_1000_3313.json,"{""visual"": ""https://nz-imagery.s3-ap-southeast-2.amazonaws.com/hawkes-bay/hawkes-bay-cyclone-gabrielle_2023_0.1m/rgb/2193/BJ39_1000_3313.tiff""}",https://nz-imagery.s3-ap-southeast-2.amazonaws.com/hawkes-bay/hawkes-bay-cyclone-gabrielle_2023_0.1m/rgb/2193/collection.json,BJ39_1000_3313,,0.1,01GTE4ZWCXRGNX6W0VC3SR6VJ5,
aerial,AERIAL,01GTE4ZWCXRGNX6W0VC3SR6VJ5:BJ39_1000_3314,post,,,2023-02-17T11:00:00Z,2023-02-19T11:00:00Z,tile,,,,,,,,0.0011383852510961,"{""type"": ""Polygon"", ""coordinates"": [[[176.8333349, -39.371705], [176.8336895, -39.3781782], [176.83925, -39.3779946], [176.8388949, -39.3715215], [176.8333349, -39.371705]]]}",https://nz-imagery.s3-ap-southeast-2.amazonaws.com/hawkes-bay/hawkes-bay-cyclone-gabrielle_2023_0.1m/rgb/2193/BJ39_1000_3314.json,"{""visual"": ""https://nz-imagery.s3-ap-southeast-2.amazonaws.com/hawkes-bay/hawkes-bay-cyclone-gabrielle_2023_0.1m/rgb/2193/BJ39_1000_3314.tiff""}",https://nz-imagery.s3-ap-southeast-2.amazonaws.com/hawkes-bay/hawkes-bay-cyclone-gabrielle_2023_0.1m/rgb/2193/collection.json,BJ39_1000_3314,,0.1,01GTE4ZWCXRGNX6W0VC3SR6VJ5,
aerial,AERIAL,01GTE4ZWCXRGNX6W0VC3SR6VJ5:BJ39_1000_3315,post,,,2023-02-17T11:00:00Z,2023-02-19T11:00:00Z,tile,,,,,,,,0.000649051412409,"{""type"": ""Polygon"", ""coordinates"": [[[176.8388949, -39.3715215], [176.83925, -39.3779946], [176.8448105, -39.3778108], [176.8444549, -39.3713376], [176.8388949, -39.3715215]]]}",https://nz-imagery.s3-ap-southeast-2.amazonaws.com/hawkes-bay/hawkes-bay-cyclone-gabrielle_2023_0.1m/rgb/2193/BJ39_1000_3315.json,"{""visual"": ""https://nz-imagery.s3-ap-southeast-2.amazonaws.com/hawkes-bay/hawkes-bay-cyclone-gabrielle_2023_0.1m/rgb/2193/BJ39_1000_3315.tiff""}",https://nz-imagery.s3-ap-southeast-2.amazonaws.com/hawkes-bay/hawkes-bay-cyclone-gabrielle_2023_0.1m/rgb/2193/collection.json,BJ39_1000_3315,,0.1,01GTE4ZWCXRGNX6W0VC3SR6VJ5,
aerial,AERIAL,01GTE4ZWCXRGNX6W0VC3SR6VJ5:BJ39_1000_3316,post,,,2023-02-17T11:00:00Z,2023-02-19T11:00:00Z,tile,,,,,,,,7.681364856954996e-07,"{""type"": ""Polygon"", ""coordinates"": [[[176.8444549, -39.3713376], [176.8448105, -39.3778108], [176.8503709, -39.3776266], [176.8500148, -39.3711536], [176.8444549, -39.3713376]]]}",https://nz-imagery.s3-ap-southeast-2.amazonaws.com/hawkes-bay/hawkes-bay-cyclone-gabrielle_2023_0.1m/rgb/2193/BJ39_1000_3316.json,"{""visual"": ""https://nz-imagery.s3-ap-southeast-2.amazonaws.com/hawkes-bay/hawkes-bay-cyclone-gabrielle_2023_0.1m/rgb/2193/BJ39_1000_3316.tiff""}",https://nz-imagery.s3-ap-southeast-2.amazonaws.com/hawkes-bay/hawkes-bay-cyclone-gabrielle_2023_0.1m/rgb/2193/collection.json,BJ39_1000_3316,,0.1,01GTE4ZWCXRGNX6W0VC3SR6VJ5,
aerial,AERIAL,01GTE4ZWCXRGNX6W0VC3SR6VJ5:BJ39_1000_3318,post,,,2023-02-17T11:00:00Z,2023-02-19T11:00:00Z,tile,,,,,,,,4.3151284351301864e-08,"{""type"": ""Polygon"", ""coordinates"": [[[176.8555746, -39.3709692], [176.8559312, -39.3774422], [176.8614916, -39.3772576], [176.8611345, -39.3707846], [176.8555746, -39.3709692]]]}",https://nz-imagery.s3-ap-southeast-2.amazonaws.com/hawkes-bay/hawkes-bay-cyclone-gabrielle_2023_0.1m/rgb/2193/BJ39_1000_3318.json,"{""visual"": ""https://nz-imagery.s3-ap-southeast-2.amazonaws.com/hawkes-bay/hawkes-bay-cyclone-gabrielle_2023_0.1m/rgb/2193/BJ39_1000_3318.tiff""}",https://nz-imagery.s3-ap-southeast-2.amazonaws.com/hawkes-bay/hawkes-bay-cyclone-gabrielle_2023_0.1m/rgb/2193/collection.json,BJ39_1000_3318,,0.1,01GTE4ZWCXRGNX6W0VC3SR6VJ5,
aerial,AERIAL,01GTE4ZWCXRGNX6W0VC3SR6VJ5:BJ39_1000_3319,post,,,2023-02-17T11:00:00Z,2023-02-19T11:00:00Z,tile,,,,,,,,0.0001155129059168,"{""type"": ""Polygon"", ""coordinates"": [[[176.8611345, -39.3707846], [176.8614916, -39.3772576], [176.8670518, -39.3770726], [176.8666942, -39.3705997], [176.8611345, -39.3707846]]]}",https://nz-imagery.s3-ap-southeast-2.amazonaws.com/hawkes-bay/hawkes-bay-cyclone-gabrielle_2023_0.1m/rgb/2193/BJ39_1000_3319.json,"{""visual"": ""https://nz-imagery.s3-ap-southeast-2.amazonaws.com/hawkes-bay/hawkes-bay-cyclone-gabrielle_2023_0.1m/rgb/2193/BJ39_1000_3319.tiff""}",https://nz-imagery.s3-ap-southeast-2.amazonaws.com/hawkes-bay/hawkes-bay-cyclone-gabrielle_2023_0.1m/rgb/2193/collection.json,BJ39_1000_3319,,0.1,01GTE4ZWCXRGNX6W0VC3SR6VJ5,
aerial,AERIAL,01GTE4ZWCXRGNX6W0VC3SR6VJ5:BJ39_1000_3401,post,,,2023-02-17T11:00:00Z,2023-02-19T11:00:00Z,tile,,,,,,,,0.0012902632559526,"{""type"": ""Polygon"", ""coordinates"": [[[176.7613982, -39.3805409], [176.7617462, -39.3870147], [176.7673079, -39.3868345], [176.7669594, -39.3803608], [176.7613982, -39.3805409]]]}",https://nz-imagery.s3-ap-southeast-2.amazonaws.com/hawkes-bay/hawkes-bay-cyclone-gabrielle_2023_0.1m/rgb/2193/BJ39_1000_3401.json,"{""visual"": ""https://nz-imagery.s3-ap-southeast-2.amazonaws.com/hawkes-bay/hawkes-bay-cyclone-gabrielle_2023_0.1m/rgb/2193/BJ39_1000_3401.tiff""}",https://nz-imagery.s3-ap-southeast-2.amazonaws.com/hawkes-bay/hawkes-bay-cyclone-gabrielle_2023_0.1m/rgb/2193/collection.json,BJ39_1000_3401,,0.1,01GTE4ZWCXRGNX6W0VC3SR6VJ5,
aerial,AERIAL,01GTE4ZWCXRGNX6W0VC3SR6VJ5:BJ39_1000_3402,post,,,2023-02-17T11:00:00Z,2023-02-19T11:00:00Z,tile,,,,,,,,0.0012902403374766,"{""type"": ""Polygon"", ""coordinates"": [[[176.7669594, -39.3803608], [176.7673079, -39.3868345], [176.7728695, -39.386654], [176.7725205, -39.3801804], [176.7669594, -39.3803608]]]}",https://nz-imagery.s3-ap-southeast-2.amazonaws.com/hawkes-bay/hawkes-bay-cyclone-gabrielle_2023_0.1m/rgb/2193/BJ39_1000_3402.json,"{""visual"": ""https://nz-imagery.s3-ap-southeast-2.amazonaws.com/hawkes-bay/hawkes-bay-cyclone-gabrielle_2023_0.1m/rgb/2193/BJ39_1000_3402.tiff""}",https://nz-imagery.s3-ap-southeast-2.amazonaws.com/hawkes-bay/hawkes-bay-cyclone-gabrielle_2023_0.1m/rgb/2193/collection.json,BJ39_1000_3402,,0.1,01GTE4ZWCXRGNX6W0VC3SR6VJ5,
aerial,AERIAL,01GTE4ZWCXRGNX6W0VC3SR6VJ5:BJ39_1000_3403,post,,,2023-02-17T11:00:00Z,2023-02-19T11:00:00Z,tile,,,,,,,,0.001290238675221,"{""type"": ""Polygon"", ""coordinates"": [[[176.7725205, -39.3801804], [176.7728695, -39.386654], [176.7784311, -39.3864733], [176.7780815, -39.3799997], [176.7725205, -39.3801804]]]}",https://nz-imagery.s3-ap-southeast-2.amazonaws.com/hawkes-bay/hawkes-bay-cyclone-gabrielle_2023_0.1m/rgb/2193/BJ39_1000_3403.json,"{""visual"": ""https://nz-imagery.s3-ap-southeast-2.amazonaws.com/hawkes-bay/hawkes-bay-cyclone-gabrielle_2023_0.1m/rgb/2193/BJ39_1000_3403.tiff""}",https://nz-imagery.s3-ap-southeast-2.amazonaws.com/hawkes-bay/hawkes-bay-cyclone-gabrielle_2023_0.1m/rgb/2193/collection.json,BJ39_1000_3403,,0.1,01GTE4ZWCXRGNX6W0VC3SR6VJ5,
aerial,AERIAL,01GTE4ZWCXRGNX6W0VC3SR6VJ5:BJ39_1000_3407,post,,,2023-02-17T11:00:00Z,2023-02-19T11:00:00Z,tile,,,,,,,,0.0012902415972375,"{""type"": ""Polygon"", ""coordinates"": [[[176.7947645, -39.379456], [176.7951155, -39.3859295], [176.8006769, -39.3857477], [176.8003253, -39.3792743], [176.7947645, -39.379456]]]}",https://nz-imagery.s3-ap-southeast-2.amazonaws.com/hawkes-bay/hawkes-bay-cyclone-gabrielle_2023_0.1m/rgb/2193/BJ39_1000_3407.json,"{""visual"": ""https://nz-imagery.s3-ap-southeast-2.amazonaws.com/hawkes-bay/hawkes-bay-cyclone-gabrielle_2023_0.1m/rgb/2193/BJ39_1000_3407.tiff""}",https://nz-imagery.s3-ap-southeast-2.amazonaws.com/hawkes-bay/hawkes-bay-cyclone-gabrielle_2023_0.1m/rgb/2193/collection.json,BJ39_1000_3407,,0.1,01GTE4ZWCXRGNX6W0VC3SR6VJ5,
aerial,AERIAL,01GTE4ZWCXRGNX6W0VC3SR6VJ5:BJ39_1000_3408,post,,,2023-02-17T11:00:00Z,2023-02-19T11:00:00Z,tile,,,,,,,,0.0012902519860145,"{""type"": ""Polygon"", ""coordinates"": [[[176.8003253, -39.3792743], [176.8006769, -39.3857477], [176.8062383, -39.3855657], [176.8058861, -39.3790923], [176.8003253, -39.3792743]]]}",https://nz-imagery.s3-ap-southeast-2.amazonaws.com/hawkes-bay/hawkes-bay-cyclone-gabrielle_2023_0.1m/rgb/2193/BJ39_1000_3408.json,"{""visual"": ""https://nz-imagery.s3-ap-southeast-2.amazonaws.com/hawkes-bay/hawkes-bay-cyclone-gabrielle_2023_0.1m/rgb/2193/BJ39_1000_3408.tiff""}",https://nz-imagery.s3-ap-southeast-2.amazonaws.com/hawkes-bay/hawkes-bay-cyclone-gabrielle_2023_0.1m/rgb/2193/collection.json,BJ39_1000_3408,,0.1,01GTE4ZWCXRGNX6W0VC3SR6VJ5,
aerial,AERIAL,01GTE4ZWCXRGNX6W0VC3SR6VJ5:BJ39_1000_3409,post,,,2023-02-17T11:00:00Z,2023-02-19T11:00:00Z,tile,,,,,,,,0.001290249172001,"{""type"": ""Polygon"", ""coordinates"": [[[176.8058861, -39.3790923], [176.8062383, -39.3855657], [176.8117995, -39.3853834], [176.8114469, -39.37891], [176.8058861, -39.3790923]]]}",https://nz-imagery.s3-ap-southeast-2.amazonaws.com/hawkes-bay/hawkes-bay-cyclone-gabrielle_2023_0.1m/rgb/2193/BJ39_1000_3409.json,"{""visual"": ""https://nz-imagery.s3-ap-southeast-2.amazonaws.com/hawkes-bay/hawkes-bay-cyclone-gabrielle_2023_0.1m/rgb/2193/BJ39_1000_3409.tiff""}",https://nz-imagery.s3-ap-southeast-2.amazonaws.com/hawkes-bay/hawkes-bay-cyclone-gabrielle_2023_0.1m/rgb/2193/collection.json,BJ39_1000_3409,,0.1,01GTE4ZWCXRGNX6W0VC3SR6VJ5,
aerial,AERIAL,01GTE4ZWCXRGNX6W0VC3SR6VJ5:BJ39_1000_3410,post,,,2023-02-17T11:00:00Z,2023-02-19T11:00:00Z,tile,,,,,,,,0.0012902695480361,"{""type"": ""Polygon"", ""coordinates"": [[[176.8114469, -39.37891], [176.8117995, -39.3853834], [176.8173608, -39.3852008], [176.8170076, -39.3787274], [176.8114469, -39.37891]]]}",https://nz-imagery.s3-ap-southeast-2.amazonaws.com/hawkes-bay/hawkes-bay-cyclone-gabrielle_2023_0.1m/rgb/2193/BJ39_1000_3410.json,"{""visual"": ""https://nz-imagery.s3-ap-southeast-2.amazonaws.com/hawkes-bay/hawkes-bay-cyclone-gabrielle_2023_0.1m/rgb/2193/BJ39_1000_3410.tiff""}",https://nz-imagery.s3-ap-southeast-2.amazonaws.com/hawkes-bay/hawkes-bay-cyclone-gabrielle_2023_0.1m/rgb/2193/collection.json,BJ39_1000_3410,,0.1,01GTE4ZWCXRGNX6W0VC3SR6VJ5,
aerial,AERIAL,01GTE4ZWCXRGNX6W0VC3SR6VJ5:BJ39_1000_3411,post,,,2023-02-17T11:00:00Z,2023-02-19T11:00:00Z,tile,,,,,,,,0.0012902562147842,"{""type"": ""Polygon"", ""coordinates"": [[[176.8170076, -39.3787274], [176.8173608, -39.3852008], [176.8229219, -39.3850179], [176.8225683, -39.3785446], [176.8170076, -39.3787274]]]}",https://nz-imagery.s3-ap-southeast-2.amazonaws.com/hawkes-bay/hawkes-bay-cyclone-gabrielle_2023_0.1m/rgb/2193/BJ39_1000_3411.json,"{""visual"": ""https://nz-imagery.s3-ap-southeast-2.amazonaws.com/hawkes-bay/hawkes-bay-cyclone-gabrielle_2023_0.1m/rgb/2193/BJ39_1000_3411.tiff""}",https://nz-imagery.s3-ap-southeast-2.amazonaws.com/hawkes-bay/hawkes-bay-cyclone-gabrielle_2023_0.1m/rgb/2193/collection.json,BJ39_1000_3411,,0.1,01GTE4ZWCXRGNX6W0VC3SR6VJ5,
aerial,AERIAL,01GTE4ZWCXRGNX6W0VC3SR6VJ5:BJ39_1000_3412,post,,,2023-02-17T11:00:00Z,2023-02-19T11:00:00Z,tile,,,,,,,,0.001290255487341,"{""type"": ""Polygon"", ""coordinates"": [[[176.8225683, -39.3785446], [176.8229219, -39.3850179], [176.8284831, -39.3848348], [176.8281289, -39.3783616], [176.8225683, -39.3785446]]]}",https://nz-imagery.s3-ap-southeast-2.amazonaws.com/hawkes-bay/hawkes-bay-cyclone-gabrielle_2023_0.1m/rgb/2193/BJ39_1000_3412.json,"{""visual"": ""https://nz-imagery.s3-ap-southeast-2.amazonaws.com/hawkes-bay/hawkes-bay-cyclone-gabrielle_2023_0.1m/rgb/2193/BJ39_1000_3412.tiff""}",https://nz-imagery.s3-ap-southeast-2.amazonaws.com/hawkes-bay/hawkes-bay-cyclone-gabrielle_2023_0.1m/rgb/2193/collection.json,BJ39_1000_3412,,0.1,01GTE4ZWCXRGNX6W0VC3SR6VJ5,
aerial,AERIAL,01GTE4ZWCXRGNX6W0VC3SR6VJ5:BJ39_1000_3413,post,,,2023-02-17T11:00:00Z,2023-02-19T11:00:00Z,tile,,,,,,,,0.0012902434772528,"{""type"": ""Polygon"", ""coordinates"": [[[176.8281289, -39.3783616], [176.8284831, -39.3848348], [176.8340441, -39.3846514], [176.8336895, -39.3781782], [176.8281289, -39.3783616]]]}",https://nz-imagery.s3-ap-southeast-2.amazonaws.com/hawkes-bay/hawkes-bay-cyclone-gabrielle_2023_0.1m/rgb/2193/BJ39_1000_3413.json,"{""visual"": ""https://nz-imagery.s3-ap-southeast-2.amazonaws.com/hawkes-bay/hawkes-bay-cyclone-gabrielle_2023_0.1m/rgb/2193/BJ39_1000_3413.tiff""}",https://nz-imagery.s3-ap-southeast-2.amazonaws.com/hawkes-bay/hawkes-bay-cyclone-gabrielle_2023_0.1m/rgb/2193/collection.json,BJ39_1000_3413,,0.1,01GTE4ZWCXRGNX6W0VC3SR6VJ5,
aerial,AERIAL,01GTE4ZWCXRGNX6W0VC3SR6VJ5:BJ39_1000_3414,post,,,2023-02-17T11:00:00Z,2023-02-19T11:00:00Z,tile,,,,,,,,0.0012902627022918,"{""type"": ""Polygon"", ""coordinates"": [[[176.8336895, -39.3781782], [176.8340441, -39.3846514], [176.8396052, -39.3844678], [176.83925, -39.3779946], [176.8336895, -39.3781782]]]}",https://nz-imagery.s3-ap-southeast-2.amazonaws.com/hawkes-bay/hawkes-bay-cyclone-gabrielle_2023_0.1m/rgb/2193/BJ39_1000_3414.json,"{""visual"": ""https://nz-imagery.s3-ap-southeast-2.amazonaws.com/hawkes-bay/hawkes-bay-cyclone-gabrielle_2023_0.1m/rgb/2193/BJ39_1000_3414.tiff""}",https://nz-imagery.s3-ap-southeast-2.amazonaws.com/hawkes-bay/hawkes-bay-cyclone-gabrielle_2023_0.1m/rgb/2193/collection.json,BJ39_1000_3414,,0.1,01GTE4ZWCXRGNX6W0VC3SR6VJ5,
aerial,AERIAL,01GTE4ZWCXRGNX6W0VC3SR6VJ5:BJ39_1000_3415,post,,,2023-02-17T11:00:00Z,2023-02-19T11:00:00Z,tile,,,,,,,,0.0012902494812396,"{""type"": ""Polygon"", ""coordinates"": [[[176.83925, -39.3779946], [176.8396052, -39.3844678], [176.8451661, -39.3842839], [176.8448105, -39.3778108], [176.83925, -39.3779946]]]}",https://nz-imagery.s3-ap-southeast-2.amazonaws.com/hawkes-bay/hawkes-bay-cyclone-gabrielle_2023_0.1m/rgb/2193/BJ39_1000_3415.json,"{""visual"": ""https://nz-imagery.s3-ap-southeast-2.amazonaws.com/hawkes-bay/hawkes-bay-cyclone-gabrielle_2023_0.1m/rgb/2193/BJ39_1000_3415.tiff""}",https://nz-imagery.s3-ap-southeast-2.amazonaws.com/hawkes-bay/hawkes-bay-cyclone-gabrielle_2023_0.1m/rgb/2193/collection.json,BJ39_1000_3415,,0.1,01GTE4ZWCXRGNX6W0VC3SR6VJ5,
aerial,AERIAL,01GTE4ZWCXRGNX6W0VC3SR6VJ5:BJ39_1000_3416,post,,,2023-02-17T11:00:00Z,2023-02-19T11:00:00Z,tile,,,,,,,,0.001167264413151,"{""type"": ""Polygon"", ""coordinates"": [[[176.8448105, -39.3778108], [176.8451661, -39.3842839], [176.8507271, -39.3840997], [176.8503709, -39.3776266], [176.8448105, -39.3778108]]]}",https://nz-imagery.s3-ap-southeast-2.amazonaws.com/hawkes-bay/hawkes-bay-cyclone-gabrielle_2023_0.1m/rgb/2193/BJ39_1000_3416.json,"{""visual"": ""https://nz-imagery.s3-ap-southeast-2.amazonaws.com/hawkes-bay/hawkes-bay-cyclone-gabrielle_2023_0.1m/rgb/2193/BJ39_1000_3416.tiff""}",https://nz-imagery.s3-ap-southeast-2.amazonaws.com/hawkes-bay/hawkes-bay-cyclone-gabrielle_2023_0.1m/rgb/2193/collection.json,BJ39_1000_3416,,0.1,01GTE4ZWCXRGNX6W0VC3SR6VJ5,
aerial,AERIAL,01GTE4ZWCXRGNX6W0VC3SR6VJ5:BJ39_1000_3417,post,,,2023-02-17T11:00:00Z,2023-02-19T11:00:00Z,tile,,,,,,,,0.0009709475019058,"{""type"": ""Polygon"", ""coordinates"": [[[176.8503709, -39.3776266], [176.8507271, -39.3840997], [176.8562879, -39.3839153], [176.8559312, -39.3774422], [176.8503709, -39.3776266]]]}",https://nz-imagery.s3-ap-southeast-2.amazonaws.com/hawkes-bay/hawkes-bay-cyclone-gabrielle_2023_0.1m/rgb/2193/BJ39_1000_3417.json,"{""visual"": ""https://nz-imagery.s3-ap-southeast-2.amazonaws.com/hawkes-bay/hawkes-bay-cyclone-gabrielle_2023_0.1m/rgb/2193/BJ39_1000_3417.tiff""}",https://nz-imagery.s3-ap-southeast-2.amazonaws.com/hawkes-bay/hawkes-bay-cyclone-gabrielle_2023_0.1m/rgb/2193/collection.json,BJ39_1000_3417,,0.1,01GTE4ZWCXRGNX6W0VC3SR6VJ5,
aerial,AERIAL,01GTE4ZWCXRGNX6W0VC3SR6VJ5:BJ39_1000_3418,post,,,2023-02-17T11:00:00Z,2023-02-19T11:00:00Z,tile,,,,,,,,0.0010739142095366,"{""type"": ""Polygon"", ""coordinates"": [[[176.8559312, -39.3774422], [176.8562879, -39.3839153], [176.8618488, -39.3837306], [176.8614916, -39.3772576], [176.8559312, -39.3774422]]]}",https://nz-imagery.s3-ap-southeast-2.amazonaws.com/hawkes-bay/hawkes-bay-cyclone-gabrielle_2023_0.1m/rgb/2193/BJ39_1000_3418.json,"{""visual"": ""https://nz-imagery.s3-ap-southeast-2.amazonaws.com/hawkes-bay/hawkes-bay-cyclone-gabrielle_2023_0.1m/rgb/2193/BJ39_1000_3418.tiff""}",https://nz-imagery.s3-ap-southeast-2.amazonaws.com/hawkes-bay/hawkes-bay-cyclone-gabrielle_2023_0.1m/rgb/2193/collection.json,BJ39_1000_3418,,0.1,01GTE4ZWCXRGNX6W0VC3SR6VJ5,
aerial,AERIAL,01GTE4ZWCXRGNX6W0VC3SR6VJ5:BJ39_1000_3419,post,,,2023-02-17T11:00:00Z,2023-02-19T11:00:00Z,tile,,,,,,,,0.0012700855479838,"{""type"": ""Polygon"", ""coordinates"": [[[176.8614916, -39.3772576], [176.8618488, -39.3837306], [176.8674095, -39.3835456], [176.8670518, -39.3770726], [176.8614916, -39.3772576]]]}",https://nz-imagery.s3-ap-southeast-2.amazonaws.com/hawkes-bay/hawkes-bay-cyclone-gabrielle_2023_0.1m/rgb/2193/BJ39_1000_3419.json,"{""visual"": ""https://nz-imagery.s3-ap-southeast-2.amazonaws.com/hawkes-bay/hawkes-bay-cyclone-gabrielle_2023_0.1m/rgb/2193/BJ39_1000_3419.tiff""}",https://nz-imagery.s3-ap-southeast-2.amazonaws.com/hawkes-bay/hawkes-bay-cyclone-gabrielle_2023_0.1m/rgb/2193/collection.json,BJ39_1000_3419,,0.1,01GTE4ZWCXRGNX6W0VC3SR6VJ5,
aerial,AERIAL,01GTE4ZWCXRGNX6W0VC3SR6VJ5:BJ39_1000_3420,post,,,2023-02-17T11:00:00Z,2023-02-19T11:00:00Z,tile,,,,,,,,0.000962341299298,"{""type"": ""Polygon"", ""coordinates"": [[[176.8670518, -39.3770726], [176.8674095, -39.3835456], [176.8729703, -39.3833604], [176.872612, -39.3768875], [176.8670518, -39.3770726]]]}",https://nz-imagery.s3-ap-southeast-2.amazonaws.com/hawkes-bay/hawkes-bay-cyclone-gabrielle_2023_0.1m/rgb/2193/BJ39_1000_3420.json,"{""visual"": ""https://nz-imagery.s3-ap-southeast-2.amazonaws.com/hawkes-bay/hawkes-bay-cyclone-gabrielle_2023_0.1m/rgb/2193/BJ39_1000_3420.tiff""}",https://nz-imagery.s3-ap-southeast-2.amazonaws.com/hawkes-bay/hawkes-bay-cyclone-gabrielle_2023_0.1m/rgb/2193/collection.json,BJ39_1000_3420,,0.1,01GTE4ZWCXRGNX6W0VC3SR6VJ5,
aerial,AERIAL,01GTE4ZWCXRGNX6W0VC3SR6VJ5:BJ39_1000_3421,post,,,2023-02-17T11:00:00Z,2023-02-19T11:00:00Z,tile,,,,,,,,0.0005691431284094,"{""type"": ""Polygon"", ""coordinates"": [[[176.872612, -39.3768875], [176.8729703, -39.3833604], [176.8785309, -39.3831749], [176.8781722, -39.376702], [176.872612, -39.3768875]]]}",https://nz-imagery.s3-ap-southeast-2.amazonaws.com/hawkes-bay/hawkes-bay-cyclone-gabrielle_2023_0.1m/rgb/2193/BJ39_1000_3421.json,"{""visual"": ""https://nz-imagery.s3-ap-southeast-2.amazonaws.com/hawkes-bay/hawkes-bay-cyclone-gabrielle_2023_0.1m/rgb/2193/BJ39_1000_3421.tiff""}",https://nz-imagery.s3-ap-southeast-2.amazonaws.com/hawkes-bay/hawkes-bay-cyclone-gabrielle_2023_0.1m/rgb/2193/collection.json,BJ39_1000_3421,,0.1,01GTE4ZWCXRGNX6W0VC3SR6VJ5,
aerial,AERIAL,01GTE4ZWCXRGNX6W0VC3SR6VJ5:BJ39_1000_3422,post,,,2023-02-17T11:00:00Z,2023-02-19T11:00:00Z,tile,,,,,,,,0.0003343444873296,"{""type"": ""Polygon"", ""coordinates"": [[[176.8781722, -39.376702], [176.8785309, -39.3831749], [176.8840915, -39.3829891], [176.8837323, -39.3765163], [176.8781722, -39.376702]]]}",https://nz-imagery.s3-ap-southeast-2.amazonaws.com/hawkes-bay/hawkes-bay-cyclone-gabrielle_2023_0.1m/rgb/2193/BJ39_1000_3422.json,"{""visual"": ""https://nz-imagery.s3-ap-southeast-2.amazonaws.com/hawkes-bay/hawkes-bay-cyclone-gabrielle_2023_0.1m/rgb/2193/BJ39_1000_3422.tiff""}",https://nz-imagery.s3-ap-southeast-2.amazonaws.com/hawkes-bay/hawkes-bay-cyclone-gabrielle_2023_0.1m/rgb/2193/collection.json,BJ39_1000_3422,,0.1,01GTE4ZWCXRGNX6W0VC3SR6VJ5,
aerial,AERIAL,01GTE4ZWCXRGNX6W0VC3SR6VJ5:BJ39_1000_3501,post,,,2023-02-17T11:00:00Z,2023-02-19T11:00:00Z,tile,,,,,,,,0.0012902525910283,"{""type"": ""Polygon"", ""coordinates"": [[[176.7617462, -39.3870147], [176.7620943, -39.3934884], [176.7676565, -39.3933082], [176.7673079, -39.3868345], [176.7617462, -39.3870147]]]}",https://nz-imagery.s3-ap-southeast-2.amazonaws.com/hawkes-bay/hawkes-bay-cyclone-gabrielle_2023_0.1m/rgb/2193/BJ39_1000_3501.json,"{""visual"": ""https://nz-imagery.s3-ap-southeast-2.amazonaws.com/hawkes-bay/hawkes-bay-cyclone-gabrielle_2023_0.1m/rgb/2193/BJ39_1000_3501.tiff""}",https://nz-imagery.s3-ap-southeast-2.amazonaws.com/hawkes-bay/hawkes-bay-cyclone-gabrielle_2023_0.1m/rgb/2193/collection.json,BJ39_1000_3501,,0.1,01GTE4ZWCXRGNX6W0VC3SR6VJ5,
aerial,AERIAL,01GTE4ZWCXRGNX6W0VC3SR6VJ5:BJ39_1000_3502,post,,,2023-02-17T11:00:00Z,2023-02-19T11:00:00Z,tile,,,,,,,,0.0012902614750217,"{""type"": ""Polygon"", ""coordinates"": [[[176.7673079, -39.3868345], [176.7676565, -39.3933082], [176.7732187, -39.3931277], [176.7728695, -39.386654], [176.7673079, -39.3868345]]]}",https://nz-imagery.s3-ap-southeast-2.amazonaws.com/hawkes-bay/hawkes-bay-cyclone-gabrielle_2023_0.1m/rgb/2193/BJ39_1000_3502.json,"{""visual"": ""https://nz-imagery.s3-ap-southeast-2.amazonaws.com/hawkes-bay/hawkes-bay-cyclone-gabrielle_2023_0.1m/rgb/2193/BJ39_1000_3502.tiff""}",https://nz-imagery.s3-ap-southeast-2.amazonaws.com/hawkes-bay/hawkes-bay-cyclone-gabrielle_2023_0.1m/rgb/2193/collection.json,BJ39_1000_3502,,0.1,01GTE4ZWCXRGNX6W0VC3SR6VJ5,
aerial,AERIAL,01GTE4ZWCXRGNX6W0VC3SR6VJ5:BJ39_1000_3503,post,,,2023-02-17T11:00:00Z,2023-02-19T11:00:00Z,tile,,,,,,,,0.0012902598180514,"{""type"": ""Polygon"", ""coordinates"": [[[176.7728695, -39.386654], [176.7732187, -39.3931277], [176.7787808, -39.3929469], [176.7784311, -39.3864733], [176.7728695, -39.386654]]]}",https://nz-imagery.s3-ap-southeast-2.amazonaws.com/hawkes-bay/hawkes-bay-cyclone-gabrielle_2023_0.1m/rgb/2193/BJ39_1000_3503.json,"{""visual"": ""https://nz-imagery.s3-ap-southeast-2.amazonaws.com/hawkes-bay/hawkes-bay-cyclone-gabrielle_2023_0.1m/rgb/2193/BJ39_1000_3503.tiff""}",https://nz-imagery.s3-ap-southeast-2.amazonaws.com/hawkes-bay/hawkes-bay-cyclone-gabrielle_2023_0.1m/rgb/2193/collection.json,BJ39_1000_3503,,0.1,01GTE4ZWCXRGNX6W0VC3SR6VJ5,
aerial,AERIAL,01GTE4ZWCXRGNX6W0VC3SR6VJ5:BJ39_1000_3508,post,,,2023-02-17T11:00:00Z,2023-02-19T11:00:00Z,tile,,,,,,,,0.0012691308800689,"{""type"": ""Polygon"", ""coordinates"": [[[176.8006769, -39.3857477], [176.8010286, -39.3922212], [176.8065905, -39.3920391], [176.8062383, -39.3855657], [176.8006769, -39.3857477]]]}",https://nz-imagery.s3-ap-southeast-2.amazonaws.com/hawkes-bay/hawkes-bay-cyclone-gabrielle_2023_0.1m/rgb/2193/BJ39_1000_3508.json,"{""visual"": ""https://nz-imagery.s3-ap-southeast-2.amazonaws.com/hawkes-bay/hawkes-bay-cyclone-gabrielle_2023_0.1m/rgb/2193/BJ39_1000_3508.tiff""}",https://nz-imagery.s3-ap-southeast-2.amazonaws.com/hawkes-bay/hawkes-bay-cyclone-gabrielle_2023_0.1m/rgb/2193/collection.json,BJ39_1000_3508,,0.1,01GTE4ZWCXRGNX6W0VC3SR6VJ5,
aerial,AERIAL,01GTE4ZWCXRGNX6W0VC3SR6VJ5:BJ39_1000_3509,post,,,2023-02-17T11:00:00Z,2023-02-19T11:00:00Z,tile,,,,,,,,0.0010224056942553,"{""type"": ""Polygon"", ""coordinates"": [[[176.8062383, -39.3855657], [176.8065905, -39.3920391], [176.8121523, -39.3918567], [176.8117995, -39.3853834], [176.8062383, -39.3855657]]]}",https://nz-imagery.s3-ap-southeast-2.amazonaws.com/hawkes-bay/hawkes-bay-cyclone-gabrielle_2023_0.1m/rgb/2193/BJ39_1000_3509.json,"{""visual"": ""https://nz-imagery.s3-ap-southeast-2.amazonaws.com/hawkes-bay/hawkes-bay-cyclone-gabrielle_2023_0.1m/rgb/2193/BJ39_1000_3509.tiff""}",https://nz-imagery.s3-ap-southeast-2.amazonaws.com/hawkes-bay/hawkes-bay-cyclone-gabrielle_2023_0.1m/rgb/2193/collection.json,BJ39_1000_3509,,0.1,01GTE4ZWCXRGNX6W0VC3SR6VJ5,
aerial,AERIAL,01GTE4ZWCXRGNX6W0VC3SR6VJ5:BJ39_1000_3510,post,,,2023-02-17T11:00:00Z,2023-02-19T11:00:00Z,tile,,,,,,,,0.0012825474858964,"{""type"": ""Polygon"", ""coordinates"": [[[176.8117995, -39.3853834], [176.8121523, -39.3918567], [176.817714, -39.3916741], [176.8173608, -39.3852008], [176.8117995, -39.3853834]]]}",https://nz-imagery.s3-ap-southeast-2.amazonaws.com/hawkes-bay/hawkes-bay-cyclone-gabrielle_2023_0.1m/rgb/2193/BJ39_1000_3510.json,"{""visual"": ""https://nz-imagery.s3-ap-southeast-2.amazonaws.com/hawkes-bay/hawkes-bay-cyclone-gabrielle_2023_0.1m/rgb/2193/BJ39_1000_3510.tiff""}",https://nz-imagery.s3-ap-southeast-2.amazonaws.com/hawkes-bay/hawkes-bay-cyclone-gabrielle_2023_0.1m/rgb/2193/collection.json,BJ39_1000_3510,,0.1,01GTE4ZWCXRGNX6W0VC3SR6VJ5,
aerial,AERIAL,01GTE4ZWCXRGNX6W0VC3SR6VJ5:BJ39_1000_3511,post,,,2023-02-17T11:00:00Z,2023-02-19T11:00:00Z,tile,,,,,,,,0.0012902455885091,"{""type"": ""Polygon"", ""coordinates"": [[[176.8173608, -39.3852008], [176.817714, -39.3916741], [176.8232757, -39.3914912], [176.8229219, -39.3850179], [176.8173608, -39.3852008]]]}",https://nz-imagery.s3-ap-southeast-2.amazonaws.com/hawkes-bay/hawkes-bay-cyclone-gabrielle_2023_0.1m/rgb/2193/BJ39_1000_3511.json,"{""visual"": ""https://nz-imagery.s3-ap-southeast-2.amazonaws.com/hawkes-bay/hawkes-bay-cyclone-gabrielle_2023_0.1m/rgb/2193/BJ39_1000_3511.tiff""}",https://nz-imagery.s3-ap-southeast-2.amazonaws.com/hawkes-bay/hawkes-bay-cyclone-gabrielle_2023_0.1m/rgb/2193/collection.json,BJ39_1000_3511,,0.1,01GTE4ZWCXRGNX6W0VC3SR6VJ5,
aerial,AERIAL,01GTE4ZWCXRGNX6W0VC3SR6VJ5:BJ39_1000_3512,post,,,2023-02-17T11:00:00Z,2023-02-19T11:00:00Z,tile,,,,,,,,0.0012902554468047,"{""type"": ""Polygon"", ""coordinates"": [[[176.8229219, -39.3850179], [176.8232757, -39.3914912], [176.8288373, -39.391308], [176.8284831, -39.3848348], [176.8229219, -39.3850179]]]}",https://nz-imagery.s3-ap-southeast-2.amazonaws.com/hawkes-bay/hawkes-bay-cyclone-gabrielle_2023_0.1m/rgb/2193/BJ39_1000_3512.json,"{""visual"": ""https://nz-imagery.s3-ap-southeast-2.amazonaws.com/hawkes-bay/hawkes-bay-cyclone-gabrielle_2023_0.1m/rgb/2193/BJ39_1000_3512.tiff""}",https://nz-imagery.s3-ap-southeast-2.amazonaws.com/hawkes-bay/hawkes-bay-cyclone-gabrielle_2023_0.1m/rgb/2193/collection.json,BJ39_1000_3512,,0.1,01GTE4ZWCXRGNX6W0VC3SR6VJ5,
aerial,AERIAL,01GTE4ZWCXRGNX6W0VC3SR6VJ5:BJ39_1000_3513,post,,,2023-02-17T11:00:00Z,2023-02-19T11:00:00Z,tile,,,,,,,,0.0012902421733747,"{""type"": ""Polygon"", ""coordinates"": [[[176.8284831, -39.3848348], [176.8288373, -39.391308], [176.8343989, -39.3911246], [176.8340441, -39.3846514], [176.8284831, -39.3848348]]]}",https://nz-imagery.s3-ap-southeast-2.amazonaws.com/hawkes-bay/hawkes-bay-cyclone-gabrielle_2023_0.1m/rgb/2193/BJ39_1000_3513.json,"{""visual"": ""https://nz-imagery.s3-ap-southeast-2.amazonaws.com/hawkes-bay/hawkes-bay-cyclone-gabrielle_2023_0.1m/rgb/2193/BJ39_1000_3513.tiff""}",https://nz-imagery.s3-ap-southeast-2.amazonaws.com/hawkes-bay/hawkes-bay-cyclone-gabrielle_2023_0.1m/rgb/2193/collection.json,BJ39_1000_3513,,0.1,01GTE4ZWCXRGNX6W0VC3SR6VJ5,
aerial,AERIAL,01GTE4ZWCXRGNX6W0VC3SR6VJ5:BJ39_1000_3514,post,,,2023-02-17T11:00:00Z,2023-02-19T11:00:00Z,tile,,,,,,,,0.0012902639954654,"{""type"": ""Polygon"", ""coordinates"": [[[176.8340441, -39.3846514], [176.8343989, -39.3911246], [176.8399605, -39.3909409], [176.8396052, -39.3844678], [176.8340441, -39.3846514]]]}",https://nz-imagery.s3-ap-southeast-2.amazonaws.com/hawkes-bay/hawkes-bay-cyclone-gabrielle_2023_0.1m/rgb/2193/BJ39_1000_3514.json,"{""visual"": ""https://nz-imagery.s3-ap-southeast-2.amazonaws.com/hawkes-bay/hawkes-bay-cyclone-gabrielle_2023_0.1m/rgb/2193/BJ39_1000_3514.tiff""}",https://nz-imagery.s3-ap-southeast-2.amazonaws.com/hawkes-bay/hawkes-bay-cyclone-gabrielle_2023_0.1m/rgb/2193/collection.json,BJ39_1000_3514,,0.1,01GTE4ZWCXRGNX6W0VC3SR6VJ5,
aerial,AERIAL,01GTE4ZWCXRGNX6W0VC3SR6VJ5:BJ39_1000_3515,post,,,2023-02-17T11:00:00Z,2023-02-19T11:00:00Z,tile,,,,,,,,0.0012902276205507,"{""type"": ""Polygon"", ""coordinates"": [[[176.8396052, -39.3844678], [176.8399605, -39.3909409], [176.8455219, -39.390757], [176.8451661, -39.3842839], [176.8396052, -39.3844678]]]}",https://nz-imagery.s3-ap-southeast-2.amazonaws.com/hawkes-bay/hawkes-bay-cyclone-gabrielle_2023_0.1m/rgb/2193/BJ39_1000_3515.json,"{""visual"": ""https://nz-imagery.s3-ap-southeast-2.amazonaws.com/hawkes-bay/hawkes-bay-cyclone-gabrielle_2023_0.1m/rgb/2193/BJ39_1000_3515.tiff""}",https://nz-imagery.s3-ap-southeast-2.amazonaws.com/hawkes-bay/hawkes-bay-cyclone-gabrielle_2023_0.1m/rgb/2193/collection.json,BJ39_1000_3515,,0.1,01GTE4ZWCXRGNX6W0VC3SR6VJ5,
aerial,AERIAL,01GTE4ZWCXRGNX6W0VC3SR6VJ5:BJ39_1000_3516,post,,,2023-02-17T11:00:00Z,2023-02-19T11:00:00Z,tile,,,,,,,,0.0012902713354554,"{""type"": ""Polygon"", ""coordinates"": [[[176.8451661, -39.3842839], [176.8455219, -39.390757], [176.8510834, -39.3905728], [176.8507271, -39.3840997], [176.8451661, -39.3842839]]]}",https://nz-imagery.s3-ap-southeast-2.amazonaws.com/hawkes-bay/hawkes-bay-cyclone-gabrielle_2023_0.1m/rgb/2193/BJ39_1000_3516.json,"{""visual"": ""https://nz-imagery.s3-ap-southeast-2.amazonaws.com/hawkes-bay/hawkes-bay-cyclone-gabrielle_2023_0.1m/rgb/2193/BJ39_1000_3516.tiff""}",https://nz-imagery.s3-ap-southeast-2.amazonaws.com/hawkes-bay/hawkes-bay-cyclone-gabrielle_2023_0.1m/rgb/2193/collection.json,BJ39_1000_3516,,0.1,01GTE4ZWCXRGNX6W0VC3SR6VJ5,
aerial,AERIAL,01GTE4ZWCXRGNX6W0VC3SR6VJ5:BJ39_1000_3517,post,,,2023-02-17T11:00:00Z,2023-02-19T11:00:00Z,tile,,,,,,,,0.001290246927405,"{""type"": ""Polygon"", ""coordinates"": [[[176.8507271, -39.3840997], [176.8510834, -39.3905728], [176.8566448, -39.3903883], [176.8562879, -39.3839153], [176.8507271, -39.3840997]]]}",https://nz-imagery.s3-ap-southeast-2.amazonaws.com/hawkes-bay/hawkes-bay-cyclone-gabrielle_2023_0.1m/rgb/2193/BJ39_1000_3517.json,"{""visual"": ""https://nz-imagery.s3-ap-southeast-2.amazonaws.com/hawkes-bay/hawkes-bay-cyclone-gabrielle_2023_0.1m/rgb/2193/BJ39_1000_3517.tiff""}",https://nz-imagery.s3-ap-southeast-2.amazonaws.com/hawkes-bay/hawkes-bay-cyclone-gabrielle_2023_0.1m/rgb/2193/collection.json,BJ39_1000_3517,,0.1,01GTE4ZWCXRGNX6W0VC3SR6VJ5,
aerial,AERIAL,01GTE4ZWCXRGNX6W0VC3SR6VJ5:BJ39_1000_3518,post,,,2023-02-17T11:00:00Z,2023-02-19T11:00:00Z,tile,,,,,,,,0.0012902476481797,"{""type"": ""Polygon"", ""coordinates"": [[[176.8562879, -39.3839153], [176.8566448, -39.3903883], [176.8622061, -39.3902035], [176.8618488, -39.3837306], [176.8562879, -39.3839153]]]}",https://nz-imagery.s3-ap-southeast-2.amazonaws.com/hawkes-bay/hawkes-bay-cyclone-gabrielle_2023_0.1m/rgb/2193/BJ39_1000_3518.json,"{""visual"": ""https://nz-imagery.s3-ap-southeast-2.amazonaws.com/hawkes-bay/hawkes-bay-cyclone-gabrielle_2023_0.1m/rgb/2193/BJ39_1000_3518.tiff""}",https://nz-imagery.s3-ap-southeast-2.amazonaws.com/hawkes-bay/hawkes-bay-cyclone-gabrielle_2023_0.1m/rgb/2193/collection.json,BJ39_1000_3518,,0.1,01GTE4ZWCXRGNX6W0VC3SR6VJ5,
aerial,AERIAL,01GTE4ZWCXRGNX6W0VC3SR6VJ5:BJ39_1000_3519,post,,,2023-02-17T11:00:00Z,2023-02-19T11:00:00Z,tile,,,,,,,,0.0012902345475882,"{""type"": ""Polygon"", ""coordinates"": [[[176.8618488, -39.3837306], [176.8622061, -39.3902035], [176.8677674, -39.3900185], [176.8674095, -39.3835456], [176.8618488, -39.3837306]]]}",https://nz-imagery.s3-ap-southeast-2.amazonaws.com/hawkes-bay/hawkes-bay-cyclone-gabrielle_2023_0.1m/rgb/2193/BJ39_1000_3519.json,"{""visual"": ""https://nz-imagery.s3-ap-southeast-2.amazonaws.com/hawkes-bay/hawkes-bay-cyclone-gabrielle_2023_0.1m/rgb/2193/BJ39_1000_3519.tiff""}",https://nz-imagery.s3-ap-southeast-2.amazonaws.com/hawkes-bay/hawkes-bay-cyclone-gabrielle_2023_0.1m/rgb/2193/collection.json,BJ39_1000_3519,,0.1,01GTE4ZWCXRGNX6W0VC3SR6VJ5,
aerial,AERIAL,01GTE4ZWCXRGNX6W0VC3SR6VJ5:BJ39_1000_3520,post,,,2023-02-17T11:00:00Z,2023-02-19T11:00:00Z,tile,,,,,,,,0.0012902446353324,"{""type"": ""Polygon"", ""coordinates"": [[[176.8674095, -39.3835456], [176.8677674, -39.3900185], [176.8733286, -39.3898332], [176.8729703, -39.3833604], [176.8674095, -39.3835456]]]}",https://nz-imagery.s3-ap-southeast-2.amazonaws.com/hawkes-bay/hawkes-bay-cyclone-gabrielle_2023_0.1m/rgb/2193/BJ39_1000_3520.json,"{""visual"": ""https://nz-imagery.s3-ap-southeast-2.amazonaws.com/hawkes-bay/hawkes-bay-cyclone-gabrielle_2023_0.1m/rgb/2193/BJ39_1000_3520.tiff""}",https://nz-imagery.s3-ap-southeast-2.amazonaws.com/hawkes-bay/hawkes-bay-cyclone-gabrielle_2023_0.1m/rgb/2193/collection.json,BJ39_1000_3520,,0.1,01GTE4ZWCXRGNX6W0VC3SR6VJ5,
aerial,AERIAL,01GTE4ZWCXRGNX6W0VC3SR6VJ5:BJ39_1000_3521,post,,,2023-02-17T11:00:00Z,2023-02-19T11:00:00Z,tile,,,,,,,,0.0012902315908421,"{""type"": ""Polygon"", ""coordinates"": [[[176.8729703, -39.3833604], [176.8733286, -39.3898332], [176.8788898, -39.3896477], [176.8785309, -39.3831749], [176.8729703, -39.3833604]]]}",https://nz-imagery.s3-ap-southeast-2.amazonaws.com/hawkes-bay/hawkes-bay-cyclone-gabrielle_2023_0.1m/rgb/2193/BJ39_1000_3521.json,"{""visual"": ""https://nz-imagery.s3-ap-southeast-2.amazonaws.com/hawkes-bay/hawkes-bay-cyclone-gabrielle_2023_0.1m/rgb/2193/BJ39_1000_3521.tiff""}",https://nz-imagery.s3-ap-southeast-2.amazonaws.com/hawkes-bay/hawkes-bay-cyclone-gabrielle_2023_0.1m/rgb/2193/collection.json,BJ39_1000_3521,,0.1,01GTE4ZWCXRGNX6W0VC3SR6VJ5,
aerial,AERIAL,01GTE4ZWCXRGNX6W0VC3SR6VJ5:BJ39_1000_3522,post,,,2023-02-17T11:00:00Z,2023-02-19T11:00:00Z,tile,,,,,,,,0.0003972182099678,"{""type"": ""Polygon"", ""coordinates"": [[[176.8785309, -39.3831749], [176.8788898, -39.3896477], [176.8844509, -39.3894619], [176.8840915, -39.3829891], [176.8785309, -39.3831749]]]}",https://nz-imagery.s3-ap-southeast-2.amazonaws.com/hawkes-bay/hawkes-bay-cyclone-gabrielle_2023_0.1m/rgb/2193/BJ39_1000_3522.json,"{""visual"": ""https://nz-imagery.s3-ap-southeast-2.amazonaws.com/hawkes-bay/hawkes-bay-cyclone-gabrielle_2023_0.1m/rgb/2193/BJ39_1000_3522.tiff""}",https://nz-imagery.s3-ap-southeast-2.amazonaws.com/hawkes-bay/hawkes-bay-cyclone-gabrielle_2023_0.1m/rgb/2193/collection.json,BJ39_1000_3522,,0.1,01GTE4ZWCXRGNX6W0VC3SR6VJ5,
aerial,AERIAL,01GTE4ZWCXRGNX6W0VC3SR6VJ5:BJ39_1000_3601,post,,,2023-02-17T11:00:00Z,2023-02-19T11:00:00Z,tile,,,,,,,,0.0012902425342142,"{""type"": ""Polygon"", ""coordinates"": [[[176.7620943, -39.3934884], [176.7624426, -39.3999621], [176.7680053, -39.3997818], [176.7676565, -39.3933082], [176.7620943, -39.3934884]]]}",https://nz-imagery.s3-ap-southeast-2.amazonaws.com/hawkes-bay/hawkes-bay-cyclone-gabrielle_2023_0.1m/rgb/2193/BJ39_1000_3601.json,"{""visual"": ""https://nz-imagery.s3-ap-southeast-2.amazonaws.com/hawkes-bay/hawkes-bay-cyclone-gabrielle_2023_0.1m/rgb/2193/BJ39_1000_3601.tiff""}",https://nz-imagery.s3-ap-southeast-2.amazonaws.com/hawkes-bay/hawkes-bay-cyclone-gabrielle_2023_0.1m/rgb/2193/collection.json,BJ39_1000_3601,,0.1,01GTE4ZWCXRGNX6W0VC3SR6VJ5,
aerial,AERIAL,01GTE4ZWCXRGNX6W0VC3SR6VJ5:BJ39_1000_3602,post,,,2023-02-17T11:00:00Z,2023-02-19T11:00:00Z,tile,,,,,,,,0.0012902402054665,"{""type"": ""Polygon"", ""coordinates"": [[[176.7676565, -39.3933082], [176.7680053, -39.3997818], [176.7735679, -39.3996013], [176.7732187, -39.3931277], [176.7676565, -39.3933082]]]}",https://nz-imagery.s3-ap-southeast-2.amazonaws.com/hawkes-bay/hawkes-bay-cyclone-gabrielle_2023_0.1m/rgb/2193/BJ39_1000_3602.json,"{""visual"": ""https://nz-imagery.s3-ap-southeast-2.amazonaws.com/hawkes-bay/hawkes-bay-cyclone-gabrielle_2023_0.1m/rgb/2193/BJ39_1000_3602.tiff""}",https://nz-imagery.s3-ap-southeast-2.amazonaws.com/hawkes-bay/hawkes-bay-cyclone-gabrielle_2023_0.1m/rgb/2193/collection.json,BJ39_1000_3602,,0.1,01GTE4ZWCXRGNX6W0VC3SR6VJ5,
aerial,AERIAL,01GTE4ZWCXRGNX6W0VC3SR6VJ5:BJ39_1000_3603,post,,,2023-02-17T11:00:00Z,2023-02-19T11:00:00Z,tile,,,,,,,,0.0012902484767968,"{""type"": ""Polygon"", ""coordinates"": [[[176.7732187, -39.3931277], [176.7735679, -39.3996013], [176.7791305, -39.3994205], [176.7787808, -39.3929469], [176.7732187, -39.3931277]]]}",https://nz-imagery.s3-ap-southeast-2.amazonaws.com/hawkes-bay/hawkes-bay-cyclone-gabrielle_2023_0.1m/rgb/2193/BJ39_1000_3603.json,"{""visual"": ""https://nz-imagery.s3-ap-southeast-2.amazonaws.com/hawkes-bay/hawkes-bay-cyclone-gabrielle_2023_0.1m/rgb/2193/BJ39_1000_3603.tiff""}",https://nz-imagery.s3-ap-southeast-2.amazonaws.com/hawkes-bay/hawkes-bay-cyclone-gabrielle_2023_0.1m/rgb/2193/collection.json,BJ39_1000_3603,,0.1,01GTE4ZWCXRGNX6W0VC3SR6VJ5,
aerial,AERIAL,01GTE4ZWCXRGNX6W0VC3SR6VJ5:BJ39_1000_3608,post,,,2023-02-17T11:00:00Z,2023-02-19T11:00:00Z,tile,,,,,,,,0.0011295764190014,"{""type"": ""Polygon"", ""coordinates"": [[[176.8010286, -39.3922212], [176.8013804, -39.3986946], [176.8069428, -39.3985125], [176.8065905, -39.3920391], [176.8010286, -39.3922212]]]}",https://nz-imagery.s3-ap-southeast-2.amazonaws.com/hawkes-bay/hawkes-bay-cyclone-gabrielle_2023_0.1m/rgb/2193/BJ39_1000_3608.json,"{""visual"": ""https://nz-imagery.s3-ap-southeast-2.amazonaws.com/hawkes-bay/hawkes-bay-cyclone-gabrielle_2023_0.1m/rgb/2193/BJ39_1000_3608.tiff""}",https://nz-imagery.s3-ap-southeast-2.amazonaws.com/hawkes-bay/hawkes-bay-cyclone-gabrielle_2023_0.1m/rgb/2193/collection.json,BJ39_1000_3608,,0.1,01GTE4ZWCXRGNX6W0VC3SR6VJ5,
aerial,AERIAL,01GTE4ZWCXRGNX6W0VC3SR6VJ5:BJ39_1000_3609,post,,,2023-02-17T11:00:00Z,2023-02-19T11:00:00Z,tile,,,,,,,,5.00245254074064e-05,"{""type"": ""Polygon"", ""coordinates"": [[[176.8065905, -39.3920391], [176.8069428, -39.3985125], [176.8125051, -39.3983301], [176.8121523, -39.3918567], [176.8065905, -39.3920391]]]}",https://nz-imagery.s3-ap-southeast-2.amazonaws.com/hawkes-bay/hawkes-bay-cyclone-gabrielle_2023_0.1m/rgb/2193/BJ39_1000_3609.json,"{""visual"": ""https://nz-imagery.s3-ap-southeast-2.amazonaws.com/hawkes-bay/hawkes-bay-cyclone-gabrielle_2023_0.1m/rgb/2193/BJ39_1000_3609.tiff""}",https://nz-imagery.s3-ap-southeast-2.amazonaws.com/hawkes-bay/hawkes-bay-cyclone-gabrielle_2023_0.1m/rgb/2193/collection.json,BJ39_1000_3609,,0.1,01GTE4ZWCXRGNX6W0VC3SR6VJ5,
aerial,AERIAL,01GTE4ZWCXRGNX6W0VC3SR6VJ5:BJ39_1000_3610,post,,,2023-02-17T11:00:00Z,2023-02-19T11:00:00Z,tile,,,,,,,,0.0002541045824816,"{""type"": ""Polygon"", ""coordinates"": [[[176.8121523, -39.3918567], [176.8125051, -39.3983301], [176.8180674, -39.3981474], [176.817714, -39.3916741], [176.8121523, -39.3918567]]]}",https://nz-imagery.s3-ap-southeast-2.amazonaws.com/hawkes-bay/hawkes-bay-cyclone-gabrielle_2023_0.1m/rgb/2193/BJ39_1000_3610.json,"{""visual"": ""https://nz-imagery.s3-ap-southeast-2.amazonaws.com/hawkes-bay/hawkes-bay-cyclone-gabrielle_2023_0.1m/rgb/2193/BJ39_1000_3610.tiff""}",https://nz-imagery.s3-ap-southeast-2.amazonaws.com/hawkes-bay/hawkes-bay-cyclone-gabrielle_2023_0.1m/rgb/2193/collection.json,BJ39_1000_3610,,0.1,01GTE4ZWCXRGNX6W0VC3SR6VJ5,
aerial,AERIAL,01GTE4ZWCXRGNX6W0VC3SR6VJ5:BJ39_1000_3611,post,,,2023-02-17T11:00:00Z,2023-02-19T11:00:00Z,tile,,,,,,,,0.0008538822226004,"{""type"": ""Polygon"", ""coordinates"": [[[176.817714, -39.3916741], [176.8180674, -39.3981474], [176.8236296, -39.3979645], [176.8232757, -39.3914912], [176.817714, -39.3916741]]]}",https://nz-imagery.s3-ap-southeast-2.amazonaws.com/hawkes-bay/hawkes-bay-cyclone-gabrielle_2023_0.1m/rgb/2193/BJ39_1000_3611.json,"{""visual"": ""https://nz-imagery.s3-ap-southeast-2.amazonaws.com/hawkes-bay/hawkes-bay-cyclone-gabrielle_2023_0.1m/rgb/2193/BJ39_1000_3611.tiff""}",https://nz-imagery.s3-ap-southeast-2.amazonaws.com/hawkes-bay/hawkes-bay-cyclone-gabrielle_2023_0.1m/rgb/2193/collection.json,BJ39_1000_3611,,0.1,01GTE4ZWCXRGNX6W0VC3SR6VJ5,
aerial,AERIAL,01GTE4ZWCXRGNX6W0VC3SR6VJ5:BJ39_1000_3612,post,,,2023-02-17T11:00:00Z,2023-02-19T11:00:00Z,tile,,,,,,,,0.0012868605611169,"{""type"": ""Polygon"", ""coordinates"": [[[176.8232757, -39.3914912], [176.8236296, -39.3979645], [176.8291917, -39.3977813], [176.8288373, -39.391308], [176.8232757, -39.3914912]]]}",https://nz-imagery.s3-ap-southeast-2.amazonaws.com/hawkes-bay/hawkes-bay-cyclone-gabrielle_2023_0.1m/rgb/2193/BJ39_1000_3612.json,"{""visual"": ""https://nz-imagery.s3-ap-southeast-2.amazonaws.com/hawkes-bay/hawkes-bay-cyclone-gabrielle_2023_0.1m/rgb/2193/BJ39_1000_3612.tiff""}",https://nz-imagery.s3-ap-southeast-2.amazonaws.com/hawkes-bay/hawkes-bay-cyclone-gabrielle_2023_0.1m/rgb/2193/collection.json,BJ39_1000_3612,,0.1,01GTE4ZWCXRGNX6W0VC3SR6VJ5,
aerial,AERIAL,01GTE4ZWCXRGNX6W0VC3SR6VJ5:BJ39_1000_3613,post,,,2023-02-17T11:00:00Z,2023-02-19T11:00:00Z,tile,,,,,,,,0.0012902633207577,"{""type"": ""Polygon"", ""coordinates"": [[[176.8288373, -39.391308], [176.8291917, -39.3977813], [176.8347538, -39.3975978], [176.8343989, -39.3911246], [176.8288373, -39.391308]]]}",https://nz-imagery.s3-ap-southeast-2.amazonaws.com/hawkes-bay/hawkes-bay-cyclone-gabrielle_2023_0.1m/rgb/2193/BJ39_1000_3613.json,"{""visual"": ""https://nz-imagery.s3-ap-southeast-2.amazonaws.com/hawkes-bay/hawkes-bay-cyclone-gabrielle_2023_0.1m/rgb/2193/BJ39_1000_3613.tiff""}",https://nz-imagery.s3-ap-southeast-2.amazonaws.com/hawkes-bay/hawkes-bay-cyclone-gabrielle_2023_0.1m/rgb/2193/collection.json,BJ39_1000_3613,,0.1,01GTE4ZWCXRGNX6W0VC3SR6VJ5,
aerial,AERIAL,01GTE4ZWCXRGNX6W0VC3SR6VJ5:BJ39_1000_3614,post,,,2023-02-17T11:00:00Z,2023-02-19T11:00:00Z,tile,,,,,,,,0.001290273238094,"{""type"": ""Polygon"", ""coordinates"": [[[176.8343989, -39.3911246], [176.8347538, -39.3975978], [176.8403159, -39.3974141], [176.8399605, -39.3909409], [176.8343989, -39.3911246]]]}",https://nz-imagery.s3-ap-southeast-2.amazonaws.com/hawkes-bay/hawkes-bay-cyclone-gabrielle_2023_0.1m/rgb/2193/BJ39_1000_3614.json,"{""visual"": ""https://nz-imagery.s3-ap-southeast-2.amazonaws.com/hawkes-bay/hawkes-bay-cyclone-gabrielle_2023_0.1m/rgb/2193/BJ39_1000_3614.tiff""}",https://nz-imagery.s3-ap-southeast-2.amazonaws.com/hawkes-bay/hawkes-bay-cyclone-gabrielle_2023_0.1m/rgb/2193/collection.json,BJ39_1000_3614,,0.1,01GTE4ZWCXRGNX6W0VC3SR6VJ5,
aerial,AERIAL,01GTE4ZWCXRGNX6W0VC3SR6VJ5:BJ39_1000_3615,post,,,2023-02-17T11:00:00Z,2023-02-19T11:00:00Z,tile,,,,,,,,0.0012902487772783,"{""type"": ""Polygon"", ""coordinates"": [[[176.8399605, -39.3909409], [176.8403159, -39.3974141], [176.8458779, -39.3972301], [176.8455219, -39.390757], [176.8399605, -39.3909409]]]}",https://nz-imagery.s3-ap-southeast-2.amazonaws.com/hawkes-bay/hawkes-bay-cyclone-gabrielle_2023_0.1m/rgb/2193/BJ39_1000_3615.json,"{""visual"": ""https://nz-imagery.s3-ap-southeast-2.amazonaws.com/hawkes-bay/hawkes-bay-cyclone-gabrielle_2023_0.1m/rgb/2193/BJ39_1000_3615.tiff""}",https://nz-imagery.s3-ap-southeast-2.amazonaws.com/hawkes-bay/hawkes-bay-cyclone-gabrielle_2023_0.1m/rgb/2193/collection.json,BJ39_1000_3615,,0.1,01GTE4ZWCXRGNX6W0VC3SR6VJ5,
aerial,AERIAL,01GTE4ZWCXRGNX6W0VC3SR6VJ5:BJ39_1000_3616,post,,,2023-02-17T11:00:00Z,2023-02-19T11:00:00Z,tile,,,,,,,,0.0012902494412402,"{""type"": ""Polygon"", ""coordinates"": [[[176.8455219, -39.390757], [176.8458779, -39.3972301], [176.8514398, -39.3970458], [176.8510834, -39.3905728], [176.8455219, -39.390757]]]}",https://nz-imagery.s3-ap-southeast-2.amazonaws.com/hawkes-bay/hawkes-bay-cyclone-gabrielle_2023_0.1m/rgb/2193/BJ39_1000_3616.json,"{""visual"": ""https://nz-imagery.s3-ap-southeast-2.amazonaws.com/hawkes-bay/hawkes-bay-cyclone-gabrielle_2023_0.1m/rgb/2193/BJ39_1000_3616.tiff""}",https://nz-imagery.s3-ap-southeast-2.amazonaws.com/hawkes-bay/hawkes-bay-cyclone-gabrielle_2023_0.1m/rgb/2193/collection.json,BJ39_1000_3616,,0.1,01GTE4ZWCXRGNX6W0VC3SR6VJ5,
aerial,AERIAL,01GTE4ZWCXRGNX6W0VC3SR6VJ5:BJ39_1000_3617,post,,,2023-02-17T11:00:00Z,2023-02-19T11:00:00Z,tile,,,,,,,,0.0012902475363746,"{""type"": ""Polygon"", ""coordinates"": [[[176.8510834, -39.3905728], [176.8514398, -39.3970458], [176.8570017, -39.3968613], [176.8566448, -39.3903883], [176.8510834, -39.3905728]]]}",https://nz-imagery.s3-ap-southeast-2.amazonaws.com/hawkes-bay/hawkes-bay-cyclone-gabrielle_2023_0.1m/rgb/2193/BJ39_1000_3617.json,"{""visual"": ""https://nz-imagery.s3-ap-southeast-2.amazonaws.com/hawkes-bay/hawkes-bay-cyclone-gabrielle_2023_0.1m/rgb/2193/BJ39_1000_3617.tiff""}",https://nz-imagery.s3-ap-southeast-2.amazonaws.com/hawkes-bay/hawkes-bay-cyclone-gabrielle_2023_0.1m/rgb/2193/collection.json,BJ39_1000_3617,,0.1,01GTE4ZWCXRGNX6W0VC3SR6VJ5,
aerial,AERIAL,01GTE4ZWCXRGNX6W0VC3SR6VJ5:BJ39_1000_3618,post,,,2023-02-17T11:00:00Z,2023-02-19T11:00:00Z,tile,,,,,,,,0.0012902569072865,"{""type"": ""Polygon"", ""coordinates"": [[[176.8566448, -39.3903883], [176.8570017, -39.3968613], [176.8625636, -39.3966765], [176.8622061, -39.3902035], [176.8566448, -39.3903883]]]}",https://nz-imagery.s3-ap-southeast-2.amazonaws.com/hawkes-bay/hawkes-bay-cyclone-gabrielle_2023_0.1m/rgb/2193/BJ39_1000_3618.json,"{""visual"": ""https://nz-imagery.s3-ap-southeast-2.amazonaws.com/hawkes-bay/hawkes-bay-cyclone-gabrielle_2023_0.1m/rgb/2193/BJ39_1000_3618.tiff""}",https://nz-imagery.s3-ap-southeast-2.amazonaws.com/hawkes-bay/hawkes-bay-cyclone-gabrielle_2023_0.1m/rgb/2193/collection.json,BJ39_1000_3618,,0.1,01GTE4ZWCXRGNX6W0VC3SR6VJ5,
aerial,AERIAL,01GTE4ZWCXRGNX6W0VC3SR6VJ5:BJ39_1000_3619,post,,,2023-02-17T11:00:00Z,2023-02-19T11:00:00Z,tile,,,,,,,,0.0012902531207059,"{""type"": ""Polygon"", ""coordinates"": [[[176.8622061, -39.3902035], [176.8625636, -39.3966765], [176.8681253, -39.3964915], [176.8677674, -39.3900185], [176.8622061, -39.3902035]]]}",https://nz-imagery.s3-ap-southeast-2.amazonaws.com/hawkes-bay/hawkes-bay-cyclone-gabrielle_2023_0.1m/rgb/2193/BJ39_1000_3619.json,"{""visual"": ""https://nz-imagery.s3-ap-southeast-2.amazonaws.com/hawkes-bay/hawkes-bay-cyclone-gabrielle_2023_0.1m/rgb/2193/BJ39_1000_3619.tiff""}",https://nz-imagery.s3-ap-southeast-2.amazonaws.com/hawkes-bay/hawkes-bay-cyclone-gabrielle_2023_0.1m/rgb/2193/collection.json,BJ39_1000_3619,,0.1,01GTE4ZWCXRGNX6W0VC3SR6VJ5,
aerial,AERIAL,01GTE4ZWCXRGNX6W0VC3SR6VJ5:BJ39_1000_3620,post,,,2023-02-17T11:00:00Z,2023-02-19T11:00:00Z,tile,,,,,,,,0.0012902644909038,"{""type"": ""Polygon"", ""coordinates"": [[[176.8677674, -39.3900185], [176.8681253, -39.3964915], [176.8736871, -39.3963061], [176.8733286, -39.3898332], [176.8677674, -39.3900185]]]}",https://nz-imagery.s3-ap-southeast-2.amazonaws.com/hawkes-bay/hawkes-bay-cyclone-gabrielle_2023_0.1m/rgb/2193/BJ39_1000_3620.json,"{""visual"": ""https://nz-imagery.s3-ap-southeast-2.amazonaws.com/hawkes-bay/hawkes-bay-cyclone-gabrielle_2023_0.1m/rgb/2193/BJ39_1000_3620.tiff""}",https://nz-imagery.s3-ap-southeast-2.amazonaws.com/hawkes-bay/hawkes-bay-cyclone-gabrielle_2023_0.1m/rgb/2193/collection.json,BJ39_1000_3620,,0.1,01GTE4ZWCXRGNX6W0VC3SR6VJ5,
aerial,AERIAL,01GTE4ZWCXRGNX6W0VC3SR6VJ5:BJ39_1000_3621,post,,,2023-02-17T11:00:00Z,2023-02-19T11:00:00Z,tile,,,,,,,,0.0012535711830822,"{""type"": ""Polygon"", ""coordinates"": [[[176.8733286, -39.3898332], [176.8736871, -39.3963061], [176.8792488, -39.3961205], [176.8788898, -39.3896477], [176.8733286, -39.3898332]]]}",https://nz-imagery.s3-ap-southeast-2.amazonaws.com/hawkes-bay/hawkes-bay-cyclone-gabrielle_2023_0.1m/rgb/2193/BJ39_1000_3621.json,"{""visual"": ""https://nz-imagery.s3-ap-southeast-2.amazonaws.com/hawkes-bay/hawkes-bay-cyclone-gabrielle_2023_0.1m/rgb/2193/BJ39_1000_3621.tiff""}",https://nz-imagery.s3-ap-southeast-2.amazonaws.com/hawkes-bay/hawkes-bay-cyclone-gabrielle_2023_0.1m/rgb/2193/collection.json,BJ39_1000_3621,,0.1,01GTE4ZWCXRGNX6W0VC3SR6VJ5,
aerial,AERIAL,01GTE4ZWCXRGNX6W0VC3SR6VJ5:BJ39_1000_3622,post,,,2023-02-17T11:00:00Z,2023-02-19T11:00:00Z,tile,,,,,,,,0.0004278896147516,"{""type"": ""Polygon"", ""coordinates"": [[[176.8788898, -39.3896477], [176.8792488, -39.3961205], [176.8848104, -39.3959347], [176.8844509, -39.3894619], [176.8788898, -39.3896477]]]}",https://nz-imagery.s3-ap-southeast-2.amazonaws.com/hawkes-bay/hawkes-bay-cyclone-gabrielle_2023_0.1m/rgb/2193/BJ39_1000_3622.json,"{""visual"": ""https://nz-imagery.s3-ap-southeast-2.amazonaws.com/hawkes-bay/hawkes-bay-cyclone-gabrielle_2023_0.1m/rgb/2193/BJ39_1000_3622.tiff""}",https://nz-imagery.s3-ap-southeast-2.amazonaws.com/hawkes-bay/hawkes-bay-cyclone-gabrielle_2023_0.1m/rgb/2193/collection.json,BJ39_1000_3622,,0.1,01GTE4ZWCXRGNX6W0VC3SR6VJ5,
aerial,AERIAL,01GTE4ZWCXRGNX6W0VC3SR6VJ5:BJ39_1000_3701,post,,,2023-02-17T11:00:00Z,2023-02-19T11:00:00Z,tile,,,,,,,,0.0012902510460177,"{""type"": ""Polygon"", ""coordinates"": [[[176.7624426, -39.3999621], [176.7627909, -39.4064358], [176.7683541, -39.4062555], [176.7680053, -39.3997818], [176.7624426, -39.3999621]]]}",https://nz-imagery.s3-ap-southeast-2.amazonaws.com/hawkes-bay/hawkes-bay-cyclone-gabrielle_2023_0.1m/rgb/2193/BJ39_1000_3701.json,"{""visual"": ""https://nz-imagery.s3-ap-southeast-2.amazonaws.com/hawkes-bay/hawkes-bay-cyclone-gabrielle_2023_0.1m/rgb/2193/BJ39_1000_3701.tiff""}",https://nz-imagery.s3-ap-southeast-2.amazonaws.com/hawkes-bay/hawkes-bay-cyclone-gabrielle_2023_0.1m/rgb/2193/collection.json,BJ39_1000_3701,,0.1,01GTE4ZWCXRGNX6W0VC3SR6VJ5,
aerial,AERIAL,01GTE4ZWCXRGNX6W0VC3SR6VJ5:BJ39_1000_3702,post,,,2023-02-17T11:00:00Z,2023-02-19T11:00:00Z,tile,,,,,,,,0.0012902493655074,"{""type"": ""Polygon"", ""coordinates"": [[[176.7680053, -39.3997818], [176.7683541, -39.4062555], [176.7739173, -39.4060749], [176.7735679, -39.3996013], [176.7680053, -39.3997818]]]}",https://nz-imagery.s3-ap-southeast-2.amazonaws.com/hawkes-bay/hawkes-bay-cyclone-gabrielle_2023_0.1m/rgb/2193/BJ39_1000_3702.json,"{""visual"": ""https://nz-imagery.s3-ap-southeast-2.amazonaws.com/hawkes-bay/hawkes-bay-cyclone-gabrielle_2023_0.1m/rgb/2193/BJ39_1000_3702.tiff""}",https://nz-imagery.s3-ap-southeast-2.amazonaws.com/hawkes-bay/hawkes-bay-cyclone-gabrielle_2023_0.1m/rgb/2193/collection.json,BJ39_1000_3702,,0.1,01GTE4ZWCXRGNX6W0VC3SR6VJ5,
aerial,AERIAL,01GTE4ZWCXRGNX6W0VC3SR6VJ5:BJ39_1000_3703,post,,,2023-02-17T11:00:00Z,2023-02-19T11:00:00Z,tile,,,,,,,,0.0012902477144493,"{""type"": ""Polygon"", ""coordinates"": [[[176.7735679, -39.3996013], [176.7739173, -39.4060749], [176.7794804, -39.4058941], [176.7791305, -39.3994205], [176.7735679, -39.3996013]]]}",https://nz-imagery.s3-ap-southeast-2.amazonaws.com/hawkes-bay/hawkes-bay-cyclone-gabrielle_2023_0.1m/rgb/2193/BJ39_1000_3703.json,"{""visual"": ""https://nz-imagery.s3-ap-southeast-2.amazonaws.com/hawkes-bay/hawkes-bay-cyclone-gabrielle_2023_0.1m/rgb/2193/BJ39_1000_3703.tiff""}",https://nz-imagery.s3-ap-southeast-2.amazonaws.com/hawkes-bay/hawkes-bay-cyclone-gabrielle_2023_0.1m/rgb/2193/collection.json,BJ39_1000_3703,,0.1,01GTE4ZWCXRGNX6W0VC3SR6VJ5,
aerial,AERIAL,01GTE4ZWCXRGNX6W0VC3SR6VJ5:BJ39_1000_3712,post,,,2023-02-17T11:00:00Z,2023-02-19T11:00:00Z,tile,,,,,,,,0.000427051299877,"{""type"": ""Polygon"", ""coordinates"": [[[176.8236296, -39.3979645], [176.8239835, -39.4044377], [176.8295462, -39.4042545], [176.8291917, -39.3977813], [176.8236296, -39.3979645]]]}",https://nz-imagery.s3-ap-southeast-2.amazonaws.com/hawkes-bay/hawkes-bay-cyclone-gabrielle_2023_0.1m/rgb/2193/BJ39_1000_3712.json,"{""visual"": ""https://nz-imagery.s3-ap-southeast-2.amazonaws.com/hawkes-bay/hawkes-bay-cyclone-gabrielle_2023_0.1m/rgb/2193/BJ39_1000_3712.tiff""}",https://nz-imagery.s3-ap-southeast-2.amazonaws.com/hawkes-bay/hawkes-bay-cyclone-gabrielle_2023_0.1m/rgb/2193/collection.json,BJ39_1000_3712,,0.1,01GTE4ZWCXRGNX6W0VC3SR6VJ5,
aerial,AERIAL,01GTE4ZWCXRGNX6W0VC3SR6VJ5:BJ39_1000_3713,post,,,2023-02-17T11:00:00Z,2023-02-19T11:00:00Z,tile,,,,,,,,0.0012807409944592,"{""type"": ""Polygon"", ""coordinates"": [[[176.8291917, -39.3977813], [176.8295462, -39.4042545], [176.8351088, -39.404071], [176.8347538, -39.3975978], [176.8291917, -39.3977813]]]}",https://nz-imagery.s3-ap-southeast-2.amazonaws.com/hawkes-bay/hawkes-bay-cyclone-gabrielle_2023_0.1m/rgb/2193/BJ39_1000_3713.json,"{""visual"": ""https://nz-imagery.s3-ap-southeast-2.amazonaws.com/hawkes-bay/hawkes-bay-cyclone-gabrielle_2023_0.1m/rgb/2193/BJ39_1000_3713.tiff""}",https://nz-imagery.s3-ap-southeast-2.amazonaws.com/hawkes-bay/hawkes-bay-cyclone-gabrielle_2023_0.1m/rgb/2193/collection.json,BJ39_1000_3713,,0.1,01GTE4ZWCXRGNX6W0VC3SR6VJ5,
aerial,AERIAL,01GTE4ZWCXRGNX6W0VC3SR6VJ5:BJ39_1000_3714,post,,,2023-02-17T11:00:00Z,2023-02-19T11:00:00Z,tile,,,,,,,,0.0012902625465834,"{""type"": ""Polygon"", ""coordinates"": [[[176.8347538, -39.3975978], [176.8351088, -39.404071], [176.8406714, -39.4038872], [176.8403159, -39.3974141], [176.8347538, -39.3975978]]]}",https://nz-imagery.s3-ap-southeast-2.amazonaws.com/hawkes-bay/hawkes-bay-cyclone-gabrielle_2023_0.1m/rgb/2193/BJ39_1000_3714.json,"{""visual"": ""https://nz-imagery.s3-ap-southeast-2.amazonaws.com/hawkes-bay/hawkes-bay-cyclone-gabrielle_2023_0.1m/rgb/2193/BJ39_1000_3714.tiff""}",https://nz-imagery.s3-ap-southeast-2.amazonaws.com/hawkes-bay/hawkes-bay-cyclone-gabrielle_2023_0.1m/rgb/2193/collection.json,BJ39_1000_3714,,0.1,01GTE4ZWCXRGNX6W0VC3SR6VJ5,
aerial,AERIAL,01GTE4ZWCXRGNX6W0VC3SR6VJ5:BJ39_1000_3715,post,,,2023-02-17T11:00:00Z,2023-02-19T11:00:00Z,tile,,,,,,,,0.0012902223217555,"{""type"": ""Polygon"", ""coordinates"": [[[176.8403159, -39.3974141], [176.8406714, -39.4038872], [176.8462339, -39.4037032], [176.8458779, -39.3972301], [176.8403159, -39.3974141]]]}",https://nz-imagery.s3-ap-southeast-2.amazonaws.com/hawkes-bay/hawkes-bay-cyclone-gabrielle_2023_0.1m/rgb/2193/BJ39_1000_3715.json,"{""visual"": ""https://nz-imagery.s3-ap-southeast-2.amazonaws.com/hawkes-bay/hawkes-bay-cyclone-gabrielle_2023_0.1m/rgb/2193/BJ39_1000_3715.tiff""}",https://nz-imagery.s3-ap-southeast-2.amazonaws.com/hawkes-bay/hawkes-bay-cyclone-gabrielle_2023_0.1m/rgb/2193/collection.json,BJ39_1000_3715,,0.1,01GTE4ZWCXRGNX6W0VC3SR6VJ5,
aerial,AERIAL,01GTE4ZWCXRGNX6W0VC3SR6VJ5:BJ39_1000_3716,post,,,2023-02-17T11:00:00Z,2023-02-19T11:00:00Z,tile,,,,,,,,0.001289756905658,"{""type"": ""Polygon"", ""coordinates"": [[[176.8458779, -39.3972301], [176.8462339, -39.4037032], [176.8517964, -39.4035189], [176.8514398, -39.3970458], [176.8458779, -39.3972301]]]}",https://nz-imagery.s3-ap-southeast-2.amazonaws.com/hawkes-bay/hawkes-bay-cyclone-gabrielle_2023_0.1m/rgb/2193/BJ39_1000_3716.json,"{""visual"": ""https://nz-imagery.s3-ap-southeast-2.amazonaws.com/hawkes-bay/hawkes-bay-cyclone-gabrielle_2023_0.1m/rgb/2193/BJ39_1000_3716.tiff""}",https://nz-imagery.s3-ap-southeast-2.amazonaws.com/hawkes-bay/hawkes-bay-cyclone-gabrielle_2023_0.1m/rgb/2193/collection.json,BJ39_1000_3716,,0.1,01GTE4ZWCXRGNX6W0VC3SR6VJ5,
aerial,AERIAL,01GTE4ZWCXRGNX6W0VC3SR6VJ5:BJ39_1000_3717,post,,,2023-02-17T11:00:00Z,2023-02-19T11:00:00Z,tile,,,,,,,,0.001290257414457,"{""type"": ""Polygon"", ""coordinates"": [[[176.8514398, -39.3970458], [176.8517964, -39.4035189], [176.8573588, -39.4033343], [176.8570017, -39.3968613], [176.8514398, -39.3970458]]]}",https://nz-imagery.s3-ap-southeast-2.amazonaws.com/hawkes-bay/hawkes-bay-cyclone-gabrielle_2023_0.1m/rgb/2193/BJ39_1000_3717.json,"{""visual"": ""https://nz-imagery.s3-ap-southeast-2.amazonaws.com/hawkes-bay/hawkes-bay-cyclone-gabrielle_2023_0.1m/rgb/2193/BJ39_1000_3717.tiff""}",https://nz-imagery.s3-ap-southeast-2.amazonaws.com/hawkes-bay/hawkes-bay-cyclone-gabrielle_2023_0.1m/rgb/2193/collection.json,BJ39_1000_3717,,0.1,01GTE4ZWCXRGNX6W0VC3SR6VJ5,
aerial,AERIAL,01GTE4ZWCXRGNX6W0VC3SR6VJ5:BJ39_1000_3718,post,,,2023-02-17T11:00:00Z,2023-02-19T11:00:00Z,tile,,,,,,,,0.0012902555421405,"{""type"": ""Polygon"", ""coordinates"": [[[176.8570017, -39.3968613], [176.8573588, -39.4033343], [176.8629211, -39.4031495], [176.8625636, -39.3966765], [176.8570017, -39.3968613]]]}",https://nz-imagery.s3-ap-southeast-2.amazonaws.com/hawkes-bay/hawkes-bay-cyclone-gabrielle_2023_0.1m/rgb/2193/BJ39_1000_3718.json,"{""visual"": ""https://nz-imagery.s3-ap-southeast-2.amazonaws.com/hawkes-bay/hawkes-bay-cyclone-gabrielle_2023_0.1m/rgb/2193/BJ39_1000_3718.tiff""}",https://nz-imagery.s3-ap-southeast-2.amazonaws.com/hawkes-bay/hawkes-bay-cyclone-gabrielle_2023_0.1m/rgb/2193/collection.json,BJ39_1000_3718,,0.1,01GTE4ZWCXRGNX6W0VC3SR6VJ5,
aerial,AERIAL,01GTE4ZWCXRGNX6W0VC3SR6VJ5:BJ39_1000_3719,post,,,2023-02-17T11:00:00Z,2023-02-19T11:00:00Z,tile,,,,,,,,0.0012725328147879,"{""type"": ""Polygon"", ""coordinates"": [[[176.8625636, -39.3966765], [176.8629211, -39.4031495], [176.8684834, -39.4029644], [176.8681253, -39.3964915], [176.8625636, -39.3966765]]]}",https://nz-imagery.s3-ap-southeast-2.amazonaws.com/hawkes-bay/hawkes-bay-cyclone-gabrielle_2023_0.1m/rgb/2193/BJ39_1000_3719.json,"{""visual"": ""https://nz-imagery.s3-ap-southeast-2.amazonaws.com/hawkes-bay/hawkes-bay-cyclone-gabrielle_2023_0.1m/rgb/2193/BJ39_1000_3719.tiff""}",https://nz-imagery.s3-ap-southeast-2.amazonaws.com/hawkes-bay/hawkes-bay-cyclone-gabrielle_2023_0.1m/rgb/2193/collection.json,BJ39_1000_3719,,0.1,01GTE4ZWCXRGNX6W0VC3SR6VJ5,
aerial,AERIAL,01GTE4ZWCXRGNX6W0VC3SR6VJ5:BJ39_1000_3720,post,,,2023-02-17T11:00:00Z,2023-02-19T11:00:00Z,tile,,,,,,,,0.0012033117848289,"{""type"": ""Polygon"", ""coordinates"": [[[176.8681253, -39.3964915], [176.8684834, -39.4029644], [176.8740457, -39.402779], [176.8736871, -39.3963061], [176.8681253, -39.3964915]]]}",https://nz-imagery.s3-ap-southeast-2.amazonaws.com/hawkes-bay/hawkes-bay-cyclone-gabrielle_2023_0.1m/rgb/2193/BJ39_1000_3720.json,"{""visual"": ""https://nz-imagery.s3-ap-southeast-2.amazonaws.com/hawkes-bay/hawkes-bay-cyclone-gabrielle_2023_0.1m/rgb/2193/BJ39_1000_3720.tiff""}",https://nz-imagery.s3-ap-southeast-2.amazonaws.com/hawkes-bay/hawkes-bay-cyclone-gabrielle_2023_0.1m/rgb/2193/collection.json,BJ39_1000_3720,,0.1,01GTE4ZWCXRGNX6W0VC3SR6VJ5,
aerial,AERIAL,01GTE4ZWCXRGNX6W0VC3SR6VJ5:BJ39_1000_3721,post,,,2023-02-17T11:00:00Z,2023-02-19T11:00:00Z,tile,,,,,,,,0.0011617746264629,"{""type"": ""Polygon"", ""coordinates"": [[[176.8736871, -39.3963061], [176.8740457, -39.402779], [176.8796079, -39.4025934], [176.8792488, -39.3961205], [176.8736871, -39.3963061]]]}",https://nz-imagery.s3-ap-southeast-2.amazonaws.com/hawkes-bay/hawkes-bay-cyclone-gabrielle_2023_0.1m/rgb/2193/BJ39_1000_3721.json,"{""visual"": ""https://nz-imagery.s3-ap-southeast-2.amazonaws.com/hawkes-bay/hawkes-bay-cyclone-gabrielle_2023_0.1m/rgb/2193/BJ39_1000_3721.tiff""}",https://nz-imagery.s3-ap-southeast-2.amazonaws.com/hawkes-bay/hawkes-bay-cyclone-gabrielle_2023_0.1m/rgb/2193/collection.json,BJ39_1000_3721,,0.1,01GTE4ZWCXRGNX6W0VC3SR6VJ5,
aerial,AERIAL,01GTE4ZWCXRGNX6W0VC3SR6VJ5:BJ39_1000_3722,post,,,2023-02-17T11:00:00Z,2023-02-19T11:00:00Z,tile,,,,,,,,0.0011439854006588,"{""type"": ""Polygon"", ""coordinates"": [[[176.8792488, -39.3961205], [176.8796079, -39.4025934], [176.88517, -39.4024075], [176.8848104, -39.3959347], [176.8792488, -39.3961205]]]}",https://nz-imagery.s3-ap-southeast-2.amazonaws.com/hawkes-bay/hawkes-bay-cyclone-gabrielle_2023_0.1m/rgb/2193/BJ39_1000_3722.json,"{""visual"": ""https://nz-imagery.s3-ap-southeast-2.amazonaws.com/hawkes-bay/hawkes-bay-cyclone-gabrielle_2023_0.1m/rgb/2193/BJ39_1000_3722.tiff""}",https://nz-imagery.s3-ap-southeast-2.amazonaws.com/hawkes-bay/hawkes-bay-cyclone-gabrielle_2023_0.1m/rgb/2193/collection.json,BJ39_1000_3722,,0.1,01GTE4ZWCXRGNX6W0VC3SR6VJ5,
aerial,AERIAL,01GTE4ZWCXRGNX6W0VC3SR6VJ5:BJ39_1000_3723,post,,,2023-02-17T11:00:00Z,2023-02-19T11:00:00Z,tile,,,,,,,,3.9035155180707377e-05,"{""type"": ""Polygon"", ""coordinates"": [[[176.8848104, -39.3959347], [176.88517, -39.4024075], [176.8907321, -39.4022213], [176.890372, -39.3957486], [176.8848104, -39.3959347]]]}",https://nz-imagery.s3-ap-southeast-2.amazonaws.com/hawkes-bay/hawkes-bay-cyclone-gabrielle_2023_0.1m/rgb/2193/BJ39_1000_3723.json,"{""visual"": ""https://nz-imagery.s3-ap-southeast-2.amazonaws.com/hawkes-bay/hawkes-bay-cyclone-gabrielle_2023_0.1m/rgb/2193/BJ39_1000_3723.tiff""}",https://nz-imagery.s3-ap-southeast-2.amazonaws.com/hawkes-bay/hawkes-bay-cyclone-gabrielle_2023_0.1m/rgb/2193/collection.json,BJ39_1000_3723,,0.1,01GTE4ZWCXRGNX6W0VC3SR6VJ5,
aerial,AERIAL,01GTE4ZWCXRGNX6W0VC3SR6VJ5:BJ39_1000_3801,post,,,2023-02-17T11:00:00Z,2023-02-19T11:00:00Z,tile,,,,,,,,0.0012902502377557,"{""type"": ""Polygon"", ""coordinates"": [[[176.7627909, -39.4064358], [176.7631394, -39.4129095], [176.7687031, -39.4127292], [176.7683541, -39.4062555], [176.7627909, -39.4064358]]]}",https://nz-imagery.s3-ap-southeast-2.amazonaws.com/hawkes-bay/hawkes-bay-cyclone-gabrielle_2023_0.1m/rgb/2193/BJ39_1000_3801.json,"{""visual"": ""https://nz-imagery.s3-ap-southeast-2.amazonaws.com/hawkes-bay/hawkes-bay-cyclone-gabrielle_2023_0.1m/rgb/2193/BJ39_1000_3801.tiff""}",https://nz-imagery.s3-ap-southeast-2.amazonaws.com/hawkes-bay/hawkes-bay-cyclone-gabrielle_2023_0.1m/rgb/2193/collection.json,BJ39_1000_3801,,0.1,01GTE4ZWCXRGNX6W0VC3SR6VJ5,
aerial,AERIAL,01GTE4ZWCXRGNX6W0VC3SR6VJ5:BJ39_1000_3802,post,,,2023-02-17T11:00:00Z,2023-02-19T11:00:00Z,tile,,,,,,,,0.0012902610632101,"{""type"": ""Polygon"", ""coordinates"": [[[176.7683541, -39.4062555], [176.7687031, -39.4127292], [176.7742668, -39.4125485], [176.7739173, -39.4060749], [176.7683541, -39.4062555]]]}",https://nz-imagery.s3-ap-southeast-2.amazonaws.com/hawkes-bay/hawkes-bay-cyclone-gabrielle_2023_0.1m/rgb/2193/BJ39_1000_3802.json,"{""visual"": ""https://nz-imagery.s3-ap-southeast-2.amazonaws.com/hawkes-bay/hawkes-bay-cyclone-gabrielle_2023_0.1m/rgb/2193/BJ39_1000_3802.tiff""}",https://nz-imagery.s3-ap-southeast-2.amazonaws.com/hawkes-bay/hawkes-bay-cyclone-gabrielle_2023_0.1m/rgb/2193/collection.json,BJ39_1000_3802,,0.1,01GTE4ZWCXRGNX6W0VC3SR6VJ5,
aerial,AERIAL,01GTE4ZWCXRGNX6W0VC3SR6VJ5:BJ39_1000_3803,post,,,2023-02-17T11:00:00Z,2023-02-19T11:00:00Z,tile,,,,,,,,0.0012902369453906,"{""type"": ""Polygon"", ""coordinates"": [[[176.7739173, -39.4060749], [176.7742668, -39.4125485], [176.7798304, -39.4123676], [176.7794804, -39.4058941], [176.7739173, -39.4060749]]]}",https://nz-imagery.s3-ap-southeast-2.amazonaws.com/hawkes-bay/hawkes-bay-cyclone-gabrielle_2023_0.1m/rgb/2193/BJ39_1000_3803.json,"{""visual"": ""https://nz-imagery.s3-ap-southeast-2.amazonaws.com/hawkes-bay/hawkes-bay-cyclone-gabrielle_2023_0.1m/rgb/2193/BJ39_1000_3803.tiff""}",https://nz-imagery.s3-ap-southeast-2.amazonaws.com/hawkes-bay/hawkes-bay-cyclone-gabrielle_2023_0.1m/rgb/2193/collection.json,BJ39_1000_3803,,0.1,01GTE4ZWCXRGNX6W0VC3SR6VJ5,
aerial,AERIAL,01GTE4ZWCXRGNX6W0VC3SR6VJ5:BJ39_1000_3813,post,,,2023-02-17T11:00:00Z,2023-02-19T11:00:00Z,tile,,,,,,,,0.0005531897471781,"{""type"": ""Polygon"", ""coordinates"": [[[176.8295462, -39.4042545], [176.8299008, -39.4107277], [176.8354639, -39.4105441], [176.8351088, -39.404071], [176.8295462, -39.4042545]]]}",https://nz-imagery.s3-ap-southeast-2.amazonaws.com/hawkes-bay/hawkes-bay-cyclone-gabrielle_2023_0.1m/rgb/2193/BJ39_1000_3813.json,"{""visual"": ""https://nz-imagery.s3-ap-southeast-2.amazonaws.com/hawkes-bay/hawkes-bay-cyclone-gabrielle_2023_0.1m/rgb/2193/BJ39_1000_3813.tiff""}",https://nz-imagery.s3-ap-southeast-2.amazonaws.com/hawkes-bay/hawkes-bay-cyclone-gabrielle_2023_0.1m/rgb/2193/collection.json,BJ39_1000_3813,,0.1,01GTE4ZWCXRGNX6W0VC3SR6VJ5,
aerial,AERIAL,01GTE4ZWCXRGNX6W0VC3SR6VJ5:BJ39_1000_3814,post,,,2023-02-17T11:00:00Z,2023-02-19T11:00:00Z,tile,,,,,,,,0.0002746952768392,"{""type"": ""Polygon"", ""coordinates"": [[[176.8351088, -39.404071], [176.8354639, -39.4105441], [176.841027, -39.4103603], [176.8406714, -39.4038872], [176.8351088, -39.404071]]]}",https://nz-imagery.s3-ap-southeast-2.amazonaws.com/hawkes-bay/hawkes-bay-cyclone-gabrielle_2023_0.1m/rgb/2193/BJ39_1000_3814.json,"{""visual"": ""https://nz-imagery.s3-ap-southeast-2.amazonaws.com/hawkes-bay/hawkes-bay-cyclone-gabrielle_2023_0.1m/rgb/2193/BJ39_1000_3814.tiff""}",https://nz-imagery.s3-ap-southeast-2.amazonaws.com/hawkes-bay/hawkes-bay-cyclone-gabrielle_2023_0.1m/rgb/2193/collection.json,BJ39_1000_3814,,0.1,01GTE4ZWCXRGNX6W0VC3SR6VJ5,
aerial,AERIAL,01GTE4ZWCXRGNX6W0VC3SR6VJ5:BJ39_1000_3815,post,,,2023-02-17T11:00:00Z,2023-02-19T11:00:00Z,tile,,,,,,,,0.0002330851678318,"{""type"": ""Polygon"", ""coordinates"": [[[176.8406714, -39.4038872], [176.841027, -39.4103603], [176.84659, -39.4101762], [176.8462339, -39.4037032], [176.8406714, -39.4038872]]]}",https://nz-imagery.s3-ap-southeast-2.amazonaws.com/hawkes-bay/hawkes-bay-cyclone-gabrielle_2023_0.1m/rgb/2193/BJ39_1000_3815.json,"{""visual"": ""https://nz-imagery.s3-ap-southeast-2.amazonaws.com/hawkes-bay/hawkes-bay-cyclone-gabrielle_2023_0.1m/rgb/2193/BJ39_1000_3815.tiff""}",https://nz-imagery.s3-ap-southeast-2.amazonaws.com/hawkes-bay/hawkes-bay-cyclone-gabrielle_2023_0.1m/rgb/2193/collection.json,BJ39_1000_3815,,0.1,01GTE4ZWCXRGNX6W0VC3SR6VJ5,
aerial,AERIAL,01GTE4ZWCXRGNX6W0VC3SR6VJ5:BJ39_1000_3816,post,,,2023-02-17T11:00:00Z,2023-02-19T11:00:00Z,tile,,,,,,,,0.0002049976609832,"{""type"": ""Polygon"", ""coordinates"": [[[176.8462339, -39.4037032], [176.84659, -39.4101762], [176.852153, -39.4099919], [176.8517964, -39.4035189], [176.8462339, -39.4037032]]]}",https://nz-imagery.s3-ap-southeast-2.amazonaws.com/hawkes-bay/hawkes-bay-cyclone-gabrielle_2023_0.1m/rgb/2193/BJ39_1000_3816.json,"{""visual"": ""https://nz-imagery.s3-ap-southeast-2.amazonaws.com/hawkes-bay/hawkes-bay-cyclone-gabrielle_2023_0.1m/rgb/2193/BJ39_1000_3816.tiff""}",https://nz-imagery.s3-ap-southeast-2.amazonaws.com/hawkes-bay/hawkes-bay-cyclone-gabrielle_2023_0.1m/rgb/2193/collection.json,BJ39_1000_3816,,0.1,01GTE4ZWCXRGNX6W0VC3SR6VJ5,
aerial,AERIAL,01GTE4ZWCXRGNX6W0VC3SR6VJ5:BJ39_1000_3817,post,,,2023-02-17T11:00:00Z,2023-02-19T11:00:00Z,tile,,,,,,,,0.0005562181477332,"{""type"": ""Polygon"", ""coordinates"": [[[176.8517964, -39.4035189], [176.852153, -39.4099919], [176.8577159, -39.4098073], [176.8573588, -39.4033343], [176.8517964, -39.4035189]]]}",https://nz-imagery.s3-ap-southeast-2.amazonaws.com/hawkes-bay/hawkes-bay-cyclone-gabrielle_2023_0.1m/rgb/2193/BJ39_1000_3817.json,"{""visual"": ""https://nz-imagery.s3-ap-southeast-2.amazonaws.com/hawkes-bay/hawkes-bay-cyclone-gabrielle_2023_0.1m/rgb/2193/BJ39_1000_3817.tiff""}",https://nz-imagery.s3-ap-southeast-2.amazonaws.com/hawkes-bay/hawkes-bay-cyclone-gabrielle_2023_0.1m/rgb/2193/collection.json,BJ39_1000_3817,,0.1,01GTE4ZWCXRGNX6W0VC3SR6VJ5,
aerial,AERIAL,01GTE4ZWCXRGNX6W0VC3SR6VJ5:BJ39_1000_3818,post,,,2023-02-17T11:00:00Z,2023-02-19T11:00:00Z,tile,,,,,,,,0.0004546052186116,"{""type"": ""Polygon"", ""coordinates"": [[[176.8573588, -39.4033343], [176.8577159, -39.4098073], [176.8632788, -39.4096224], [176.8629211, -39.4031495], [176.8573588, -39.4033343]]]}",https://nz-imagery.s3-ap-southeast-2.amazonaws.com/hawkes-bay/hawkes-bay-cyclone-gabrielle_2023_0.1m/rgb/2193/BJ39_1000_3818.json,"{""visual"": ""https://nz-imagery.s3-ap-southeast-2.amazonaws.com/hawkes-bay/hawkes-bay-cyclone-gabrielle_2023_0.1m/rgb/2193/BJ39_1000_3818.tiff""}",https://nz-imagery.s3-ap-southeast-2.amazonaws.com/hawkes-bay/hawkes-bay-cyclone-gabrielle_2023_0.1m/rgb/2193/collection.json,BJ39_1000_3818,,0.1,01GTE4ZWCXRGNX6W0VC3SR6VJ5,
aerial,AERIAL,01GTE4ZWCXRGNX6W0VC3SR6VJ5:BJ39_1000_3819,post,,,2023-02-17T11:00:00Z,2023-02-19T11:00:00Z,tile,,,,,,,,8.876477983906792e-05,"{""type"": ""Polygon"", ""coordinates"": [[[176.8629211, -39.4031495], [176.8632788, -39.4096224], [176.8688416, -39.4094373], [176.8684834, -39.4029644], [176.8629211, -39.4031495]]]}",https://nz-imagery.s3-ap-southeast-2.amazonaws.com/hawkes-bay/hawkes-bay-cyclone-gabrielle_2023_0.1m/rgb/2193/BJ39_1000_3819.json,"{""visual"": ""https://nz-imagery.s3-ap-southeast-2.amazonaws.com/hawkes-bay/hawkes-bay-cyclone-gabrielle_2023_0.1m/rgb/2193/BJ39_1000_3819.tiff""}",https://nz-imagery.s3-ap-southeast-2.amazonaws.com/hawkes-bay/hawkes-bay-cyclone-gabrielle_2023_0.1m/rgb/2193/collection.json,BJ39_1000_3819,,0.1,01GTE4ZWCXRGNX6W0VC3SR6VJ5,
aerial,AERIAL,01GTE4ZWCXRGNX6W0VC3SR6VJ5:BJ39_1000_3820,post,,,2023-02-17T11:00:00Z,2023-02-19T11:00:00Z,tile,,,,,,,,2.7285861620667e-06,"{""type"": ""Polygon"", ""coordinates"": [[[176.8684834, -39.4029644], [176.8688416, -39.4094373], [176.8744044, -39.4092519], [176.8740457, -39.402779], [176.8684834, -39.4029644]]]}",https://nz-imagery.s3-ap-southeast-2.amazonaws.com/hawkes-bay/hawkes-bay-cyclone-gabrielle_2023_0.1m/rgb/2193/BJ39_1000_3820.json,"{""visual"": ""https://nz-imagery.s3-ap-southeast-2.amazonaws.com/hawkes-bay/hawkes-bay-cyclone-gabrielle_2023_0.1m/rgb/2193/BJ39_1000_3820.tiff""}",https://nz-imagery.s3-ap-southeast-2.amazonaws.com/hawkes-bay/hawkes-bay-cyclone-gabrielle_2023_0.1m/rgb/2193/collection.json,BJ39_1000_3820,,0.1,01GTE4ZWCXRGNX6W0VC3SR6VJ5,
aerial,AERIAL,01GTE4ZWCXRGNX6W0VC3SR6VJ5:BJ39_1000_3822,post,,,2023-02-17T11:00:00Z,2023-02-19T11:00:00Z,tile,,,,,,,,2.8913247866798263e-05,"{""type"": ""Polygon"", ""coordinates"": [[[176.8796079, -39.4025934], [176.8799671, -39.4090662], [176.8855298, -39.4088803], [176.88517, -39.4024075], [176.8796079, -39.4025934]]]}",https://nz-imagery.s3-ap-southeast-2.amazonaws.com/hawkes-bay/hawkes-bay-cyclone-gabrielle_2023_0.1m/rgb/2193/BJ39_1000_3822.json,"{""visual"": ""https://nz-imagery.s3-ap-southeast-2.amazonaws.com/hawkes-bay/hawkes-bay-cyclone-gabrielle_2023_0.1m/rgb/2193/BJ39_1000_3822.tiff""}",https://nz-imagery.s3-ap-southeast-2.amazonaws.com/hawkes-bay/hawkes-bay-cyclone-gabrielle_2023_0.1m/rgb/2193/collection.json,BJ39_1000_3822,,0.1,01GTE4ZWCXRGNX6W0VC3SR6VJ5,
aerial,AERIAL,01GTE4ZWCXRGNX6W0VC3SR6VJ5:BJ39_1000_3901,post,,,2023-02-17T11:00:00Z,2023-02-19T11:00:00Z,tile,,,,,,,,0.0012025001822557,"{""type"": ""Polygon"", ""coordinates"": [[[176.7631394, -39.4129095], [176.7634879, -39.4193832], [176.7690522, -39.4192028], [176.7687031, -39.4127292], [176.7631394, -39.4129095]]]}",https://nz-imagery.s3-ap-southeast-2.amazonaws.com/hawkes-bay/hawkes-bay-cyclone-gabrielle_2023_0.1m/rgb/2193/BJ39_1000_3901.json,"{""visual"": ""https://nz-imagery.s3-ap-southeast-2.amazonaws.com/hawkes-bay/hawkes-bay-cyclone-gabrielle_2023_0.1m/rgb/2193/BJ39_1000_3901.tiff""}",https://nz-imagery.s3-ap-southeast-2.amazonaws.com/hawkes-bay/hawkes-bay-cyclone-gabrielle_2023_0.1m/rgb/2193/collection.json,BJ39_1000_3901,,0.1,01GTE4ZWCXRGNX6W0VC3SR6VJ5,
aerial,AERIAL,01GTE4ZWCXRGNX6W0VC3SR6VJ5:BJ39_1000_3902,post,,,2023-02-17T11:00:00Z,2023-02-19T11:00:00Z,tile,,,,,,,,0.000744029273386,"{""type"": ""Polygon"", ""coordinates"": [[[176.7687031, -39.4127292], [176.7690522, -39.4192028], [176.7746164, -39.4190221], [176.7742668, -39.4125485], [176.7687031, -39.4127292]]]}",https://nz-imagery.s3-ap-southeast-2.amazonaws.com/hawkes-bay/hawkes-bay-cyclone-gabrielle_2023_0.1m/rgb/2193/BJ39_1000_3902.json,"{""visual"": ""https://nz-imagery.s3-ap-southeast-2.amazonaws.com/hawkes-bay/hawkes-bay-cyclone-gabrielle_2023_0.1m/rgb/2193/BJ39_1000_3902.tiff""}",https://nz-imagery.s3-ap-southeast-2.amazonaws.com/hawkes-bay/hawkes-bay-cyclone-gabrielle_2023_0.1m/rgb/2193/collection.json,BJ39_1000_3902,,0.1,01GTE4ZWCXRGNX6W0VC3SR6VJ5,
aerial,AERIAL,01GTE4ZWCXRGNX6W0VC3SR6VJ5:BJ39_1000_4001,post,,,2023-02-17T11:00:00Z,2023-02-19T11:00:00Z,tile,,,,,,,,3.261496824370588e-05,"{""type"": ""Polygon"", ""coordinates"": [[[176.7634879, -39.4193832], [176.7638366, -39.4258569], [176.7694014, -39.4256765], [176.7690522, -39.4192028], [176.7634879, -39.4193832]]]}",https://nz-imagery.s3-ap-southeast-2.amazonaws.com/hawkes-bay/hawkes-bay-cyclone-gabrielle_2023_0.1m/rgb/2193/BJ39_1000_4001.json,"{""visual"": ""https://nz-imagery.s3-ap-southeast-2.amazonaws.com/hawkes-bay/hawkes-bay-cyclone-gabrielle_2023_0.1m/rgb/2193/BJ39_1000_4001.tiff""}",https://nz-imagery.s3-ap-southeast-2.amazonaws.com/hawkes-bay/hawkes-bay-cyclone-gabrielle_2023_0.1m/rgb/2193/collection.json,BJ39_1000_4001,,0.1,01GTE4ZWCXRGNX6W0VC3SR6VJ5,
aerial,AERIAL,01GSXS7PYXDC5ZM0E1M96GVTEZ:BH38_5000_1009,pre,,,2021-11-20T11:00:00Z,2022-04-14T12:00:00Z,tile,,,,,,,,0.0073609350907844,"{""type"": ""Polygon"", ""coordinates"": [[[176.6928353, -39.1363031], [176.69453, -39.1686756], [176.7222538, -39.1677921], [176.7205465, -39.1354207], [176.6928353, -39.1363031]]]}",https://nz-imagery.s3-ap-southeast-2.amazonaws.com/hawkes-bay/hawkes-bay_2021-2022_0.3m/rgb/2193/BH38_5000_1009.json,"{""visual"": ""https://nz-imagery.s3-ap-southeast-2.amazonaws.com/hawkes-bay/hawkes-bay_2021-2022_0.3m/rgb/2193/BH38_5000_1009.tiff""}",https://nz-imagery.s3-ap-southeast-2.amazonaws.com/hawkes-bay/hawkes-bay_2021-2022_0.3m/rgb/2193/collection.json,BH38_5000_1009,,0.3,01GSXS7PYXDC5ZM0E1M96GVTEZ,
aerial,AERIAL,01GSXS7PYXDC5ZM0E1M96GVTEZ:BH38_5000_1010,pre,,,2021-11-20T11:00:00Z,2022-04-14T12:00:00Z,tile,,,,,,,,0.0207709498760194,"{""type"": ""Polygon"", ""coordinates"": [[[176.7205465, -39.1354207], [176.7222538, -39.1677921], [176.7499765, -39.1669021], [176.7482565, -39.1345316], [176.7205465, -39.1354207]]]}",https://nz-imagery.s3-ap-southeast-2.amazonaws.com/hawkes-bay/hawkes-bay_2021-2022_0.3m/rgb/2193/BH38_5000_1010.json,"{""visual"": ""https://nz-imagery.s3-ap-southeast-2.amazonaws.com/hawkes-bay/hawkes-bay_2021-2022_0.3m/rgb/2193/BH38_5000_1010.tiff""}",https://nz-imagery.s3-ap-southeast-2.amazonaws.com/hawkes-bay/hawkes-bay_2021-2022_0.3m/rgb/2193/collection.json,BH38_5000_1010,,0.3,01GSXS7PYXDC5ZM0E1M96GVTEZ,
aerial,AERIAL,01GSXS7PYXDC5ZM0E1M96GVTEZ:BH39_5000_1001,pre,,,2021-11-20T11:00:00Z,2022-04-14T12:00:00Z,tile,,,,,,,,0.0214948090423299,"{""type"": ""Polygon"", ""coordinates"": [[[176.7482565, -39.1345316], [176.7499765, -39.1669021], [176.7776979, -39.1660055], [176.7759652, -39.133636], [176.7482565, -39.1345316]]]}",https://nz-imagery.s3-ap-southeast-2.amazonaws.com/hawkes-bay/hawkes-bay_2021-2022_0.3m/rgb/2193/BH39_5000_1001.json,"{""visual"": ""https://nz-imagery.s3-ap-southeast-2.amazonaws.com/hawkes-bay/hawkes-bay_2021-2022_0.3m/rgb/2193/BH39_5000_1001.tiff""}",https://nz-imagery.s3-ap-southeast-2.amazonaws.com/hawkes-bay/hawkes-bay_2021-2022_0.3m/rgb/2193/collection.json,BH39_5000_1001,,0.3,01GSXS7PYXDC5ZM0E1M96GVTEZ,
aerial,AERIAL,01GSXS7PYXDC5ZM0E1M96GVTEZ:BH39_5000_1002,pre,,,2021-11-20T11:00:00Z,2022-04-14T12:00:00Z,tile,,,,,,,,1.957149261773701e-06,"{""type"": ""Polygon"", ""coordinates"": [[[176.7759652, -39.133636], [176.7776979, -39.1660055], [176.805418, -39.1651022], [176.8036728, -39.1327339], [176.7759652, -39.133636]]]}",https://nz-imagery.s3-ap-southeast-2.amazonaws.com/hawkes-bay/hawkes-bay_2021-2022_0.3m/rgb/2193/BH39_5000_1002.json,"{""visual"": ""https://nz-imagery.s3-ap-southeast-2.amazonaws.com/hawkes-bay/hawkes-bay_2021-2022_0.3m/rgb/2193/BH39_5000_1002.tiff""}",https://nz-imagery.s3-ap-southeast-2.amazonaws.com/hawkes-bay/hawkes-bay_2021-2022_0.3m/rgb/2193/collection.json,BH39_5000_1002,,0.3,01GSXS7PYXDC5ZM0E1M96GVTEZ,
aerial,AERIAL,01GSXS7PYXDC5ZM0E1M96GVTEZ:BJ38_5000_0109,pre,,,2021-11-20T11:00:00Z,2022-04-14T12:00:00Z,tile,,,,,,,,0.024357393178249,"{""type"": ""Polygon"", ""coordinates"": [[[176.69453, -39.1686756], [176.6962274, -39.2010478], [176.7239639, -39.2001634], [176.7222538, -39.1677921], [176.69453, -39.1686756]]]}",https://nz-imagery.s3-ap-southeast-2.amazonaws.com/hawkes-bay/hawkes-bay_2021-2022_0.3m/rgb/2193/BJ38_5000_0109.json,"{""visual"": ""https://nz-imagery.s3-ap-southeast-2.amazonaws.com/hawkes-bay/hawkes-bay_2021-2022_0.3m/rgb/2193/BJ38_5000_0109.tiff""}",https://nz-imagery.s3-ap-southeast-2.amazonaws.com/hawkes-bay/hawkes-bay_2021-2022_0.3m/rgb/2193/collection.json,BJ38_5000_0109,,0.3,01GSXS7PYXDC5ZM0E1M96GVTEZ,
aerial,AERIAL,01GSXS7PYXDC5ZM0E1M96GVTEZ:BJ38_5000_0110,pre,,,2021-11-20T11:00:00Z,2022-04-14T12:00:00Z,tile,,,,,,,,0.0322563564838162,"{""type"": ""Polygon"", ""coordinates"": [[[176.7222538, -39.1677921], [176.7239639, -39.2001634], [176.7516992, -39.1992723], [176.7499765, -39.1669021], [176.7222538, -39.1677921]]]}",https://nz-imagery.s3-ap-southeast-2.amazonaws.com/hawkes-bay/hawkes-bay_2021-2022_0.3m/rgb/2193/BJ38_5000_0110.json,"{""visual"": ""https://nz-imagery.s3-ap-southeast-2.amazonaws.com/hawkes-bay/hawkes-bay_2021-2022_0.3m/rgb/2193/BJ38_5000_0110.tiff""}",https://nz-imagery.s3-ap-southeast-2.amazonaws.com/hawkes-bay/hawkes-bay_2021-2022_0.3m/rgb/2193/collection.json,BJ38_5000_0110,,0.3,01GSXS7PYXDC5ZM0E1M96GVTEZ,
aerial,AERIAL,01GSXS7PYXDC5ZM0E1M96GVTEZ:BJ38_5000_0208,pre,,,2021-11-20T11:00:00Z,2022-04-14T12:00:00Z,tile,,,,,,,,0.0096785356587088,"{""type"": ""Polygon"", ""coordinates"": [[[176.6684897, -39.2019257], [176.6701771, -39.2342987], [176.6979276, -39.2334198], [176.6962274, -39.2010478], [176.6684897, -39.2019257]]]}",https://nz-imagery.s3-ap-southeast-2.amazonaws.com/hawkes-bay/hawkes-bay_2021-2022_0.3m/rgb/2193/BJ38_5000_0208.json,"{""visual"": ""https://nz-imagery.s3-ap-southeast-2.amazonaws.com/hawkes-bay/hawkes-bay_2021-2022_0.3m/rgb/2193/BJ38_5000_0208.tiff""}",https://nz-imagery.s3-ap-southeast-2.amazonaws.com/hawkes-bay/hawkes-bay_2021-2022_0.3m/rgb/2193/collection.json,BJ38_5000_0208,,0.3,01GSXS7PYXDC5ZM0E1M96GVTEZ,
aerial,AERIAL,01GSXS7PYXDC5ZM0E1M96GVTEZ:BJ38_5000_0209,pre,,,2021-11-20T11:00:00Z,2022-04-14T12:00:00Z,tile,,,,,,,,0.032238423478799,"{""type"": ""Polygon"", ""coordinates"": [[[176.6962274, -39.2010478], [176.6979276, -39.2334198], [176.7256768, -39.2325343], [176.7239639, -39.2001634], [176.6962274, -39.2010478]]]}",https://nz-imagery.s3-ap-southeast-2.amazonaws.com/hawkes-bay/hawkes-bay_2021-2022_0.3m/rgb/2193/BJ38_5000_0209.json,"{""visual"": ""https://nz-imagery.s3-ap-southeast-2.amazonaws.com/hawkes-bay/hawkes-bay_2021-2022_0.3m/rgb/2193/BJ38_5000_0209.tiff""}",https://nz-imagery.s3-ap-southeast-2.amazonaws.com/hawkes-bay/hawkes-bay_2021-2022_0.3m/rgb/2193/collection.json,BJ38_5000_0209,,0.3,01GSXS7PYXDC5ZM0E1M96GVTEZ,
aerial,AERIAL,01GSXS7PYXDC5ZM0E1M96GVTEZ:BJ38_5000_0210,pre,,,2021-11-20T11:00:00Z,2022-04-14T12:00:00Z,tile,,,,,,,,0.032256273788493,"{""type"": ""Polygon"", ""coordinates"": [[[176.7239639, -39.2001634], [176.7256768, -39.2325343], [176.7534248, -39.2316423], [176.7516992, -39.1992723], [176.7239639, -39.2001634]]]}",https://nz-imagery.s3-ap-southeast-2.amazonaws.com/hawkes-bay/hawkes-bay_2021-2022_0.3m/rgb/2193/BJ38_5000_0210.json,"{""visual"": ""https://nz-imagery.s3-ap-southeast-2.amazonaws.com/hawkes-bay/hawkes-bay_2021-2022_0.3m/rgb/2193/BJ38_5000_0210.tiff""}",https://nz-imagery.s3-ap-southeast-2.amazonaws.com/hawkes-bay/hawkes-bay_2021-2022_0.3m/rgb/2193/collection.json,BJ38_5000_0210,,0.3,01GSXS7PYXDC5ZM0E1M96GVTEZ,
aerial,AERIAL,01GSXS7PYXDC5ZM0E1M96GVTEZ:BJ38_5000_0308,pre,,,2021-11-20T11:00:00Z,2022-04-14T12:00:00Z,tile,,,,,,,,0.003887047849636,"{""type"": ""Polygon"", ""coordinates"": [[[176.6701771, -39.2342987], [176.6718673, -39.2666715], [176.6996305, -39.2657916], [176.6979276, -39.2334198], [176.6701771, -39.2342987]]]}",https://nz-imagery.s3-ap-southeast-2.amazonaws.com/hawkes-bay/hawkes-bay_2021-2022_0.3m/rgb/2193/BJ38_5000_0308.json,"{""visual"": ""https://nz-imagery.s3-ap-southeast-2.amazonaws.com/hawkes-bay/hawkes-bay_2021-2022_0.3m/rgb/2193/BJ38_5000_0308.tiff""}",https://nz-imagery.s3-ap-southeast-2.amazonaws.com/hawkes-bay/hawkes-bay_2021-2022_0.3m/rgb/2193/collection.json,BJ38_5000_0308,,0.3,01GSXS7PYXDC5ZM0E1M96GVTEZ,
aerial,AERIAL,01GSXS7PYXDC5ZM0E1M96GVTEZ:BJ38_5000_0309,pre,,,2021-11-20T11:00:00Z,2022-04-14T12:00:00Z,tile,,,,,,,,0.0293091750125201,"{""type"": ""Polygon"", ""coordinates"": [[[176.6979276, -39.2334198], [176.6996305, -39.2657916], [176.7273924, -39.2649051], [176.7256768, -39.2325343], [176.6979276, -39.2334198]]]}",https://nz-imagery.s3-ap-southeast-2.amazonaws.com/hawkes-bay/hawkes-bay_2021-2022_0.3m/rgb/2193/BJ38_5000_0309.json,"{""visual"": ""https://nz-imagery.s3-ap-southeast-2.amazonaws.com/hawkes-bay/hawkes-bay_2021-2022_0.3m/rgb/2193/BJ38_5000_0309.tiff""}",https://nz-imagery.s3-ap-southeast-2.amazonaws.com/hawkes-bay/hawkes-bay_2021-2022_0.3m/rgb/2193/collection.json,BJ38_5000_0309,,0.3,01GSXS7PYXDC5ZM0E1M96GVTEZ,
aerial,AERIAL,01GSXS7PYXDC5ZM0E1M96GVTEZ:BJ38_5000_0310,pre,,,2021-11-20T11:00:00Z,2022-04-14T12:00:00Z,tile,,,,,,,,0.0322563201947102,"{""type"": ""Polygon"", ""coordinates"": [[[176.7256768, -39.2325343], [176.7273924, -39.2649051], [176.7551531, -39.264012], [176.7534248, -39.2316423], [176.7256768, -39.2325343]]]}",https://nz-imagery.s3-ap-southeast-2.amazonaws.com/hawkes-bay/hawkes-bay_2021-2022_0.3m/rgb/2193/BJ38_5000_0310.json,"{""visual"": ""https://nz-imagery.s3-ap-southeast-2.amazonaws.com/hawkes-bay/hawkes-bay_2021-2022_0.3m/rgb/2193/BJ38_5000_0310.tiff""}",https://nz-imagery.s3-ap-southeast-2.amazonaws.com/hawkes-bay/hawkes-bay_2021-2022_0.3m/rgb/2193/collection.json,BJ38_5000_0310,,0.3,01GSXS7PYXDC5ZM0E1M96GVTEZ,
aerial,AERIAL,01GSXS7PYXDC5ZM0E1M96GVTEZ:BJ38_5000_0409,pre,,,2021-11-20T11:00:00Z,2022-04-14T12:00:00Z,tile,,,,,,,,0.0195666366479033,"{""type"": ""Polygon"", ""coordinates"": [[[176.6996305, -39.2657916], [176.7013362, -39.2981631], [176.7291108, -39.2972756], [176.7273924, -39.2649051], [176.6996305, -39.2657916]]]}",https://nz-imagery.s3-ap-southeast-2.amazonaws.com/hawkes-bay/hawkes-bay_2021-2022_0.3m/rgb/2193/BJ38_5000_0409.json,"{""visual"": ""https://nz-imagery.s3-ap-southeast-2.amazonaws.com/hawkes-bay/hawkes-bay_2021-2022_0.3m/rgb/2193/BJ38_5000_0409.tiff""}",https://nz-imagery.s3-ap-southeast-2.amazonaws.com/hawkes-bay/hawkes-bay_2021-2022_0.3m/rgb/2193/collection.json,BJ38_5000_0409,,0.3,01GSXS7PYXDC5ZM0E1M96GVTEZ,
aerial,AERIAL,01GSXS7PYXDC5ZM0E1M96GVTEZ:BJ38_5000_0410,pre,,,2021-11-20T11:00:00Z,2022-04-14T12:00:00Z,tile,,,,,,,,0.0322562528268696,"{""type"": ""Polygon"", ""coordinates"": [[[176.7273924, -39.2649051], [176.7291108, -39.2972756], [176.7568842, -39.2963814], [176.7551531, -39.264012], [176.7273924, -39.2649051]]]}",https://nz-imagery.s3-ap-southeast-2.amazonaws.com/hawkes-bay/hawkes-bay_2021-2022_0.3m/rgb/2193/BJ38_5000_0410.json,"{""visual"": ""https://nz-imagery.s3-ap-southeast-2.amazonaws.com/hawkes-bay/hawkes-bay_2021-2022_0.3m/rgb/2193/BJ38_5000_0410.tiff""}",https://nz-imagery.s3-ap-southeast-2.amazonaws.com/hawkes-bay/hawkes-bay_2021-2022_0.3m/rgb/2193/collection.json,BJ38_5000_0410,,0.3,01GSXS7PYXDC5ZM0E1M96GVTEZ,
aerial,AERIAL,01GSXS7PYXDC5ZM0E1M96GVTEZ:BJ38_5000_0509,pre,,,2021-11-20T11:00:00Z,2022-04-14T12:00:00Z,tile,,,,,,,,0.0102206953394652,"{""type"": ""Polygon"", ""coordinates"": [[[176.7013362, -39.2981631], [176.7030446, -39.3305344], [176.730832, -39.3296458], [176.7291108, -39.2972756], [176.7013362, -39.2981631]]]}",https://nz-imagery.s3-ap-southeast-2.amazonaws.com/hawkes-bay/hawkes-bay_2021-2022_0.3m/rgb/2193/BJ38_5000_0509.json,"{""visual"": ""https://nz-imagery.s3-ap-southeast-2.amazonaws.com/hawkes-bay/hawkes-bay_2021-2022_0.3m/rgb/2193/BJ38_5000_0509.tiff""}",https://nz-imagery.s3-ap-southeast-2.amazonaws.com/hawkes-bay/hawkes-bay_2021-2022_0.3m/rgb/2193/collection.json,BJ38_5000_0509,,0.3,01GSXS7PYXDC5ZM0E1M96GVTEZ,
aerial,AERIAL,01GSXS7PYXDC5ZM0E1M96GVTEZ:BJ38_5000_0510,pre,,,2021-11-20T11:00:00Z,2022-04-14T12:00:00Z,tile,,,,,,,,0.0321489075895569,"{""type"": ""Polygon"", ""coordinates"": [[[176.7291108, -39.2972756], [176.730832, -39.3296458], [176.7586181, -39.3287507], [176.7568842, -39.2963814], [176.7291108, -39.2972756]]]}",https://nz-imagery.s3-ap-southeast-2.amazonaws.com/hawkes-bay/hawkes-bay_2021-2022_0.3m/rgb/2193/BJ38_5000_0510.json,"{""visual"": ""https://nz-imagery.s3-ap-southeast-2.amazonaws.com/hawkes-bay/hawkes-bay_2021-2022_0.3m/rgb/2193/BJ38_5000_0510.tiff""}",https://nz-imagery.s3-ap-southeast-2.amazonaws.com/hawkes-bay/hawkes-bay_2021-2022_0.3m/rgb/2193/collection.json,BJ38_5000_0510,,0.3,01GSXS7PYXDC5ZM0E1M96GVTEZ,
aerial,AERIAL,01GSXS7PYXDC5ZM0E1M96GVTEZ:BJ38_5000_0610,pre,,,2021-11-20T11:00:00Z,2022-04-14T12:00:00Z,tile,,,,,,,,0.025502740244034,"{""type"": ""Polygon"", ""coordinates"": [[[176.730832, -39.3296458], [176.7325559, -39.3620159], [176.7603548, -39.3611197], [176.7586181, -39.3287507], [176.730832, -39.3296458]]]}",https://nz-imagery.s3-ap-southeast-2.amazonaws.com/hawkes-bay/hawkes-bay_2021-2022_0.3m/rgb/2193/BJ38_5000_0610.json,"{""visual"": ""https://nz-imagery.s3-ap-southeast-2.amazonaws.com/hawkes-bay/hawkes-bay_2021-2022_0.3m/rgb/2193/BJ38_5000_0610.tiff""}",https://nz-imagery.s3-ap-southeast-2.amazonaws.com/hawkes-bay/hawkes-bay_2021-2022_0.3m/rgb/2193/collection.json,BJ38_5000_0610,,0.3,01GSXS7PYXDC5ZM0E1M96GVTEZ,
aerial,AERIAL,01GSXS7PYXDC5ZM0E1M96GVTEZ:BJ38_5000_0709,pre,,,2021-11-20T11:00:00Z,2022-04-14T12:00:00Z,tile,,,,,,,,6.540564353062684e-06,"{""type"": ""Polygon"", ""coordinates"": [[[176.7047557, -39.3629054], [176.7064697, -39.3952762], [176.7342826, -39.3943856], [176.7325559, -39.3620159], [176.7047557, -39.3629054]]]}",https://nz-imagery.s3-ap-southeast-2.amazonaws.com/hawkes-bay/hawkes-bay_2021-2022_0.3m/rgb/2193/BJ38_5000_0709.json,"{""visual"": ""https://nz-imagery.s3-ap-southeast-2.amazonaws.com/hawkes-bay/hawkes-bay_2021-2022_0.3m/rgb/2193/BJ38_5000_0709.tiff""}",https://nz-imagery.s3-ap-southeast-2.amazonaws.com/hawkes-bay/hawkes-bay_2021-2022_0.3m/rgb/2193/collection.json,BJ38_5000_0709,,0.3,01GSXS7PYXDC5ZM0E1M96GVTEZ,
aerial,AERIAL,01GSXS7PYXDC5ZM0E1M96GVTEZ:BJ38_5000_0710,pre,,,2021-11-20T11:00:00Z,2022-04-14T12:00:00Z,tile,,,,,,,,0.0275498557736563,"{""type"": ""Polygon"", ""coordinates"": [[[176.7325559, -39.3620159], [176.7342826, -39.3943856], [176.7620943, -39.3934884], [176.7603548, -39.3611197], [176.7325559, -39.3620159]]]}",https://nz-imagery.s3-ap-southeast-2.amazonaws.com/hawkes-bay/hawkes-bay_2021-2022_0.3m/rgb/2193/BJ38_5000_0710.json,"{""visual"": ""https://nz-imagery.s3-ap-southeast-2.amazonaws.com/hawkes-bay/hawkes-bay_2021-2022_0.3m/rgb/2193/BJ38_5000_0710.tiff""}",https://nz-imagery.s3-ap-southeast-2.amazonaws.com/hawkes-bay/hawkes-bay_2021-2022_0.3m/rgb/2193/collection.json,BJ38_5000_0710,,0.3,01GSXS7PYXDC5ZM0E1M96GVTEZ,
aerial,AERIAL,01GSXS7PYXDC5ZM0E1M96GVTEZ:BJ38_5000_0810,pre,,,2021-11-20T11:00:00Z,2022-04-14T12:00:00Z,tile,,,,,,,,0.0107580737135355,"{""type"": ""Polygon"", ""coordinates"": [[[176.7342826, -39.3943856], [176.7360121, -39.4267551], [176.7638366, -39.4258569], [176.7620943, -39.3934884], [176.7342826, -39.3943856]]]}",https://nz-imagery.s3-ap-southeast-2.amazonaws.com/hawkes-bay/hawkes-bay_2021-2022_0.3m/rgb/2193/BJ38_5000_0810.json,"{""visual"": ""https://nz-imagery.s3-ap-southeast-2.amazonaws.com/hawkes-bay/hawkes-bay_2021-2022_0.3m/rgb/2193/BJ38_5000_0810.tiff""}",https://nz-imagery.s3-ap-southeast-2.amazonaws.com/hawkes-bay/hawkes-bay_2021-2022_0.3m/rgb/2193/collection.json,BJ38_5000_0810,,0.3,01GSXS7PYXDC5ZM0E1M96GVTEZ,
aerial,AERIAL,01GSXS7PYXDC5ZM0E1M96GVTEZ:BJ39_5000_0101,pre,,,2021-11-20T11:00:00Z,2022-04-14T12:00:00Z,tile,,,,,,,,0.0322471869329398,"{""type"": ""Polygon"", ""coordinates"": [[[176.7499765, -39.1669021], [176.7516992, -39.1992723], [176.7794333, -39.1983746], [176.7776979, -39.1660055], [176.7499765, -39.1669021]]]}",https://nz-imagery.s3-ap-southeast-2.amazonaws.com/hawkes-bay/hawkes-bay_2021-2022_0.3m/rgb/2193/BJ39_5000_0101.json,"{""visual"": ""https://nz-imagery.s3-ap-southeast-2.amazonaws.com/hawkes-bay/hawkes-bay_2021-2022_0.3m/rgb/2193/BJ39_5000_0101.tiff""}",https://nz-imagery.s3-ap-southeast-2.amazonaws.com/hawkes-bay/hawkes-bay_2021-2022_0.3m/rgb/2193/collection.json,BJ39_5000_0101,,0.3,01GSXS7PYXDC5ZM0E1M96GVTEZ,
aerial,AERIAL,01GSXS7PYXDC5ZM0E1M96GVTEZ:BJ39_5000_0102,pre,,,2021-11-20T11:00:00Z,2022-04-14T12:00:00Z,tile,,,,,,,,0.0163580761631714,"{""type"": ""Polygon"", ""coordinates"": [[[176.7776979, -39.1660055], [176.7794333, -39.1983746], [176.8071661, -39.1974704], [176.805418, -39.1651022], [176.7776979, -39.1660055]]]}",https://nz-imagery.s3-ap-southeast-2.amazonaws.com/hawkes-bay/hawkes-bay_2021-2022_0.3m/rgb/2193/BJ39_5000_0102.json,"{""visual"": ""https://nz-imagery.s3-ap-southeast-2.amazonaws.com/hawkes-bay/hawkes-bay_2021-2022_0.3m/rgb/2193/BJ39_5000_0102.tiff""}",https://nz-imagery.s3-ap-southeast-2.amazonaws.com/hawkes-bay/hawkes-bay_2021-2022_0.3m/rgb/2193/collection.json,BJ39_5000_0102,,0.3,01GSXS7PYXDC5ZM0E1M96GVTEZ,
aerial,AERIAL,01GSXS7PYXDC5ZM0E1M96GVTEZ:BJ39_5000_0201,pre,,,2021-11-20T11:00:00Z,2022-04-14T12:00:00Z,tile,,,,,,,,0.0322563344413654,"{""type"": ""Polygon"", ""coordinates"": [[[176.7516992, -39.1992723], [176.7534248, -39.2316423], [176.7811715, -39.2307436], [176.7794333, -39.1983746], [176.7516992, -39.1992723]]]}",https://nz-imagery.s3-ap-southeast-2.amazonaws.com/hawkes-bay/hawkes-bay_2021-2022_0.3m/rgb/2193/BJ39_5000_0201.json,"{""visual"": ""https://nz-imagery.s3-ap-southeast-2.amazonaws.com/hawkes-bay/hawkes-bay_2021-2022_0.3m/rgb/2193/BJ39_5000_0201.tiff""}",https://nz-imagery.s3-ap-southeast-2.amazonaws.com/hawkes-bay/hawkes-bay_2021-2022_0.3m/rgb/2193/collection.json,BJ39_5000_0201,,0.3,01GSXS7PYXDC5ZM0E1M96GVTEZ,
aerial,AERIAL,01GSXS7PYXDC5ZM0E1M96GVTEZ:BJ39_5000_0202,pre,,,2021-11-20T11:00:00Z,2022-04-14T12:00:00Z,tile,,,,,,,,0.0309646767545542,"{""type"": ""Polygon"", ""coordinates"": [[[176.7794333, -39.1983746], [176.7811715, -39.2307436], [176.808917, -39.2298383], [176.8071661, -39.1974704], [176.7794333, -39.1983746]]]}",https://nz-imagery.s3-ap-southeast-2.amazonaws.com/hawkes-bay/hawkes-bay_2021-2022_0.3m/rgb/2193/BJ39_5000_0202.json,"{""visual"": ""https://nz-imagery.s3-ap-southeast-2.amazonaws.com/hawkes-bay/hawkes-bay_2021-2022_0.3m/rgb/2193/BJ39_5000_0202.tiff""}",https://nz-imagery.s3-ap-southeast-2.amazonaws.com/hawkes-bay/hawkes-bay_2021-2022_0.3m/rgb/2193/collection.json,BJ39_5000_0202,,0.3,01GSXS7PYXDC5ZM0E1M96GVTEZ,
aerial,AERIAL,01GSXS7PYXDC5ZM0E1M96GVTEZ:BJ39_5000_0203,pre,,,2021-11-20T11:00:00Z,2022-04-14T12:00:00Z,tile,,,,,,,,0.003800365626679,"{""type"": ""Polygon"", ""coordinates"": [[[176.8071661, -39.1974704], [176.808917, -39.2298383], [176.8366613, -39.2289264], [176.8348977, -39.1965596], [176.8071661, -39.1974704]]]}",https://nz-imagery.s3-ap-southeast-2.amazonaws.com/hawkes-bay/hawkes-bay_2021-2022_0.3m/rgb/2193/BJ39_5000_0203.json,"{""visual"": ""https://nz-imagery.s3-ap-southeast-2.amazonaws.com/hawkes-bay/hawkes-bay_2021-2022_0.3m/rgb/2193/BJ39_5000_0203.tiff""}",https://nz-imagery.s3-ap-southeast-2.amazonaws.com/hawkes-bay/hawkes-bay_2021-2022_0.3m/rgb/2193/collection.json,BJ39_5000_0203,,0.3,01GSXS7PYXDC5ZM0E1M96GVTEZ,
aerial,AERIAL,01GSXS7PYXDC5ZM0E1M96GVTEZ:BJ39_5000_0301,pre,,,2021-11-20T11:00:00Z,2022-04-14T12:00:00Z,tile,,,,,,,,0.0322562868827488,"{""type"": ""Polygon"", ""coordinates"": [[[176.7534248, -39.2316423], [176.7551531, -39.264012], [176.7829126, -39.2631123], [176.7811715, -39.2307436], [176.7534248, -39.2316423]]]}",https://nz-imagery.s3-ap-southeast-2.amazonaws.com/hawkes-bay/hawkes-bay_2021-2022_0.3m/rgb/2193/BJ39_5000_0301.json,"{""visual"": ""https://nz-imagery.s3-ap-southeast-2.amazonaws.com/hawkes-bay/hawkes-bay_2021-2022_0.3m/rgb/2193/BJ39_5000_0301.tiff""}",https://nz-imagery.s3-ap-southeast-2.amazonaws.com/hawkes-bay/hawkes-bay_2021-2022_0.3m/rgb/2193/collection.json,BJ39_5000_0301,,0.3,01GSXS7PYXDC5ZM0E1M96GVTEZ,
aerial,AERIAL,01GSXS7PYXDC5ZM0E1M96GVTEZ:BJ39_5000_0302,pre,,,2021-11-20T11:00:00Z,2022-04-14T12:00:00Z,tile,,,,,,,,0.0322562718009821,"{""type"": ""Polygon"", ""coordinates"": [[[176.7811715, -39.2307436], [176.7829126, -39.2631123], [176.8106708, -39.2622059], [176.808917, -39.2298383], [176.7811715, -39.2307436]]]}",https://nz-imagery.s3-ap-southeast-2.amazonaws.com/hawkes-bay/hawkes-bay_2021-2022_0.3m/rgb/2193/BJ39_5000_0302.json,"{""visual"": ""https://nz-imagery.s3-ap-southeast-2.amazonaws.com/hawkes-bay/hawkes-bay_2021-2022_0.3m/rgb/2193/BJ39_5000_0302.tiff""}",https://nz-imagery.s3-ap-southeast-2.amazonaws.com/hawkes-bay/hawkes-bay_2021-2022_0.3m/rgb/2193/collection.json,BJ39_5000_0302,,0.3,01GSXS7PYXDC5ZM0E1M96GVTEZ,
aerial,AERIAL,01GSXS7PYXDC5ZM0E1M96GVTEZ:BJ39_5000_0303,pre,,,2021-11-20T11:00:00Z,2022-04-14T12:00:00Z,tile,,,,,,,,0.0131919861995613,"{""type"": ""Polygon"", ""coordinates"": [[[176.808917, -39.2298383], [176.8106708, -39.2622059], [176.8384277, -39.261293], [176.8366613, -39.2289264], [176.808917, -39.2298383]]]}",https://nz-imagery.s3-ap-southeast-2.amazonaws.com/hawkes-bay/hawkes-bay_2021-2022_0.3m/rgb/2193/BJ39_5000_0303.json,"{""visual"": ""https://nz-imagery.s3-ap-southeast-2.amazonaws.com/hawkes-bay/hawkes-bay_2021-2022_0.3m/rgb/2193/BJ39_5000_0303.tiff""}",https://nz-imagery.s3-ap-southeast-2.amazonaws.com/hawkes-bay/hawkes-bay_2021-2022_0.3m/rgb/2193/collection.json,BJ39_5000_0303,,0.3,01GSXS7PYXDC5ZM0E1M96GVTEZ,
aerial,AERIAL,01GSXS7PYXDC5ZM0E1M96GVTEZ:BJ39_5000_0401,pre,,,2021-11-20T11:00:00Z,2022-04-14T12:00:00Z,tile,,,,,,,,0.0322562720729415,"{""type"": ""Polygon"", ""coordinates"": [[[176.7551531, -39.264012], [176.7568842, -39.2963814], [176.7846564, -39.2954807], [176.7829126, -39.2631123], [176.7551531, -39.264012]]]}",https://nz-imagery.s3-ap-southeast-2.amazonaws.com/hawkes-bay/hawkes-bay_2021-2022_0.3m/rgb/2193/BJ39_5000_0401.json,"{""visual"": ""https://nz-imagery.s3-ap-southeast-2.amazonaws.com/hawkes-bay/hawkes-bay_2021-2022_0.3m/rgb/2193/BJ39_5000_0401.tiff""}",https://nz-imagery.s3-ap-southeast-2.amazonaws.com/hawkes-bay/hawkes-bay_2021-2022_0.3m/rgb/2193/collection.json,BJ39_5000_0401,,0.3,01GSXS7PYXDC5ZM0E1M96GVTEZ,
aerial,AERIAL,01GSXS7PYXDC5ZM0E1M96GVTEZ:BJ39_5000_0402,pre,,,2021-11-20T11:00:00Z,2022-04-14T12:00:00Z,tile,,,,,,,,0.0322562525816249,"{""type"": ""Polygon"", ""coordinates"": [[[176.7829126, -39.2631123], [176.7846564, -39.2954807], [176.8124273, -39.2945733], [176.8106708, -39.2622059], [176.7829126, -39.2631123]]]}",https://nz-imagery.s3-ap-southeast-2.amazonaws.com/hawkes-bay/hawkes-bay_2021-2022_0.3m/rgb/2193/BJ39_5000_0402.json,"{""visual"": ""https://nz-imagery.s3-ap-southeast-2.amazonaws.com/hawkes-bay/hawkes-bay_2021-2022_0.3m/rgb/2193/BJ39_5000_0402.tiff""}",https://nz-imagery.s3-ap-southeast-2.amazonaws.com/hawkes-bay/hawkes-bay_2021-2022_0.3m/rgb/2193/collection.json,BJ39_5000_0402,,0.3,01GSXS7PYXDC5ZM0E1M96GVTEZ,
aerial,AERIAL,01GSXS7PYXDC5ZM0E1M96GVTEZ:BJ39_5000_0403,pre,,,2021-11-20T11:00:00Z,2022-04-14T12:00:00Z,tile,,,,,,,,0.0162234248335064,"{""type"": ""Polygon"", ""coordinates"": [[[176.8106708, -39.2622059], [176.8124273, -39.2945733], [176.840197, -39.2936594], [176.8384277, -39.261293], [176.8106708, -39.2622059]]]}",https://nz-imagery.s3-ap-southeast-2.amazonaws.com/hawkes-bay/hawkes-bay_2021-2022_0.3m/rgb/2193/BJ39_5000_0403.json,"{""visual"": ""https://nz-imagery.s3-ap-southeast-2.amazonaws.com/hawkes-bay/hawkes-bay_2021-2022_0.3m/rgb/2193/BJ39_5000_0403.tiff""}",https://nz-imagery.s3-ap-southeast-2.amazonaws.com/hawkes-bay/hawkes-bay_2021-2022_0.3m/rgb/2193/collection.json,BJ39_5000_0403,,0.3,01GSXS7PYXDC5ZM0E1M96GVTEZ,
aerial,AERIAL,01GSXS7PYXDC5ZM0E1M96GVTEZ:BJ39_5000_0501,pre,,,2021-11-20T11:00:00Z,2022-04-14T12:00:00Z,tile,,,,,,,,0.0322563295013865,"{""type"": ""Polygon"", ""coordinates"": [[[176.7568842, -39.2963814], [176.7586181, -39.3287507], [176.786403, -39.3278489], [176.7846564, -39.2954807], [176.7568842, -39.2963814]]]}",https://nz-imagery.s3-ap-southeast-2.amazonaws.com/hawkes-bay/hawkes-bay_2021-2022_0.3m/rgb/2193/BJ39_5000_0501.json,"{""visual"": ""https://nz-imagery.s3-ap-southeast-2.amazonaws.com/hawkes-bay/hawkes-bay_2021-2022_0.3m/rgb/2193/BJ39_5000_0501.tiff""}",https://nz-imagery.s3-ap-southeast-2.amazonaws.com/hawkes-bay/hawkes-bay_2021-2022_0.3m/rgb/2193/collection.json,BJ39_5000_0501,,0.3,01GSXS7PYXDC5ZM0E1M96GVTEZ,
aerial,AERIAL,01GSXS7PYXDC5ZM0E1M96GVTEZ:BJ39_5000_0502,pre,,,2021-11-20T11:00:00Z,2022-04-14T12:00:00Z,tile,,,,,,,,0.0322563191065857,"{""type"": ""Polygon"", ""coordinates"": [[[176.7846564, -39.2954807], [176.786403, -39.3278489], [176.8141867, -39.3269405], [176.8124273, -39.2945733], [176.7846564, -39.2954807]]]}",https://nz-imagery.s3-ap-southeast-2.amazonaws.com/hawkes-bay/hawkes-bay_2021-2022_0.3m/rgb/2193/BJ39_5000_0502.json,"{""visual"": ""https://nz-imagery.s3-ap-southeast-2.amazonaws.com/hawkes-bay/hawkes-bay_2021-2022_0.3m/rgb/2193/BJ39_5000_0502.tiff""}",https://nz-imagery.s3-ap-southeast-2.amazonaws.com/hawkes-bay/hawkes-bay_2021-2022_0.3m/rgb/2193/collection.json,BJ39_5000_0502,,0.3,01GSXS7PYXDC5ZM0E1M96GVTEZ,
aerial,AERIAL,01GSXS7PYXDC5ZM0E1M96GVTEZ:BJ39_5000_0503,pre,,,2021-11-20T11:00:00Z,2022-04-14T12:00:00Z,tile,,,,,,,,0.0195821654003355,"{""type"": ""Polygon"", ""coordinates"": [[[176.8124273, -39.2945733], [176.8141867, -39.3269405], [176.8419691, -39.3260255], [176.840197, -39.2936594], [176.8124273, -39.2945733]]]}",https://nz-imagery.s3-ap-southeast-2.amazonaws.com/hawkes-bay/hawkes-bay_2021-2022_0.3m/rgb/2193/BJ39_5000_0503.json,"{""visual"": ""https://nz-imagery.s3-ap-southeast-2.amazonaws.com/hawkes-bay/hawkes-bay_2021-2022_0.3m/rgb/2193/BJ39_5000_0503.tiff""}",https://nz-imagery.s3-ap-southeast-2.amazonaws.com/hawkes-bay/hawkes-bay_2021-2022_0.3m/rgb/2193/collection.json,BJ39_5000_0503,,0.3,01GSXS7PYXDC5ZM0E1M96GVTEZ,
aerial,AERIAL,01GSXS7PYXDC5ZM0E1M96GVTEZ:BJ39_5000_0601,pre,,,2021-11-20T11:00:00Z,2022-04-14T12:00:00Z,tile,,,,,,,,0.0322563232851137,"{""type"": ""Polygon"", ""coordinates"": [[[176.7586181, -39.3287507], [176.7603548, -39.3611197], [176.7881525, -39.3602169], [176.786403, -39.3278489], [176.7586181, -39.3287507]]]}",https://nz-imagery.s3-ap-southeast-2.amazonaws.com/hawkes-bay/hawkes-bay_2021-2022_0.3m/rgb/2193/BJ39_5000_0601.json,"{""visual"": ""https://nz-imagery.s3-ap-southeast-2.amazonaws.com/hawkes-bay/hawkes-bay_2021-2022_0.3m/rgb/2193/BJ39_5000_0601.tiff""}",https://nz-imagery.s3-ap-southeast-2.amazonaws.com/hawkes-bay/hawkes-bay_2021-2022_0.3m/rgb/2193/collection.json,BJ39_5000_0601,,0.3,01GSXS7PYXDC5ZM0E1M96GVTEZ,
aerial,AERIAL,01GSXS7PYXDC5ZM0E1M96GVTEZ:BJ39_5000_0602,pre,,,2021-11-20T11:00:00Z,2022-04-14T12:00:00Z,tile,,,,,,,,0.0322563153025033,"{""type"": ""Polygon"", ""coordinates"": [[[176.786403, -39.3278489], [176.7881525, -39.3602169], [176.8159489, -39.3593074], [176.8141867, -39.3269405], [176.786403, -39.3278489]]]}",https://nz-imagery.s3-ap-southeast-2.amazonaws.com/hawkes-bay/hawkes-bay_2021-2022_0.3m/rgb/2193/BJ39_5000_0602.json,"{""visual"": ""https://nz-imagery.s3-ap-southeast-2.amazonaws.com/hawkes-bay/hawkes-bay_2021-2022_0.3m/rgb/2193/BJ39_5000_0602.tiff""}",https://nz-imagery.s3-ap-southeast-2.amazonaws.com/hawkes-bay/hawkes-bay_2021-2022_0.3m/rgb/2193/collection.json,BJ39_5000_0602,,0.3,01GSXS7PYXDC5ZM0E1M96GVTEZ,
aerial,AERIAL,01GSXS7PYXDC5ZM0E1M96GVTEZ:BJ39_5000_0603,pre,,,2021-11-20T11:00:00Z,2022-04-14T12:00:00Z,tile,,,,,,,,0.0159240421194486,"{""type"": ""Polygon"", ""coordinates"": [[[176.8141867, -39.3269405], [176.8159489, -39.3593074], [176.8437441, -39.3583914], [176.8419691, -39.3260255], [176.8141867, -39.3269405]]]}",https://nz-imagery.s3-ap-southeast-2.amazonaws.com/hawkes-bay/hawkes-bay_2021-2022_0.3m/rgb/2193/BJ39_5000_0603.json,"{""visual"": ""https://nz-imagery.s3-ap-southeast-2.amazonaws.com/hawkes-bay/hawkes-bay_2021-2022_0.3m/rgb/2193/BJ39_5000_0603.tiff""}",https://nz-imagery.s3-ap-southeast-2.amazonaws.com/hawkes-bay/hawkes-bay_2021-2022_0.3m/rgb/2193/collection.json,BJ39_5000_0603,,0.3,01GSXS7PYXDC5ZM0E1M96GVTEZ,
aerial,AERIAL,01GSXS7PYXDC5ZM0E1M96GVTEZ:BJ39_5000_0701,pre,,,2021-11-20T11:00:00Z,2022-04-14T12:00:00Z,tile,,,,,,,,0.0322562967746211,"{""type"": ""Polygon"", ""coordinates"": [[[176.7603548, -39.3611197], [176.7620943, -39.3934884], [176.7899048, -39.3925846], [176.7881525, -39.3602169], [176.7603548, -39.3611197]]]}",https://nz-imagery.s3-ap-southeast-2.amazonaws.com/hawkes-bay/hawkes-bay_2021-2022_0.3m/rgb/2193/BJ39_5000_0701.json,"{""visual"": ""https://nz-imagery.s3-ap-southeast-2.amazonaws.com/hawkes-bay/hawkes-bay_2021-2022_0.3m/rgb/2193/BJ39_5000_0701.tiff""}",https://nz-imagery.s3-ap-southeast-2.amazonaws.com/hawkes-bay/hawkes-bay_2021-2022_0.3m/rgb/2193/collection.json,BJ39_5000_0701,,0.3,01GSXS7PYXDC5ZM0E1M96GVTEZ,
aerial,AERIAL,01GSXS7PYXDC5ZM0E1M96GVTEZ:BJ39_5000_0702,pre,,,2021-11-20T11:00:00Z,2022-04-14T12:00:00Z,tile,,,,,,,,0.0319593384697884,"{""type"": ""Polygon"", ""coordinates"": [[[176.7881525, -39.3602169], [176.7899048, -39.3925846], [176.817714, -39.3916741], [176.8159489, -39.3593074], [176.7881525, -39.3602169]]]}",https://nz-imagery.s3-ap-southeast-2.amazonaws.com/hawkes-bay/hawkes-bay_2021-2022_0.3m/rgb/2193/BJ39_5000_0702.json,"{""visual"": ""https://nz-imagery.s3-ap-southeast-2.amazonaws.com/hawkes-bay/hawkes-bay_2021-2022_0.3m/rgb/2193/BJ39_5000_0702.tiff""}",https://nz-imagery.s3-ap-southeast-2.amazonaws.com/hawkes-bay/hawkes-bay_2021-2022_0.3m/rgb/2193/collection.json,BJ39_5000_0702,,0.3,01GSXS7PYXDC5ZM0E1M96GVTEZ,
aerial,AERIAL,01GSXS7PYXDC5ZM0E1M96GVTEZ:BJ39_5000_0703,pre,,,2021-11-20T11:00:00Z,2022-04-14T12:00:00Z,tile,,,,,,,,0.0252703372469862,"{""type"": ""Polygon"", ""coordinates"": [[[176.8159489, -39.3593074], [176.817714, -39.3916741], [176.8455219, -39.390757], [176.8437441, -39.3583914], [176.8159489, -39.3593074]]]}",https://nz-imagery.s3-ap-southeast-2.amazonaws.com/hawkes-bay/hawkes-bay_2021-2022_0.3m/rgb/2193/BJ39_5000_0703.json,"{""visual"": ""https://nz-imagery.s3-ap-southeast-2.amazonaws.com/hawkes-bay/hawkes-bay_2021-2022_0.3m/rgb/2193/BJ39_5000_0703.tiff""}",https://nz-imagery.s3-ap-southeast-2.amazonaws.com/hawkes-bay/hawkes-bay_2021-2022_0.3m/rgb/2193/collection.json,BJ39_5000_0703,,0.3,01GSXS7PYXDC5ZM0E1M96GVTEZ,
aerial,AERIAL,01GSXS7PYXDC5ZM0E1M96GVTEZ:BJ39_5000_0704,pre,,,2021-11-20T11:00:00Z,2022-04-14T12:00:00Z,tile,,,,,,,,0.0120120929749459,"{""type"": ""Polygon"", ""coordinates"": [[[176.8437441, -39.3583914], [176.8455219, -39.390757], [176.8733286, -39.3898332], [176.871538, -39.3574687], [176.8437441, -39.3583914]]]}",https://nz-imagery.s3-ap-southeast-2.amazonaws.com/hawkes-bay/hawkes-bay_2021-2022_0.3m/rgb/2193/BJ39_5000_0704.json,"{""visual"": ""https://nz-imagery.s3-ap-southeast-2.amazonaws.com/hawkes-bay/hawkes-bay_2021-2022_0.3m/rgb/2193/BJ39_5000_0704.tiff""}",https://nz-imagery.s3-ap-southeast-2.amazonaws.com/hawkes-bay/hawkes-bay_2021-2022_0.3m/rgb/2193/collection.json,BJ39_5000_0704,,0.3,01GSXS7PYXDC5ZM0E1M96GVTEZ,
aerial,AERIAL,01GSXS7PYXDC5ZM0E1M96GVTEZ:BJ39_5000_0705,pre,,,2021-11-20T11:00:00Z,2022-04-14T12:00:00Z,tile,,,,,,,,0.0025908048362409,"{""type"": ""Polygon"", ""coordinates"": [[[176.871538, -39.3574687], [176.8733286, -39.3898332], [176.901134, -39.3889029], [176.8993306, -39.3565394], [176.871538, -39.3574687]]]}",https://nz-imagery.s3-ap-southeast-2.amazonaws.com/hawkes-bay/hawkes-bay_2021-2022_0.3m/rgb/2193/BJ39_5000_0705.json,"{""visual"": ""https://nz-imagery.s3-ap-southeast-2.amazonaws.com/hawkes-bay/hawkes-bay_2021-2022_0.3m/rgb/2193/BJ39_5000_0705.tiff""}",https://nz-imagery.s3-ap-southeast-2.amazonaws.com/hawkes-bay/hawkes-bay_2021-2022_0.3m/rgb/2193/collection.json,BJ39_5000_0705,,0.3,01GSXS7PYXDC5ZM0E1M96GVTEZ,
aerial,AERIAL,01GSXS7PYXDC5ZM0E1M96GVTEZ:BJ39_5000_0801,pre,,,2021-11-20T11:00:00Z,2022-04-14T12:00:00Z,tile,,,,,,,,0.019776328626593,"{""type"": ""Polygon"", ""coordinates"": [[[176.7620943, -39.3934884], [176.7638366, -39.4258569], [176.7916599, -39.424952], [176.7899048, -39.3925846], [176.7620943, -39.3934884]]]}",https://nz-imagery.s3-ap-southeast-2.amazonaws.com/hawkes-bay/hawkes-bay_2021-2022_0.3m/rgb/2193/BJ39_5000_0801.json,"{""visual"": ""https://nz-imagery.s3-ap-southeast-2.amazonaws.com/hawkes-bay/hawkes-bay_2021-2022_0.3m/rgb/2193/BJ39_5000_0801.tiff""}",https://nz-imagery.s3-ap-southeast-2.amazonaws.com/hawkes-bay/hawkes-bay_2021-2022_0.3m/rgb/2193/collection.json,BJ39_5000_0801,,0.3,01GSXS7PYXDC5ZM0E1M96GVTEZ,
aerial,AERIAL,01GSXS7PYXDC5ZM0E1M96GVTEZ:BJ39_5000_0802,pre,,,2021-11-20T11:00:00Z,2022-04-14T12:00:00Z,tile,,,,,,,,0.0041375950083723,"{""type"": ""Polygon"", ""coordinates"": [[[176.7899048, -39.3925846], [176.7916599, -39.424952], [176.8194819, -39.4240405], [176.817714, -39.3916741], [176.7899048, -39.3925846]]]}",https://nz-imagery.s3-ap-southeast-2.amazonaws.com/hawkes-bay/hawkes-bay_2021-2022_0.3m/rgb/2193/BJ39_5000_0802.json,"{""visual"": ""https://nz-imagery.s3-ap-southeast-2.amazonaws.com/hawkes-bay/hawkes-bay_2021-2022_0.3m/rgb/2193/BJ39_5000_0802.tiff""}",https://nz-imagery.s3-ap-southeast-2.amazonaws.com/hawkes-bay/hawkes-bay_2021-2022_0.3m/rgb/2193/collection.json,BJ39_5000_0802,,0.3,01GSXS7PYXDC5ZM0E1M96GVTEZ,
aerial,AERIAL,01GSXS7PYXDC5ZM0E1M96GVTEZ:BJ39_5000_0803,pre,,,2021-11-20T11:00:00Z,2022-04-14T12:00:00Z,tile,,,,,,,,0.0113608030950122,"{""type"": ""Polygon"", ""coordinates"": [[[176.817714, -39.3916741], [176.8194819, -39.4240405], [176.8473027, -39.4231223], [176.8455219, -39.390757], [176.817714, -39.3916741]]]}",https://nz-imagery.s3-ap-southeast-2.amazonaws.com/hawkes-bay/hawkes-bay_2021-2022_0.3m/rgb/2193/BJ39_5000_0803.json,"{""visual"": ""https://nz-imagery.s3-ap-southeast-2.amazonaws.com/hawkes-bay/hawkes-bay_2021-2022_0.3m/rgb/2193/BJ39_5000_0803.tiff""}",https://nz-imagery.s3-ap-southeast-2.amazonaws.com/hawkes-bay/hawkes-bay_2021-2022_0.3m/rgb/2193/collection.json,BJ39_5000_0803,,0.3,01GSXS7PYXDC5ZM0E1M96GVTEZ,
aerial,AERIAL,01GSXS7PYXDC5ZM0E1M96GVTEZ:BJ39_5000_0804,pre,,,2021-11-20T11:00:00Z,2022-04-14T12:00:00Z,tile,,,,,,,,0.0141047155950971,"{""type"": ""Polygon"", ""coordinates"": [[[176.8455219, -39.390757], [176.8473027, -39.4231223], [176.8751221, -39.4221976], [176.8733286, -39.3898332], [176.8455219, -39.390757]]]}",https://nz-imagery.s3-ap-southeast-2.amazonaws.com/hawkes-bay/hawkes-bay_2021-2022_0.3m/rgb/2193/BJ39_5000_0804.json,"{""visual"": ""https://nz-imagery.s3-ap-southeast-2.amazonaws.com/hawkes-bay/hawkes-bay_2021-2022_0.3m/rgb/2193/BJ39_5000_0804.tiff""}",https://nz-imagery.s3-ap-southeast-2.amazonaws.com/hawkes-bay/hawkes-bay_2021-2022_0.3m/rgb/2193/collection.json,BJ39_5000_0804,,0.3,01GSXS7PYXDC5ZM0E1M96GVTEZ,
aerial,AERIAL,01GSXS7PYXDC5ZM0E1M96GVTEZ:BJ39_5000_0805,pre,,,2021-11-20T11:00:00Z,2022-04-14T12:00:00Z,tile,,,,,,,,0.0040551788640102,"{""type"": ""Polygon"", ""coordinates"": [[[176.8733286, -39.3898332], [176.8751221, -39.4221976], [176.9029403, -39.4212661], [176.901134, -39.3889029], [176.8733286, -39.3898332]]]}",https://nz-imagery.s3-ap-southeast-2.amazonaws.com/hawkes-bay/hawkes-bay_2021-2022_0.3m/rgb/2193/BJ39_5000_0805.json,"{""visual"": ""https://nz-imagery.s3-ap-southeast-2.amazonaws.com/hawkes-bay/hawkes-bay_2021-2022_0.3m/rgb/2193/BJ39_5000_0805.tiff""}",https://nz-imagery.s3-ap-southeast-2.amazonaws.com/hawkes-bay/hawkes-bay_2021-2022_0.3m/rgb/2193/collection.json,BJ39_5000_0805,,0.3,01GSXS7PYXDC5ZM0E1M96GVTEZ,
aerial,AERIAL_NIR,01KNTK5STTTYYMERV8DSXD93TC:BH38_10000_0505,pre,,,2021-11-21T11:00:00Z,2022-04-15T12:00:00Z,collection,,,,,,,,0.0281314091056023,"{""type"": ""Polygon"", ""coordinates"": [[[176.6911433, -39.1039304], [176.69453, -39.1686756], [176.7499765, -39.1669021], [176.7465392, -39.1021609], [176.6911433, -39.1039304]]]}",https://nz-imagery.s3-ap-southeast-2.amazonaws.com/hawkes-bay/hawkes-bay_2021-2022_0.3m/rgbnir/2193/BH38_10000_0505.json,"{""visual"": ""https://nz-imagery.s3-ap-southeast-2.amazonaws.com/hawkes-bay/hawkes-bay_2021-2022_0.3m/rgbnir/2193/BH38_10000_0505.tiff""}",https://nz-imagery.s3-ap-southeast-2.amazonaws.com/hawkes-bay/hawkes-bay_2021-2022_0.3m/rgbnir/2193/collection.json,BH38_10000_0505,,0.3,01KNTK5STTTYYMERV8DSXD93TC,tile_capture_dates_unresolved_collection_interval_only
aerial,AERIAL_NIR,01KNTK5STTTYYMERV8DSXD93TC:BH39_10000_0501,pre,,,2021-11-21T11:00:00Z,2022-04-15T12:00:00Z,collection,,,,,,,,0.0214944439269775,"{""type"": ""Polygon"", ""coordinates"": [[[176.7465392, -39.1021609], [176.7499765, -39.1669021], [176.805418, -39.1651022], [176.8019303, -39.1003652], [176.7465392, -39.1021609]]]}",https://nz-imagery.s3-ap-southeast-2.amazonaws.com/hawkes-bay/hawkes-bay_2021-2022_0.3m/rgbnir/2193/BH39_10000_0501.json,"{""visual"": ""https://nz-imagery.s3-ap-southeast-2.amazonaws.com/hawkes-bay/hawkes-bay_2021-2022_0.3m/rgbnir/2193/BH39_10000_0501.tiff""}",https://nz-imagery.s3-ap-southeast-2.amazonaws.com/hawkes-bay/hawkes-bay_2021-2022_0.3m/rgbnir/2193/collection.json,BH39_10000_0501,,0.3,01KNTK5STTTYYMERV8DSXD93TC,tile_capture_dates_unresolved_collection_interval_only
aerial,AERIAL_NIR,01KNTK5STTTYYMERV8DSXD93TC:BJ38_10000_0104,pre,,,2021-11-21T11:00:00Z,2022-04-15T12:00:00Z,collection,,,,,,,,0.0096791641748142,"{""type"": ""Polygon"", ""coordinates"": [[[176.6390786, -39.1704228], [176.6424255, -39.2351711], [176.6979276, -39.2334198], [176.69453, -39.1686756], [176.6390786, -39.1704228]]]}",https://nz-imagery.s3-ap-southeast-2.amazonaws.com/hawkes-bay/hawkes-bay_2021-2022_0.3m/rgbnir/2193/BJ38_10000_0104.json,"{""visual"": ""https://nz-imagery.s3-ap-southeast-2.amazonaws.com/hawkes-bay/hawkes-bay_2021-2022_0.3m/rgbnir/2193/BJ38_10000_0104.tiff""}",https://nz-imagery.s3-ap-southeast-2.amazonaws.com/hawkes-bay/hawkes-bay_2021-2022_0.3m/rgbnir/2193/collection.json,BJ38_10000_0104,,0.3,01KNTK5STTTYYMERV8DSXD93TC,tile_capture_dates_unresolved_collection_interval_only
aerial,AERIAL_NIR,01KNTK5STTTYYMERV8DSXD93TC:BJ38_10000_0105,pre,,,2021-11-21T11:00:00Z,2022-04-15T12:00:00Z,collection,,,,,,,,0.1211089293187085,"{""type"": ""Polygon"", ""coordinates"": [[[176.69453, -39.1686756], [176.6979276, -39.2334198], [176.7534248, -39.2316423], [176.7499765, -39.1669021], [176.69453, -39.1686756]]]}",https://nz-imagery.s3-ap-southeast-2.amazonaws.com/hawkes-bay/hawkes-bay_2021-2022_0.3m/rgbnir/2193/BJ38_10000_0105.json,"{""visual"": ""https://nz-imagery.s3-ap-southeast-2.amazonaws.com/hawkes-bay/hawkes-bay_2021-2022_0.3m/rgbnir/2193/BJ38_10000_0105.tiff""}",https://nz-imagery.s3-ap-southeast-2.amazonaws.com/hawkes-bay/hawkes-bay_2021-2022_0.3m/rgbnir/2193/collection.json,BJ38_10000_0105,,0.3,01KNTK5STTTYYMERV8DSXD93TC,tile_capture_dates_unresolved_collection_interval_only
aerial,AERIAL_NIR,01KNTK5STTTYYMERV8DSXD93TC:BJ38_10000_0204,pre,,,2021-11-21T11:00:00Z,2022-04-15T12:00:00Z,collection,,,,,,,,0.0038873472779516,"{""type"": ""Polygon"", ""coordinates"": [[[176.6424255, -39.2351711], [176.6457832, -39.2999183], [176.7013362, -39.2981631], [176.6979276, -39.2334198], [176.6424255, -39.2351711]]]}",https://nz-imagery.s3-ap-southeast-2.amazonaws.com/hawkes-bay/hawkes-bay_2021-2022_0.3m/rgbnir/2193/BJ38_10000_0204.json,"{""visual"": ""https://nz-imagery.s3-ap-southeast-2.amazonaws.com/hawkes-bay/hawkes-bay_2021-2022_0.3m/rgbnir/2193/BJ38_10000_0204.tiff""}",https://nz-imagery.s3-ap-southeast-2.amazonaws.com/hawkes-bay/hawkes-bay_2021-2022_0.3m/rgbnir/2193/collection.json,BJ38_10000_0204,,0.3,01KNTK5STTTYYMERV8DSXD93TC,tile_capture_dates_unresolved_collection_interval_only
aerial,AERIAL_NIR,01KNTK5STTTYYMERV8DSXD93TC:BJ38_10000_0205,pre,,,2021-11-21T11:00:00Z,2022-04-15T12:00:00Z,collection,,,,,,,,0.1133873283430913,"{""type"": ""Polygon"", ""coordinates"": [[[176.6979276, -39.2334198], [176.7013362, -39.2981631], [176.7568842, -39.2963814], [176.7534248, -39.2316423], [176.6979276, -39.2334198]]]}",https://nz-imagery.s3-ap-southeast-2.amazonaws.com/hawkes-bay/hawkes-bay_2021-2022_0.3m/rgbnir/2193/BJ38_10000_0205.json,"{""visual"": ""https://nz-imagery.s3-ap-southeast-2.amazonaws.com/hawkes-bay/hawkes-bay_2021-2022_0.3m/rgbnir/2193/BJ38_10000_0205.tiff""}",https://nz-imagery.s3-ap-southeast-2.amazonaws.com/hawkes-bay/hawkes-bay_2021-2022_0.3m/rgbnir/2193/collection.json,BJ38_10000_0205,,0.3,01KNTK5STTTYYMERV8DSXD93TC,tile_capture_dates_unresolved_collection_interval_only
aerial,AERIAL_NIR,01KNTK5STTTYYMERV8DSXD93TC:BJ38_10000_0305,pre,,,2021-11-21T11:00:00Z,2022-04-15T12:00:00Z,collection,,,,,,,,0.0678725299106033,"{""type"": ""Polygon"", ""coordinates"": [[[176.7013362, -39.2981631], [176.7047557, -39.3629054], [176.7603548, -39.3611197], [176.7568842, -39.2963814], [176.7013362, -39.2981631]]]}",https://nz-imagery.s3-ap-southeast-2.amazonaws.com/hawkes-bay/hawkes-bay_2021-2022_0.3m/rgbnir/2193/BJ38_10000_0305.json,"{""visual"": ""https://nz-imagery.s3-ap-southeast-2.amazonaws.com/hawkes-bay/hawkes-bay_2021-2022_0.3m/rgbnir/2193/BJ38_10000_0305.tiff""}",https://nz-imagery.s3-ap-southeast-2.amazonaws.com/hawkes-bay/hawkes-bay_2021-2022_0.3m/rgbnir/2193/collection.json,BJ38_10000_0305,,0.3,01KNTK5STTTYYMERV8DSXD93TC,tile_capture_dates_unresolved_collection_interval_only
aerial,AERIAL_NIR,01KNTK5STTTYYMERV8DSXD93TC:BJ38_10000_0405,pre,,,2021-11-21T11:00:00Z,2022-04-15T12:00:00Z,collection,,,,,,,,0.0383155040600897,"{""type"": ""Polygon"", ""coordinates"": [[[176.7047557, -39.3629054], [176.7081863, -39.4276467], [176.7638366, -39.4258569], [176.7603548, -39.3611197], [176.7047557, -39.3629054]]]}",https://nz-imagery.s3-ap-southeast-2.amazonaws.com/hawkes-bay/hawkes-bay_2021-2022_0.3m/rgbnir/2193/BJ38_10000_0405.json,"{""visual"": ""https://nz-imagery.s3-ap-southeast-2.amazonaws.com/hawkes-bay/hawkes-bay_2021-2022_0.3m/rgbnir/2193/BJ38_10000_0405.tiff""}",https://nz-imagery.s3-ap-southeast-2.amazonaws.com/hawkes-bay/hawkes-bay_2021-2022_0.3m/rgbnir/2193/collection.json,BJ38_10000_0405,,0.3,01KNTK5STTTYYMERV8DSXD93TC,tile_capture_dates_unresolved_collection_interval_only
aerial,AERIAL_NIR,01KNTK5STTTYYMERV8DSXD93TC:BJ39_10000_0101,pre,,,2021-11-21T11:00:00Z,2022-04-15T12:00:00Z,collection,,,,,,,,0.1118280351293398,"{""type"": ""Polygon"", ""coordinates"": [[[176.7499765, -39.1669021], [176.7534248, -39.2316423], [176.808917, -39.2298383], [176.805418, -39.1651022], [176.7499765, -39.1669021]]]}",https://nz-imagery.s3-ap-southeast-2.amazonaws.com/hawkes-bay/hawkes-bay_2021-2022_0.3m/rgbnir/2193/BJ39_10000_0101.json,"{""visual"": ""https://nz-imagery.s3-ap-southeast-2.amazonaws.com/hawkes-bay/hawkes-bay_2021-2022_0.3m/rgbnir/2193/BJ39_10000_0101.tiff""}",https://nz-imagery.s3-ap-southeast-2.amazonaws.com/hawkes-bay/hawkes-bay_2021-2022_0.3m/rgbnir/2193/collection.json,BJ39_10000_0101,,0.3,01KNTK5STTTYYMERV8DSXD93TC,tile_capture_dates_unresolved_collection_interval_only
aerial,AERIAL_NIR,01KNTK5STTTYYMERV8DSXD93TC:BJ39_10000_0102,pre,,,2021-11-21T11:00:00Z,2022-04-15T12:00:00Z,collection,,,,,,,,0.003800000195915,"{""type"": ""Polygon"", ""coordinates"": [[[176.805418, -39.1651022], [176.808917, -39.2298383], [176.8644043, -39.228008], [176.8608546, -39.1632761], [176.805418, -39.1651022]]]}",https://nz-imagery.s3-ap-southeast-2.amazonaws.com/hawkes-bay/hawkes-bay_2021-2022_0.3m/rgbnir/2193/BJ39_10000_0102.json,"{""visual"": ""https://nz-imagery.s3-ap-southeast-2.amazonaws.com/hawkes-bay/hawkes-bay_2021-2022_0.3m/rgbnir/2193/BJ39_10000_0102.tiff""}",https://nz-imagery.s3-ap-southeast-2.amazonaws.com/hawkes-bay/hawkes-bay_2021-2022_0.3m/rgbnir/2193/collection.json,BJ39_10000_0102,,0.3,01KNTK5STTTYYMERV8DSXD93TC,tile_capture_dates_unresolved_collection_interval_only
aerial,AERIAL_NIR,01KNTK5STTTYYMERV8DSXD93TC:BJ39_10000_0201,pre,,,2021-11-21T11:00:00Z,2022-04-15T12:00:00Z,collection,,,,,,,,0.129024954722384,"{""type"": ""Polygon"", ""coordinates"": [[[176.7534248, -39.2316423], [176.7568842, -39.2963814], [176.8124273, -39.2945733], [176.808917, -39.2298383], [176.7534248, -39.2316423]]]}",https://nz-imagery.s3-ap-southeast-2.amazonaws.com/hawkes-bay/hawkes-bay_2021-2022_0.3m/rgbnir/2193/BJ39_10000_0201.json,"{""visual"": ""https://nz-imagery.s3-ap-southeast-2.amazonaws.com/hawkes-bay/hawkes-bay_2021-2022_0.3m/rgbnir/2193/BJ39_10000_0201.tiff""}",https://nz-imagery.s3-ap-southeast-2.amazonaws.com/hawkes-bay/hawkes-bay_2021-2022_0.3m/rgbnir/2193/collection.json,BJ39_10000_0201,,0.3,01KNTK5STTTYYMERV8DSXD93TC,tile_capture_dates_unresolved_collection_interval_only
aerial,AERIAL_NIR,01KNTK5STTTYYMERV8DSXD93TC:BJ39_10000_0202,pre,,,2021-11-21T11:00:00Z,2022-04-15T12:00:00Z,collection,,,,,,,,0.0294151181647893,"{""type"": ""Polygon"", ""coordinates"": [[[176.808917, -39.2298383], [176.8124273, -39.2945733], [176.8679654, -39.2927388], [176.8644043, -39.228008], [176.808917, -39.2298383]]]}",https://nz-imagery.s3-ap-southeast-2.amazonaws.com/hawkes-bay/hawkes-bay_2021-2022_0.3m/rgbnir/2193/BJ39_10000_0202.json,"{""visual"": ""https://nz-imagery.s3-ap-southeast-2.amazonaws.com/hawkes-bay/hawkes-bay_2021-2022_0.3m/rgbnir/2193/BJ39_10000_0202.tiff""}",https://nz-imagery.s3-ap-southeast-2.amazonaws.com/hawkes-bay/hawkes-bay_2021-2022_0.3m/rgbnir/2193/collection.json,BJ39_10000_0202,,0.3,01KNTK5STTTYYMERV8DSXD93TC,tile_capture_dates_unresolved_collection_interval_only
aerial,AERIAL_NIR,01KNTK5STTTYYMERV8DSXD93TC:BJ39_10000_0301,pre,,,2021-11-21T11:00:00Z,2022-04-15T12:00:00Z,collection,,,,,,,,0.1290252710461616,"{""type"": ""Polygon"", ""coordinates"": [[[176.7568842, -39.2963814], [176.7603548, -39.3611197], [176.8159489, -39.3593074], [176.8124273, -39.2945733], [176.7568842, -39.2963814]]]}",https://nz-imagery.s3-ap-southeast-2.amazonaws.com/hawkes-bay/hawkes-bay_2021-2022_0.3m/rgbnir/2193/BJ39_10000_0301.json,"{""visual"": ""https://nz-imagery.s3-ap-southeast-2.amazonaws.com/hawkes-bay/hawkes-bay_2021-2022_0.3m/rgbnir/2193/BJ39_10000_0301.tiff""}",https://nz-imagery.s3-ap-southeast-2.amazonaws.com/hawkes-bay/hawkes-bay_2021-2022_0.3m/rgbnir/2193/collection.json,BJ39_10000_0301,,0.3,01KNTK5STTTYYMERV8DSXD93TC,tile_capture_dates_unresolved_collection_interval_only
aerial,AERIAL_NIR,01KNTK5STTTYYMERV8DSXD93TC:BJ39_10000_0302,pre,,,2021-11-21T11:00:00Z,2022-04-15T12:00:00Z,collection,,,,,,,,0.035506380120867,"{""type"": ""Polygon"", ""coordinates"": [[[176.8124273, -39.2945733], [176.8159489, -39.3593074], [176.871538, -39.3574687], [176.8679654, -39.2927388], [176.8124273, -39.2945733]]]}",https://nz-imagery.s3-ap-southeast-2.amazonaws.com/hawkes-bay/hawkes-bay_2021-2022_0.3m/rgbnir/2193/BJ39_10000_0302.json,"{""visual"": ""https://nz-imagery.s3-ap-southeast-2.amazonaws.com/hawkes-bay/hawkes-bay_2021-2022_0.3m/rgbnir/2193/BJ39_10000_0302.tiff""}",https://nz-imagery.s3-ap-southeast-2.amazonaws.com/hawkes-bay/hawkes-bay_2021-2022_0.3m/rgbnir/2193/collection.json,BJ39_10000_0302,,0.3,01KNTK5STTTYYMERV8DSXD93TC,tile_capture_dates_unresolved_collection_interval_only
aerial,AERIAL_NIR,01KNTK5STTTYYMERV8DSXD93TC:BJ39_10000_0401,pre,,,2021-11-21T11:00:00Z,2022-04-15T12:00:00Z,collection,,,,,,,,0.0881301311074448,"{""type"": ""Polygon"", ""coordinates"": [[[176.7603548, -39.3611197], [176.7638366, -39.4258569], [176.8194819, -39.4240405], [176.8159489, -39.3593074], [176.7603548, -39.3611197]]]}",https://nz-imagery.s3-ap-southeast-2.amazonaws.com/hawkes-bay/hawkes-bay_2021-2022_0.3m/rgbnir/2193/BJ39_10000_0401.json,"{""visual"": ""https://nz-imagery.s3-ap-southeast-2.amazonaws.com/hawkes-bay/hawkes-bay_2021-2022_0.3m/rgbnir/2193/BJ39_10000_0401.tiff""}",https://nz-imagery.s3-ap-southeast-2.amazonaws.com/hawkes-bay/hawkes-bay_2021-2022_0.3m/rgbnir/2193/collection.json,BJ39_10000_0401,,0.3,01KNTK5STTTYYMERV8DSXD93TC,tile_capture_dates_unresolved_collection_interval_only
aerial,AERIAL_NIR,01KNTK5STTTYYMERV8DSXD93TC:BJ39_10000_0402,pre,,,2021-11-21T11:00:00Z,2022-04-15T12:00:00Z,collection,,,,,,,,0.0627484004405019,"{""type"": ""Polygon"", ""coordinates"": [[[176.8159489, -39.3593074], [176.8194819, -39.4240405], [176.8751221, -39.4221976], [176.871538, -39.3574687], [176.8159489, -39.3593074]]]}",https://nz-imagery.s3-ap-southeast-2.amazonaws.com/hawkes-bay/hawkes-bay_2021-2022_0.3m/rgbnir/2193/BJ39_10000_0402.json,"{""visual"": ""https://nz-imagery.s3-ap-southeast-2.amazonaws.com/hawkes-bay/hawkes-bay_2021-2022_0.3m/rgbnir/2193/BJ39_10000_0402.tiff""}",https://nz-imagery.s3-ap-southeast-2.amazonaws.com/hawkes-bay/hawkes-bay_2021-2022_0.3m/rgbnir/2193/collection.json,BJ39_10000_0402,,0.3,01KNTK5STTTYYMERV8DSXD93TC,tile_capture_dates_unresolved_collection_interval_only
aerial,AERIAL_NIR,01KNTK5STTTYYMERV8DSXD93TC:BJ39_10000_0403,pre,,,2021-11-21T11:00:00Z,2022-04-15T12:00:00Z,collection,,,,,,,,0.0066450529547265,"{""type"": ""Polygon"", ""coordinates"": [[[176.871538, -39.3574687], [176.8751221, -39.4221976], [176.9307572, -39.4203281], [176.9271219, -39.3556035], [176.871538, -39.3574687]]]}",https://nz-imagery.s3-ap-southeast-2.amazonaws.com/hawkes-bay/hawkes-bay_2021-2022_0.3m/rgbnir/2193/BJ39_10000_0403.json,"{""visual"": ""https://nz-imagery.s3-ap-southeast-2.amazonaws.com/hawkes-bay/hawkes-bay_2021-2022_0.3m/rgbnir/2193/BJ39_10000_0403.tiff""}",https://nz-imagery.s3-ap-southeast-2.amazonaws.com/hawkes-bay/hawkes-bay_2021-2022_0.3m/rgbnir/2193/collection.json,BJ39_10000_0403,,0.3,01KNTK5STTTYYMERV8DSXD93TC,tile_capture_dates_unresolved_collection_interval_only
