{"type":"FeatureCollection","features":[{"type":"Feature","properties":{"source_url":"https://gis.hbrc.govt.nz/server/rest/services/ExternalServices/Common/MapServer/9","source":"Hawkes Bay Regional Council Main Water Catchments","queried_utc":"2026-09-09","area_km2":267.8547012159292},"geometry":{"type":"Polygon","coordinates":[[[176.8234901758473,-39.2510572527881],[176.82383742630864,-39.25104568316077],[176.82382254766338,-39.25077569129897],[176.8241697966493,-39.25076412164789],[176.82415491687735,-39.25049412987848],[176.82450216318261,-39.25048255934261],[176.82448728344036,-39.25021256762757],[176.8248345281724,-39.25020099526979],[176.82481964730354,-39.24993100364717],[176.8251668905602,-39.249919431265695],[176.82515200856477,-39.24964943973548],[176.82513712561186,-39.249379448226],[176.8254843659699,-39.24936787413242],[176.8254694830468,-39.24909788267729],[176.82545459916622,-39.24882789124294],[176.82543971548452,-39.24855789979128],[176.8254248319528,-39.248287907423254],[176.82577206796685,-39.24827633269808],[176.82575718335758,-39.248006341321556],[176.82610441784743,-39.247994765673695],[176.82608953211175,-39.247724774389596],[176.82607464541866,-39.24745478312628],[176.82605976008077,-39.2471847918076],[176.82604487489283,-39.246914799572544],[176.82569764575294,-39.24692637568057],[176.82568276208914,-39.246656383318516],[176.8256678786731,-39.24638639183825],[176.82565299429965,-39.246116400378696],[176.82530576888757,-39.24612797422616],[176.82529088719443,-39.24585798260158],[176.82563811128134,-39.245846408863834],[176.8256232272567,-39.24557641647064],[176.82560834463607,-39.24530642492118],[176.82595556582493,-39.245294849471485],[176.8259406809218,-39.24502485805252],[176.82592579621755,-39.244754866616255],[176.82591091281952,-39.24448487422555],[176.825896028513,-39.24421488275468],[176.82588114435643,-39.243944890367445],[176.825533929793,-39.243956465268546],[176.82551904720924,-39.243686473653376],[176.82517183377198,-39.24369804741249],[176.82515695271204,-39.24342805567032],[176.82514207180205,-39.2431580630118],[176.82512719113979,-39.24288807123505],[176.82511231067633,-39.242618079440994],[176.82509743036277,-39.242348086730594],[176.8254446371752,-39.242336513519994],[176.82542975578443,-39.24206652180107],[176.82541487338736,-39.241796529203796],[176.8250676692737,-39.241808103094066],[176.8250527895566,-39.24153811033177],[176.82470558656897,-39.24154968308019],[176.82435838333365,-39.24156125389734],[176.82434350651397,-39.241291261797464],[176.82432862868797,-39.24102126881924],[176.8243137511096,-39.24075127672282],[176.82466095037037,-39.24073970623472],[176.82464607277325,-39.24046971329358],[176.82463119426762,-39.24019972127226],[176.8242839976565,-39.240211291540994],[176.82426912067442,-39.23994129939269],[176.8242542450473,-39.239671307189084],[176.82423936841383,-39.23940131410713],[176.824224492028,-39.23913132190696],[176.82420961584097,-39.238861329689534],[176.82419473980377,-39.23859133655568],[176.82417986401418,-39.238321344303664],[176.82416498837446,-39.23805135113525],[176.82415011298235,-39.23778135884866],[176.82380292698764,-39.237792928035375],[176.82381780226012,-39.238062921292695],[176.82347061589817,-39.23807448951902],[176.8234854888397,-39.23834448200766],[176.82313830095438,-39.23835604931156],[176.8231531728188,-39.238626042791644],[176.82280598341006,-39.23863760917315],[176.82282085409958,-39.238907601846485],[176.82247366316744,-39.23891916730555],[176.82212647319284,-39.23893073169454],[176.8217792818634,-39.23894229508942],[176.82143209033535,-39.23895385745221],[176.8210848997648,-39.238965418744975],[176.8207377078395,-39.23897697904362],[176.8207228450983,-39.23870698571266],[176.82037565434794,-39.23871854576872],[176.82036079313,-39.238448552310906],[176.82001360461317,-39.2384601102883],[176.81999874376226,-39.238190116741606],[176.81998388431492,-39.23792012403878],[176.81996902501723,-39.23765013041957],[176.81995416476192,-39.23738013682106],[176.81993930586128,-39.237110143167286],[176.81992444605186,-39.236840150433295],[176.8199095875482,-39.236570156744996],[176.81989472808698,-39.23630016307738],[176.81987986882422,-39.236030169392464],[176.81986500976,-39.235760175690274],[176.8202121861869,-39.23574861877049],[176.82019732599665,-39.23547862516059],[176.8198501508943,-39.23549018197083],[176.81983529343202,-39.2352201890952],[176.81982043496328,-39.23495019534119],[176.81980557669306,-39.23468020156988],[176.81979071746525,-39.23441020781929],[176.819775859592,-39.23414021401344],[176.81942869211835,-39.23415177010515],[176.81941383461194,-39.233881776210445],[176.8193989785089,-39.2336117831596],[176.819746144441,-39.2336002263499],[176.81973128716322,-39.23333023249223],[176.81971642892785,-39.23306023865524],[176.81970157209585,-39.2327902456621],[176.81968671425741,-39.23252025179055],[176.81967185777353,-39.23225025786377],[176.8193246984143,-39.23226181322669],[176.81930984229714,-39.231991819211046],[176.81965700033209,-39.231980263957674],[176.81964214308908,-39.231710270034284],[176.8196272872006,-39.231440276055665],[176.8192801318142,-39.231451831089984],[176.81926527629238,-39.23118183702251],[176.81891812323659,-39.23119339177664],[176.8189032692374,-39.23092339758237],[176.81855611615137,-39.23093495123311],[176.81854126367483,-39.23066495691207],[176.81819411171458,-39.230676509421535],[176.81817926076062,-39.2304065149737],[176.81816441005387,-39.23013652140771],[176.8181495594967,-39.22986652692533],[176.8181347091379,-39.22959653242569],[176.81811985897747,-39.22932653790877],[176.81810500901543,-39.22905654337458],[176.81809015809574,-39.22878654886107],[176.81774301641082,-39.22879810043345],[176.8177281670136,-39.228528105793174],[176.81771331897068,-39.22825811109769],[176.81769846997017,-39.227988116422864],[176.81768362232395,-39.227718121692824],[176.8180307587615,-39.22770657145748],[176.81801590998964,-39.22743657681965],[176.81836304601202,-39.22742502472507],[176.81871018072883,-39.227413472535865],[176.81869532945856,-39.227143477200656],[176.81904246380898,-39.22713192405134],[176.8193895979122,-39.227120368971285],[176.8193747430852,-39.22685037477488],[176.81972187566603,-39.22683881877269],[176.81970701971358,-39.22656882466854],[176.81935988845672,-39.22658038056122],[176.8193450340266,-39.22631038633027],[176.8193301809021,-39.226040391145],[176.8189830520946,-39.226051945786985],[176.81896819938524,-39.22578195141197],[176.81895334687425,-39.22551195701968],[176.81893849456165,-39.22524196261009],[176.81892364239866,-39.22497196728417],[176.8189087893269,-39.22470197287801],[176.8188939376095,-39.22443197841662],[176.81887908609045,-39.22416198393794],[176.81886423476976,-39.223891989442016],[176.81851711635443,-39.22390354217634],[176.8181699977407,-39.2239150938791],[176.81815514810998,-39.22364509918483],[176.81814029983352,-39.22337510443536],[176.818487415751,-39.22336355205248],[176.81847256519325,-39.22309355743317],[176.8181254505995,-39.22310510970654],[176.8181106027197,-39.222835114922525],[176.8177634892025,-39.2228466651558],[176.8177486416888,-39.22257667028297],[176.81740152934574,-39.222588220274375],[176.81738668335402,-39.22231822527479],[176.81703957208754,-39.222329773226136],[176.81702472877365,-39.2220597780619],[176.81667761868127,-39.22207132577139],[176.8166627757334,-39.22180133051835],[176.81631566676637,-39.22181287708693],[176.81630082534036,-39.221542881707194],[176.8162859841126,-39.22127288631018],[176.81593887759456,-39.221284431628426],[176.8159240378886,-39.22101443610471],[176.81590919838087,-39.22074444056373],[176.81589435912008,-39.22047444590457],[176.81554725637451,-39.22048598986311],[176.81553241858668,-39.22021599417818],[176.81518531696642,-39.220227536995864],[176.81517048070035,-39.219957541184286],[176.81482338025415,-39.21996908376027],[176.81480854550972,-39.219699087821986],[176.81479371096341,-39.219429091866466],[176.81444661291735,-39.21944063229314],[176.81443177878555,-39.219170637147975],[176.8140846830206,-39.21918217639601],[176.81373758595046,-39.21919371554965],[176.81339048978933,-39.2192052527349],[176.813375659826,-39.218935257244375],[176.81302856479027,-39.2189467932889],[176.81301373634844,-39.21867679767176],[176.81266664243805,-39.21868833257557],[176.81231954722247,-39.218699867385],[176.81197245296474,-39.21871140112517],[176.81195762864252,-39.21844140426368],[176.81161053551023,-39.218452936863194],[176.81159571275813,-39.21818294077427],[176.8112486207512,-39.21819447223311],[176.81123379947184,-39.217924475118494],[176.8112189784391,-39.21765447888575],[176.81087188888097,-39.21766600909468],[176.81085706936955,-39.21739601273539],[176.81084225005603,-39.21712601635886],[176.81082743089178,-39.21685601906596],[176.8108126108183,-39.216586022692795],[176.81046552635564,-39.216597551433274],[176.81045070895922,-39.216327554895706],[176.81043589176068,-39.21605755834087],[176.81042107355557,-39.21578756090756],[176.81040625675283,-39.21551756431823],[176.810059177434,-39.215529092489504],[176.80971209671281,-39.21554061876826],[176.8093650169982,-39.21555214487697],[176.80901793703708,-39.21556366905534],[176.80867085692677,-39.21557519310153],[176.80832377656998,-39.21558671521737],[176.80830896790457,-39.21531671795538],[176.80829415828114,-39.215046720714],[176.80794708042166,-39.21505824247927],[176.80793227347502,-39.21478824507362],[176.80758519674097,-39.21479976569845],[176.8075703901595,-39.21452976820419],[176.80755558377578,-39.21425977069267],[176.80754077758982,-39.2139897731639],[176.8071937057833,-39.21400129239213],[176.80717890111822,-39.21373129473695],[176.80683182928138,-39.213742812862634],[176.80681702613714,-39.21347281508103],[176.80680222319057,-39.2132028172822],[176.80678742049037,-39.21293282036523],[176.80677261678343,-39.21266282256972],[176.8071196833279,-39.212651304880715],[176.807466749626,-39.21263978526141],[176.80745194462642,-39.21236978762918],[176.80779900945234,-39.212358267987035],[176.80778420332746,-39.21208827044672],[176.80776939624457,-39.211818272927005],[176.8081164582267,-39.21180675247208],[176.8081016511743,-39.21153675500646],[176.80808684316392,-39.21126675756145],[176.80773978382777,-39.21127827779798],[176.80772497849384,-39.21100828018871],[176.80737792033153,-39.211019800184076],[176.8070308619229,-39.21103131824923],[176.80668380336513,-39.2110428361824],[176.80633674456112,-39.211054352185336],[176.8063219447167,-39.210784354122154],[176.80597488708653,-39.21079586988394],[176.80596008760702,-39.210525871732195],[176.80561303110215,-39.210537386353764],[176.8055982342989,-39.21026738803783],[176.80525117891932,-39.210278901519196],[176.8052363824809,-39.2100089031147],[176.8048893282266,-39.21002041545586],[176.80487453446437,-39.20975041688723],[176.80485973979262,-39.20948041923827],[176.80484494526985,-39.20921042067296],[176.80483015094464,-39.208940422090414],[176.80448310178423,-39.20895193296412],[176.80446830902798,-39.208681935154345],[176.80412126099287,-39.20869344488791],[176.80410646970842,-39.2084234460527],[176.80409167867006,-39.20815344809938],[176.80407688662498,-39.207883449267484],[176.80406209593315,-39.20761345038058],[176.80371505304018,-39.20762495954593],[176.80336801105682,-39.207636466743395],[176.80335322210084,-39.207366468558],[176.8030061812427,-39.20737797461542],[176.80299139380696,-39.207107976303725],[176.8029766076758,-39.20683797703793],[176.80296182063498,-39.20656797869176],[176.8029470337431,-39.20629797942929],[176.80293224825286,-39.206027981010884],[176.80291746175584,-39.2057579817139],[176.80326449462936,-39.20574647541169],[176.8032497082114,-39.20547647706787],[176.80359673956477,-39.20546496984378],[176.8035819508175,-39.205194970730446],[176.80356716231626,-39.204924972498986],[176.80391419198259,-39.204913464424344],[176.80389940230768,-39.204643465385594],[176.80388461283027,-39.20437346632962],[176.80423163965398,-39.204361957442224],[176.80421684905156,-39.204091958478095],[176.8042020586952,-39.20382196039583],[176.80454908262777,-39.203810449796634],[176.80453428999084,-39.20354045184399],[176.80488131240338,-39.20352894032302],[176.80486651974851,-39.20325894152535],[176.80485172733975,-39.20298894360955],[176.8051987469098,-39.20297743127593],[176.80518395332763,-39.20270743255289],[176.80553097142626,-39.202695920196675],[176.80551617556358,-39.20242592160329],[176.80550138105409,-39.20215592295487],[176.80584839626172,-39.20214440888699],[176.80583360062744,-39.20187441033044],[176.8061806143637,-39.20186289624],[176.8061658164004,-39.201592896914036],[176.80651282977232,-39.20158138186415],[176.8064980307329,-39.20131138352918],[176.80684504253625,-39.20129986665859],[176.80683024237211,-39.20102986841554],[176.8064832329981,-39.20104138424007],[176.8064684343539,-39.20077138587063],[176.80681544235702,-39.20075986925612],[176.80680064374374,-39.20048987094077],[176.8067858441239,-39.20021987174688],[176.80677104475026,-39.19994987343485],[176.8067562455743,-39.19967987510557],[176.80674144654728,-39.199409875859956],[176.80708844889713,-39.19939835872268],[176.80707364879416,-39.19912836046806],[176.8070588488402,-39.1988583612971],[176.80671184913473,-39.19886987821608],[176.8063648492316,-39.198881394104404],[176.8063500521682,-39.19861139559702],[176.8063352552538,-39.1983413961733],[176.80632045858556,-39.198071397631416],[176.80597346245125,-39.19808291216169],[176.8059586673027,-39.197812913493436],[176.80561167229294,-39.19782442688394],[176.8055968775085,-39.19755442812715],[176.80524988477882,-39.19756594034009],[176.805235091514,-39.19729594145696],[176.80488809990885,-39.19730745253018],[176.80487330816362,-39.1970374535207],[176.8048585166159,-39.19676745449397],[176.8048437252171,-39.196497454550915],[176.80482893406437,-39.196227455489705],[176.80448194759842,-39.196238965995086],[176.80446715796518,-39.19596896680758],[176.80412017141964,-39.195980475311956],[176.80410538330585,-39.19571047599813],[176.80375839908888,-39.19572198422422],[176.8037731858807,-39.195991983647126],[176.80342620014426,-39.19600349095173],[176.8030792142104,-39.19601499722574],[176.8027322280306,-39.19602650157009],[176.80274701105384,-39.19629650130289],[176.80240002340318,-39.1963080056248],[176.8020530355551,-39.19631950891613],[176.80170604750967,-39.19633101117687],[176.80135905926687,-39.19634251240703],[176.80101207077826,-39.196354011707456],[176.8006650821408,-39.19636551087643],[176.80031809446157,-39.196377008977066],[176.80030332069242,-39.19610700848127],[176.79995633293393,-39.19611850458098],[176.79960934497817,-39.196129999650104],[176.79959457409882,-39.19585999981829],[176.79924758721933,-39.195871492848774],[176.79923281670372,-39.195601492928525],[176.79888583215302,-39.19561298568088],[176.7988710631081,-39.19534298473539],[176.79852407968215,-39.19535447634824],[176.79850931220486,-39.19508447617572],[176.79849454603175,-39.19481447504913],[176.79884152681373,-39.194802983654085],[176.79882675956432,-39.19453298351831],[176.79881199130813,-39.194262982503915],[176.7987972232976,-39.193992982371384],[176.79878245659123,-39.19372298128481],[176.79876768897506,-39.193452981117865],[176.79875292150757,-39.19318298003457],[176.79873815428573,-39.19291297983316],[176.79908512672444,-39.192901487233215],[176.79907035837795,-39.1926314871235],[176.79905559018016,-39.19236148609746],[176.79904082217956,-39.192091485054185],[176.79938778934877,-39.192079992687404],[176.7993730202236,-39.19180999173585],[176.79935825129562,-39.19153999076705],[176.79934348261332,-39.19126999068013],[176.79932871292428,-39.19099998971463],[176.79967567571637,-39.190988495816306],[176.79966090605828,-39.190718494904786],[176.79964613659735,-39.19044849397602],[176.79999309659743,-39.19043700016431],[176.79997832485668,-39.190166999365],[176.79996355446852,-39.18989699851075],[176.79994878312223,-39.18962699767698],[176.7999340119731,-39.18935699682601],[176.79991924217657,-39.18908699592005],[176.79990447142185,-39.18881699503462],[176.8002514232467,-39.18880549994712],[176.80023665136764,-39.18853549915342],[176.8005836015767,-39.18852400134632],[176.80056882972875,-39.18825400060661],[176.80055405692266,-39.1879839998874],[176.80053928431383,-39.18771399915097],[176.80088623040967,-39.18770250153961],[176.8008714566766,-39.187432500894914],[176.80052451190215,-39.18744399839732],[176.80050973968775,-39.18717399762644],[176.80049496651523,-39.18690399687606],[176.80014802423491,-39.18691549402939],[176.80013325368787,-39.18664549221599],[176.8001184833865,-39.18637549128445],[176.80010371328234,-39.186105490335706],[176.80008894222,-39.18583548940747],[176.80007417251022,-39.185565488424274],[176.80005940184228,-39.18529548746159],[176.80004463252683,-39.18502548644394],[176.8000298622533,-39.1847554854468],[176.80037679396287,-39.18474398916508],[176.80036202372054,-39.184473988221924],[176.80001509217692,-39.18448548443243],[176.80000032340453,-39.184215482463976],[176.799653392985,-39.184226977535346],[176.799638625731,-39.18395697544073],[176.79929169643552,-39.18396846937303],[176.7992769307484,-39.18369846805139],[176.7992621641031,-39.18342846675026],[176.7989152372044,-39.18343995853543],[176.79890047207743,-39.18316995710814],[176.7988857071476,-39.182899955663636],[176.79853878384938,-39.18291144616315],[176.7985240204378,-39.18264144459252],[176.79850925722332,-39.182371443004655],[176.7984944942059,-39.182101441399574],[176.7984797302303,-39.181831439814985],[176.79846496760706,-39.18156143817546],[176.7984502051809,-39.181291436518705],[176.79810328966073,-39.181302926233876],[176.79808852759746,-39.181032924488704],[176.79774161320123,-39.181044413064924],[176.797726852656,-39.18077441119367],[176.79737993938377,-39.18078589863097],[176.7973651815119,-39.180515896595914],[176.79701826936366,-39.18052738289431],[176.7966713570184,-39.180538868162685],[176.79632444447617,-39.18055035240105],[176.79630968965748,-39.18028035095902],[176.7959627782393,-39.18029183405851],[176.79594802604535,-39.18002183155364],[176.79593327289317,-39.179751829069225],[176.79591851998626,-39.17948182746673],[176.79590376722794,-39.179211824947906],[176.79555686089665,-39.17922330658207],[176.7955421097046,-39.178953304836334],[176.79552735866105,-39.17868330217425],[176.7955126078144,-39.178413299494956],[176.79549785716466,-39.17814329679842],[176.79548310676026,-39.177873294983826],[176.79513620683647,-39.17788477504397],[176.79512145794982,-39.17761477310336],[176.7951067080564,-39.17734477028409],[176.7950919595151,-39.1770747674099],[176.7947450634053,-39.17708624701283],[176.79473031643008,-39.176816244911784],[176.7947155684481,-39.17654624193206],[176.7947008218182,-39.176276238897444],[176.79468607427833,-39.17600623678242],[176.7946713280421,-39.17573623371338],[176.79465658084757,-39.17546623066482],[176.7946418338499,-39.17519622759903],[176.79429494683677,-39.175207706309706],[176.79430969246536,-39.175477708585156],[176.79396280393473,-39.17548918637475],[176.79361591515885,-39.17550066223537],[176.7936306583429,-39.17577066471114],[176.79328376925307,-39.17578214051212],[176.7929368787629,-39.17579361442179],[176.79258998807597,-39.17580508730159],[176.79224309834748,-39.17581655911385],[176.79189620842226,-39.17582802989626],[176.79191094409265,-39.17609803383527],[176.79156405265002,-39.176109503696495],[176.79121716101062,-39.17612097252787],[176.79087026801935,-39.176132440366985],[176.790523376035,-39.17614390803771],[176.79053810772592,-39.1764139114575],[176.7901912141758,-39.17642537730788],[176.789844320429,-39.17643684212836],[176.78985904851984,-39.176706845785894],[176.78951215325569,-39.176718309685135],[176.7895268813775,-39.1769883133965],[176.78917998459593,-39.17699977637446],[176.78883308761777,-39.17701123832249],[176.78848619044308,-39.17702269924061],[176.78813929422702,-39.17703415909123],[176.78779239665923,-39.17704561794949],[176.78744549889493,-39.17705707577783],[176.7874602192884,-39.177327080123675],[176.78711332000674,-39.17733853703069],[176.78676642168384,-39.17734999287014],[176.78675170398034,-39.17707998920626],[176.78640480678183,-39.177091443907244],[176.78639009059566,-39.17682144011761],[176.78604319336628,-39.17683289371769],[176.78602847985255,-39.17656288976472],[176.7856815837476,-39.176574342226324],[176.78533468860144,-39.17658579362043],[176.7853199767705,-39.176315789470806],[176.78530526513592,-39.17604578530399],[176.78529055369773,-39.17577578111999],[176.78527584245595,-39.175505776918776],[176.78492895239646,-39.17551722684892],[176.78491424267176,-39.17524722252201],[176.78456735378495,-39.17525867221288],[176.78422046349831,-39.175270120012335],[176.78420575661139,-39.17500011545124],[176.78385886865263,-39.1750115629739],[176.78351198049756,-39.17502300946669],[176.78349727644832,-39.174753004671445],[176.7831503893694,-39.17476444912679],[176.78280350214249,-39.17477589345139],[176.78278879977577,-39.1745058884596],[176.78244191367332,-39.174517331645916],[176.78209502852977,-39.17452877376483],[176.78208032900062,-39.17425876853898],[176.78173344382637,-39.17427020955717],[176.78138655961115,-39.17428164950797],[176.78137186296775,-39.174011644947214],[176.78102497872183,-39.174023083797316],[176.78101028470218,-39.17375307817432],[176.78066340158077,-39.173764515886184],[176.78064870912613,-39.173494511036736],[176.78030182712922,-39.173505947610415],[176.7799549449362,-39.17351738315425],[176.7796080637022,-39.173528817630746],[176.77926118111705,-39.17354025111496],[176.77924649414098,-39.17327024581487],[176.77889961268036,-39.17328167816091],[176.77888492722096,-39.173011672735306],[176.77887024080243,-39.17274166733005],[176.77885555453176,-39.172471661008466],[176.77884086850528,-39.17220165556885],[176.77882618267483,-39.17193165011207],[176.7784793087762,-39.17194308084912],[176.77846462446232,-39.171673075266824],[176.77844994034442,-39.171403069667356],[176.7784352552674,-39.17113306408824],[176.7784205714933,-39.1708630575553],[176.77840588796337,-39.170593051904305],[176.77839120462946,-39.170323046236156],[176.7780443373508,-39.17033447623017],[176.77802965548508,-39.17006446953739],[176.77801497386352,-39.169794463726554],[176.77766810902972,-39.16980589247425],[176.7776534289245,-39.16953588653798],[176.77763874786018,-39.16926588062201],[176.77762406809867,-39.16899587375222],[176.77760938742622,-39.168725867801925],[176.77795624582353,-39.16871443952494],[176.77794156518175,-39.16844443362827],[176.7779268835327,-39.168174426852794],[176.7779122021278,-39.16790442095926],[176.77789752091883,-39.16763441504857],[176.7782443749459,-39.16762298523856],[176.77822969261263,-39.167352979419],[176.77857654396846,-39.16734154872519],[176.7789233963315,-39.167330117863436],[176.77890871150558,-39.16706011134423],[176.77889402692384,-39.16679010570698],[176.77887934248992,-39.1665200991534],[176.77886465830014,-39.166250093481814],[176.77851781121785,-39.166261523910265],[176.77850312854423,-39.16599151811318],[176.77815628263428,-39.16600294830288],[176.77780943768343,-39.16601437742556],[176.77746259133346,-39.16602580465701],[176.77744791281623,-39.16575579851784],[176.77743323449488,-39.16548579236147],[176.7770863906374,-39.165497219245964],[176.77707171378393,-39.16522721206501],[176.77672487105067,-39.16523863781168],[176.77671019576132,-39.16496863140443],[176.7763633541523,-39.164980056013306],[176.7760165135024,-39.16499147955518],[176.77600184104907,-39.16472147291424],[176.77598716763654,-39.16445146629361],[176.7759724944199,-39.164181459655836],[176.77595782250592,-39.163911452064234],[176.77561098583354,-39.163922875080246],[176.77559631548354,-39.1636528682624],[176.77594314968087,-39.16364144539211],[176.7759284770517,-39.16337143870282],[176.7759138046183,-39.16310143199637],[176.7755669730128,-39.16311285375101],[176.7755523020952,-39.16284284691913],[176.77520547166196,-39.162854268435275],[176.77519080226008,-39.16258426147801],[176.7748439717479,-39.16259568099479],[176.77482930386176,-39.16232567391214],[176.77448247567685,-39.16233709315296],[176.77446780930637,-39.16206708594493],[176.7744531431316,-39.161797078719744],[176.77479996867672,-39.16178565969535],[176.77478530137782,-39.161515652561214],[176.7747706342747,-39.16124564540991],[176.77475596621235,-39.160975638278906],[176.77474129945256,-39.16070563019412],[176.77472663178173,-39.1604356230288],[176.77471196546156,-39.16016561580884],[176.77505878289196,-39.160154196404335],[176.77504411429285,-39.1598841893129],[176.7750294470444,-39.15961418216682],[176.77501477878866,-39.1593441741419],[176.77500011077677,-39.15907416699896],[176.77498544411557,-39.15880415980139],[176.7749707764952,-39.15853415262415],[176.77495610902247,-39.15826414453057],[176.77494144179357,-39.15799413731899],[176.77492677476042,-39.15772413009023],[176.77491210787488,-39.15745412194515],[176.7748974412332,-39.15718411468208],[176.77488277363236,-39.15691410743929],[176.7745359720861,-39.156925526444425],[176.77452130710734,-39.15665551813964],[176.77450664121747,-39.15638551075432],[176.77449197667823,-39.1561155033144],[176.77447731228656,-39.15584549495813],[176.77446264698386,-39.155575487521325],[176.77444798303168,-39.15530548002992],[176.77479477666085,-39.15529406167405],[176.77514157009432,-39.15528264228898],[176.7754883644388,-39.15527122093815],[176.7758351586356,-39.15525979945731],[176.7761819514818,-39.15524837698476],[176.77616728112812,-39.154978370017275],[176.77615260976722,-39.15470836217095],[176.7761379386021,-39.15443835430746],[176.7764847284491,-39.15442693109304],[176.77683151810032,-39.154415506849475],[176.7768168444922,-39.15414549918533],[176.77716363262823,-39.154134074020924],[176.77714895789657,-39.15386406644787],[176.7771342845156,-39.15359405882019],[176.77678749901827,-39.15360548376806],[176.77677282604574,-39.15333547695157],[176.77642604167198,-39.15334690076209],[176.77641137016644,-39.153076892921014],[176.7763966989048,-39.15280688596191],[176.77638202779082,-39.152536878086515],[176.77603524722727,-39.15254830144235],[176.77602057762834,-39.152278293441526],[176.77600590822516,-39.15200828542354],[176.77565913010437,-39.152019707533825],[176.77564446221618,-39.15174969939044],[176.77562979457184,-39.15147969212902],[176.7752830188456,-39.15149111209469],[176.77526835156144,-39.151221104745346],[176.7749215781616,-39.15123252443545],[176.7745748034113,-39.15124394313397],[176.7742280296201,-39.15125536076602],[176.77388125447845,-39.15126677740651],[176.77353448029598,-39.15127819298053],[176.77351981975528,-39.1510081841739],[176.77317304674446,-39.15101959950986],[176.77315838771858,-39.15074959057792],[176.7731437300912,-39.15047958249053],[176.77312907150463,-39.15020957442342],[176.77278230220756,-39.15022098750678],[176.7727676451357,-39.14995097931434],[176.77275298821135,-39.1496809702056],[176.77273833153066,-39.14941096197885],[176.7730850979771,-39.149399548283384],[176.77343186312123,-39.14938813449553],[176.77377862922458,-39.14937671964129],[176.77376396873416,-39.149106710822714],[176.773417203998,-39.14911812646794],[176.77340254502226,-39.148848117524075],[176.7733878862902,-39.14857810946215],[176.77304112510322,-39.14858952292552],[176.7730264678858,-39.14831951473829],[176.77301181086395,-39.14804950653392],[176.77266505096463,-39.14806091878948],[176.77265039545736,-39.147790910459804],[176.77230363788425,-39.14780232244005],[176.77228898268868,-39.147532313123335],[176.77227432889148,-39.14726230465122],[176.77192757376076,-39.1472737153863],[176.7719129203233,-39.14700370682632],[176.77156616631598,-39.14701511642443],[176.7712194121132,-39.14702652499363],[176.77087265771493,-39.147037932533976],[176.7708580084297,-39.14676792363252],[176.7705112551549,-39.1467793300359],[176.77016450168463,-39.146790735410406],[176.76981774801894,-39.14680213975606],[176.76980310404065,-39.14653213047581],[176.76945635149846,-39.146543533684515],[176.76910959876088,-39.146554935864366],[176.76912424010132,-39.14682494536071],[176.76877748584943,-39.14683634661973],[176.7684307325569,-39.14684774681249],[176.7680839779143,-39.146859146013746],[176.76806933942396,-39.14658913712987],[176.7677225870597,-39.14660053515686],[176.76770795003554,-39.14633052524866],[176.76736119764016,-39.14634192217616],[176.76734656333295,-39.14607191300461],[176.76733192801828,-39.14580190295413],[176.7669851781134,-39.14581329953595],[176.7669705443129,-39.14554328936036],[176.76662379668633,-39.14555468476799],[176.76627704766184,-39.14556607828501],[176.76593029964477,-39.14557747163496],[176.76558355138457,-39.14558886305695],[176.76523680182243,-39.14560025438659],[176.76525142898058,-39.145870264202834],[176.76490467901115,-39.145881653675055],[176.76455792889448,-39.14589304301757],[176.76454330437406,-39.14562303298551],[176.7641965553332,-39.14563442029211],[176.76418193232678,-39.14536441013499],[176.7638351844576,-39.14537579720404],[176.76348843519068,-39.14538718238241],[176.76314168693133,-39.14539856739375],[176.7627949395837,-39.14540995043978],[176.76244819093424,-39.14542133339345],[176.76210144208972,-39.1454327153183],[176.7617546930023,-39.145444095315106],[176.7614079437678,-39.145455475182246],[176.76139333150735,-39.14518546414512],[176.76104658455145,-39.14519684283828],[176.76103197265013,-39.14492683171351],[176.76068522681814,-39.14493820927002],[176.7603384796365,-39.14494958583504],[176.7599917334146,-39.1449609613339],[176.75997712681948,-39.1446909498313],[176.7599625193124,-39.14442093924803],[176.75994791310706,-39.144150927711195],[176.7599333071445,-39.143880917056364],[176.7595865648483,-39.14389229113262],[176.75957196039937,-39.1436222803529],[176.75955735494276,-39.14335226869417],[176.75954275088355,-39.14308225788022],[176.7598894880688,-39.1430708841646],[176.75987488283783,-39.14280087254212],[176.7602216185095,-39.14278949790552],[176.7602070121547,-39.14251948637368],[176.759860276695,-39.14253086183897],[176.75951354099251,-39.14254223537635],[176.75949893747,-39.14227222361184],[176.75948433303557,-39.142002212766656],[176.7594697287481,-39.14173220100521],[176.75945512470338,-39.14146219012577],[176.75910839528322,-39.14147356306525],[176.75909379270405,-39.14120355116177],[176.75944052080558,-39.141192178330066],[176.75942591715057,-39.1409221674164],[176.7594113136425,-39.14065215558644],[176.75939671037713,-39.140382144638494],[176.75938210725872,-39.140112132774284],[176.75936750438305,-39.13984212179212],[176.7590207817197,-39.13985349412233],[176.75900618030946,-39.139583482116116],[176.75865945876978,-39.13959485330994],[176.75831273818994,-39.139606223437845],[176.7579660162607,-39.139617592574375],[176.75761929529128,-39.139628960644984],[176.75727257412714,-39.13964032768696],[176.75728716889688,-39.13991033933262],[176.7569404462195,-39.13992170545366],[176.75659372334735,-39.139933070546],[176.75624700028055,-39.13994443460972],[176.75590027701907,-39.139955797644774],[176.7555535535629,-39.13996715965116],[176.75520682991208,-39.13997852062889],[176.7551922418989,-39.139708508374454],[176.75484552057446,-39.139719869077794],[176.75449879785296,-39.139731227890564],[176.75415207493688,-39.139742585674696],[176.7541374922285,-39.13947257304302],[176.75379077043635,-39.139483929690854],[176.75377618808645,-39.139213916971705],[176.7537616071335,-39.13894390509737],[176.75374702517266,-39.13867389234399],[176.75340030714148,-39.13868524764042],[176.75305359011818,-39.13869660277013],[176.75303901098883,-39.138426589784466],[176.75269229393487,-39.13843794381523],[176.75267771747306,-39.13816793066765],[176.75233100154307,-39.138179283562245],[176.7519842865254,-39.13819063449182],[176.7516375702065,-39.138201985329175],[176.75129085479995,-39.138213334201545],[176.75127628269956,-39.137943321543055],[176.75092956841706,-39.13795466927932],[176.75091499782948,-39.137684656496205],[176.75056828356418,-39.137696004032705],[176.75022157021132,-39.13770734960423],[176.74987485671187,-39.13771869504634],[176.7495281430181,-39.137730039459846],[176.74918142908223,-39.13774138194561],[176.74916686528113,-39.1374713686079],[176.74882015251714,-39.137482710856766],[176.74880559022873,-39.137212697394524],[176.74845887858885,-39.13722403850733],[176.74844431781312,-39.136954024920534],[176.74809760729735,-39.13696536489732],[176.7481121667547,-39.13723537859157],[176.7477654547263,-39.137246717647244],[176.74741874250367,-39.13725805567428],[176.7470720311937,-39.137269391736424],[176.74672531858266,-39.13728072770632],[176.74673987296057,-39.137550741813136],[176.74639315999156,-39.13756207682467],[176.74637860577744,-39.13729206264762],[176.74603189393267,-39.13730339652318],[176.74568518073912,-39.1373147294073],[176.74533846850608,-39.13732606122566],[176.7453530175626,-39.137596074862834],[176.745006303817,-39.137607405759965],[176.7450208517492,-39.13787741948739],[176.74467413649106,-39.137888749463286],[176.74468868329885,-39.13815876328095],[176.74470323034842,-39.138428777980735],[176.7443565122116,-39.138440106243486],[176.74400979277374,-39.13845143441394],[176.74366307429645,-39.138462761518596],[176.74331635557746,-39.13847408669545],[176.74330181384954,-39.13820407246557],[176.74328727231563,-39.1379340582186],[176.7429405560873,-39.137945383051395],[176.74292601606584,-39.13767536868006],[176.74257930096195,-39.13768669237692],[176.74256476245293,-39.1374166778812],[176.74255022298328,-39.137146663405524],[176.74253568486216,-39.13687664887562],[176.7421889735196,-39.13688797122207],[176.7418422620308,-39.136899293439114],[176.74149555030036,-39.13691061372839],[176.74114883953064,-39.13692193295195],[176.74116337233042,-39.137191947011694],[176.74117790537176,-39.13746196195354],[176.7411924397616,-39.1377319768412],[176.74120697319069,-39.1380019917489],[176.74122150676604,-39.13827200574031],[176.74087478805552,-39.13828332450858],[176.74052807030574,-39.138294642211115],[176.740542601438,-39.138564656399915],[176.74055713281172,-39.13883467147082],[176.74057166437933,-39.139104686524654],[176.74058619609318,-39.139374700662216],[176.74093291911709,-39.13936338253077],[176.74094745239103,-39.13963339744322],[176.74129417769427,-39.13962207813873],[176.7413087124807,-39.13989209292682],[176.74165543780165,-39.13988077342271],[176.74166997405294,-39.14015078718731],[176.74168451054587,-39.140420801834],[176.74169904607803,-39.14069081650072],[176.74171358291113,-39.14096083021405],[176.74172811998585,-39.14123084480949],[176.741381386917,-39.14124216488702],[176.7413959217123,-39.141512179609734],[176.74141045780854,-39.14178219337907],[176.74106372190832,-39.14179351264233],[176.7410782569274,-39.14206352740102],[176.74073151951455,-39.142074845742755],[176.74074605220642,-39.14234485972953],[176.74076058629456,-39.1426148745613],[176.74041384605027,-39.1426261920887],[176.74042837896587,-39.14289620611144],[176.74008163720887,-39.142907522717266],[176.74009616784483,-39.14317753686725],[176.73974942572985,-39.14318885251437],[176.73976395524085,-39.143458866754486],[176.7397784849457,-39.143728880977534],[176.73979301489206,-39.143998896082664],[176.739446268579,-39.144010210123376],[176.73946079735268,-39.14428022441947],[176.7391140495745,-39.14429153843769],[176.73912857722314,-39.144561552823895],[176.73878182793226,-39.144572865920466],[176.73879635445576,-39.14484288039678],[176.73844960244975,-39.14485419170953],[176.7384641278481,-39.145124206275945],[176.73811737553171,-39.14513551752909],[176.73777062297387,-39.14514682685414],[176.73778514592811,-39.14541684161781],[176.7377996690761,-39.14568685636437],[176.73814642422428,-39.14567554592581],[176.7381609477303,-39.14594556058525],[176.73817547258486,-39.14621557519053],[176.73852223022487,-39.146204264407906],[176.73886898762348,-39.14619295169714],[176.7388835153099,-39.146462966070985],[176.73889804203543,-39.14673298046485],[176.73891256895476,-39.14700299484163],[176.73856580755137,-39.14701430697473],[176.7382190471089,-39.14702561804177],[176.73787228536554,-39.14703692901613],[176.7378868084738,-39.14730694279817],[176.7375400451699,-39.1473182519515],[176.73719328282704,-39.147329560038806],[176.73720780353844,-39.14759957491724],[176.7368610385279,-39.147610882119764],[176.7365142744784,-39.14762218825621],[176.73652879274528,-39.14789220333184],[176.73618202602813,-39.14790350858348],[176.73619654427674,-39.148173522812876],[176.73621106156426,-39.14844353706228],[176.73622557909312,-39.148713552193804],[176.7358788093795,-39.14872485670068],[176.73589332573522,-39.14899487102303],[176.73590784228463,-39.14926488532832],[176.73556106858408,-39.14927618905745],[176.73557558400793,-39.14954620345275],[176.73522880994923,-39.149557506222855],[176.73524332424748,-39.149827520708186],[176.73489654867586,-39.1498388225563],[176.7349110618485,-39.15010883713164],[176.73456428360907,-39.15012013809479],[176.73457879565603,-39.15039015276012],[176.73423201701092,-39.15040145186501],[176.73424652793219,-39.15067146662034],[176.73389974782168,-39.15068276570237],[176.73355296747,-39.150694062856076],[176.73320618697232,-39.15070535987989],[176.73285940623347,-39.150716654975376],[176.73251262534865,-39.15072794994096],[176.73216584422275,-39.15073924297822],[176.7318190641057,-39.15075053584854],[176.73183356478265,-39.15102055047381],[176.73148678315275,-39.15103184242198],[176.731140000127,-39.151043132478854],[176.73079321695528,-39.15105442240581],[176.73044643469746,-39.1510657103674],[176.73009965229375,-39.15107699819906],[176.73011414656716,-39.15134701334207],[176.72976736265062,-39.15135830025154],[176.72942057849318,-39.151369585232636],[176.72907379303498,-39.15138087012084],[176.72908828469846,-39.15165088553054],[176.7287414988348,-39.15166216856029],[176.7287559893722,-39.15193218405983],[176.72840920088842,-39.1519434671035],[176.7284236902997,-39.152213482692915],[176.7280769014105,-39.15222476387811],[176.72773011237547,-39.1522360449333],[176.72738332309962,-39.15224732406013],[176.72703653363052,-39.15225860215777],[176.72668974401563,-39.15226988012543],[176.7263429553149,-39.15228115612771],[176.72599616531352,-39.15229243203698],[176.72564937507147,-39.152303706017875],[176.725634896216,-39.15203368957364],[176.72528810830258,-39.15204496328075],[176.72494131899364,-39.15205623509646],[176.72492684301776,-39.151786219320776],[176.72458005603747,-39.151797490862734],[176.72423326766173,-39.15180876051329],[176.7238864802952,-39.15182002999691],[176.72390095231268,-39.152090046092944],[176.72355416227867,-39.15210131469108],[176.72320737315903,-39.15211258132389],[176.7232218427306,-39.15238259761637],[176.72287505214584,-39.15239386422595],[176.72252826132058,-39.152405128907105],[176.72218146919482,-39.15241639349521],[176.7218346779835,-39.15242765611796],[176.72148788662665,-39.152438918610706],[176.72114109502934,-39.15245017917505],[176.72115555687685,-39.15272019609079],[176.72080876381446,-39.152731456631805],[176.72046197051174,-39.15274271524439],[176.72011517821838,-39.152753973690054],[176.71976838452983,-39.1527652302442],[176.71942159069576,-39.15277648666834],[176.71943604609106,-39.15304650320115],[176.71908925074453,-39.15305775870269],[176.71874245631267,-39.15306901223888],[176.71839566058046,-39.153080265681936],[176.7180488657629,-39.15309151715966],[176.71806331612012,-39.15336153500113],[176.71771651863529,-39.153372785593106],[176.71736972215996,-39.15338403601812],[176.71702292544444,-39.1533952845147],[176.71703737198828,-39.1536653017597],[176.71669057265285,-39.15367655026968],[176.71634377423223,-39.15368779681428],[176.71635821832956,-39.15395781425538],[176.71601141839656,-39.15396905987727],[176.71602586021203,-39.154239077444764],[176.71567905881406,-39.154250323043144],[176.7156935006575,-39.154520340663275],[176.71534669769977,-39.15453158443966],[176.7149998945494,-39.154542827186766],[176.7150143339461,-39.15481284500291],[176.7146675292834,-39.15482408682721],[176.71432072442798,-39.154835327622216],[176.71397391942727,-39.15484656828712],[176.7139883550102,-39.155116585506526],[176.71364154844983,-39.15512782434937],[176.71329474289914,-39.155139063025246],[176.71330917488024,-39.155409080477455],[176.71296236776988,-39.155420317331256],[176.71261555935936,-39.15543155409178],[176.71226875186392,-39.15544278888691],[176.711921943021,-39.15545402268954],[176.71157513514052,-39.15546525542599],[176.71158956071534,-39.15573527339338],[176.71160398768492,-39.156005292206125],[176.71161841364474,-39.15627531013949],[176.7112716016124,-39.15628654216584],[176.71128602644487,-39.156556560188605],[176.7113004514698,-39.156826578194334],[176.71095363660532,-39.15683780940412],[176.7109680605029,-39.157107827499274],[176.7109824857479,-39.15737784554055],[176.71063566805117,-39.157389075933736],[176.71065009096648,-39.157659093202014],[176.7103032717574,-39.15767032267218],[176.71031769359254,-39.15794034092906],[176.70997087287108,-39.15795156947617],[176.7099852935787,-39.15822158782241],[176.7099997144315,-39.15849160525243],[176.71001413436898,-39.15876162360148],[176.71002855565388,-39.1590316418967],[176.7096817294128,-39.159042868940624],[176.70969614957016,-39.1593128873252],[176.70934932186393,-39.15932411434522],[176.70936374084636,-39.15959413191994],[176.70937816006847,-39.15986415037686],[176.70939257828067,-39.16013416795437],[176.7094069978876,-39.16040418637727],[176.7094214164846,-39.16067420392077],[176.70907458314068,-39.16068543040626],[176.70908900060996,-39.16095544803908],[176.70874216455118,-39.16096667273897],[176.70875658209502,-39.16123669132355],[176.70877099862895,-39.161506709028714],[176.70878541540253,-39.161776727616086],[176.7084385763459,-39.16178795156862],[176.70809173594185,-39.16179917452838],[176.70774489650051,-39.16181039642175],[176.70739805686682,-39.161821617285554],[176.70741246850469,-39.16209163538197],[176.70706562620342,-39.16210285535929],[176.70708003786842,-39.16237287350822],[176.70673319405464,-39.16238409256221],[176.7063863512036,-39.162395310549805],[176.7060395081603,-39.162406527507784],[176.70569266492475,-39.16241774343615],[176.70534582149696,-39.162428958334914],[176.70499897787698,-39.16244017220406],[176.70501338065768,-39.162710191010376],[176.70466653552523,-39.16272140395615],[176.70468093717787,-39.16299142285168],[176.70469534013054,-39.16326144079424],[176.70470974216758,-39.1635314596558],[176.70472414439675,-39.16380147850036],[176.70437729374365,-39.163812689942155],[176.70403044294557,-39.16382390125352],[176.70404484272626,-39.1640939202935],[176.70369799036845,-39.16410512978217],[176.7037123890209,-39.164375148911375],[176.7033655351506,-39.16438635747657],[176.70337993267475,-39.16465637669497],[176.70303307849423,-39.16466758519913],[176.70304747484292,-39.164937603607484],[176.70306187022862,-39.16520762203563],[176.70271501321514,-39.16521882972241],[176.70272940747248,-39.16548884823975],[176.70238254889924,-39.16550005410378],[176.70239694323055,-39.16577007357274],[176.7020500819896,-39.16578127854994],[176.70170322175895,-39.16579248335988],[176.70171761359413,-39.16606250212494],[176.7017320044662,-39.16633252090974],[176.7020788673379,-39.166321315887494],[176.70209326092493,-39.166591335411624],[176.702440124925,-39.166580129253475],[176.70245451997746,-39.16685014775522],[176.70280138515324,-39.166838941360346],[176.70281578056316,-39.16710895977568],[176.7028301773676,-39.16737897903651],[176.7028445731617,-39.16764899741786],[176.702858969148,-39.16791901578221],[176.70287336532638,-39.16818903412958],[176.70288776169687,-39.16845905245995],[176.70290215830673,-39.16872907167256],[176.70291655506148,-39.16899908996894],[176.70256967927352,-39.169010296313985],[176.70258407494694,-39.16928031559877],[176.70259847076522,-39.16955033396732],[176.7026128667756,-39.1698203523189],[176.7026272618229,-39.17009037069025],[176.70264165821754,-39.17036038900782],[176.70298854056196,-39.17034918123265],[176.70300293846952,-39.17061919942705],[176.70301733661643,-39.17088921850368],[176.70303173375305,-39.171159236700866],[176.70304613223703,-39.17142925484427],[176.70306052975792,-39.17169927300747],[176.703074927471,-39.17196929115365],[176.70342181875068,-39.171958082573894],[176.7034362179768,-39.172228100596904],[176.70308932653143,-39.17223930924608],[176.7031037246288,-39.17250932735829],[176.70275683167034,-39.172520535083684],[176.7027712286389,-39.172790553285076],[176.7024243341674,-39.172801760086664],[176.7024387300072,-39.17307177837722],[176.7020918340226,-39.17308298425497],[176.7017449378459,-39.17309418910273],[176.70139804142988,-39.17310539202124],[176.701051144869,-39.17311659480898],[176.70070424811604,-39.17312779656669],[176.70071863754308,-39.17339781537098],[176.701065535617,-39.17338661350715],[176.70141243349886,-39.173375410613275],[176.7017593311886,-39.173364206689406],[176.7017737247707,-39.17363422515832],[176.70212062358937,-39.17362302009823],[176.70213501868452,-39.173893038443985],[176.70248191863206,-39.17388183224772],[176.7028288184347,-39.17387062592065],[176.70317571799796,-39.17385941766431],[176.70319011724828,-39.174129435674544],[176.7032045166908,-39.17439945366775],[176.7035514187039,-39.174388244168995],[176.70389832172737,-39.174377034502626],[176.70424522335608,-39.17436582294377],[176.7042596269539,-39.17463584060135],[176.7046065297587,-39.174624628805425],[176.7046209348698,-39.1748946463398],[176.70496783875612,-39.17488343250836],[176.70498224542783,-39.17515345081871],[176.705329150443,-39.17514223585095],[176.70534355858078,-39.1754122531388],[176.70569046592723,-39.17540103789715],[176.70603737192613,-39.1753898216622],[176.70638427884072,-39.17537860346114],[176.70639869002608,-39.17564862134921],[176.7060517828984,-39.17565983872053],[176.70570487442316,-39.17567105509855],[176.70571928431394,-39.17594107314538],[176.70537237432524,-39.175952288599554],[176.70538678188464,-39.176222305873225],[176.70503987153776,-39.17623352036677],[176.7050542779683,-39.17650353772967],[176.70470736615525,-39.176514752198564],[176.70472177145683,-39.17678476965073],[176.70473617810603,-39.177054787049094],[176.70475058379216,-39.17732480446722],[176.70440366662066,-39.177336017362244],[176.70405675041224,-39.17734722919034],[176.70407115364816,-39.17761724680395],[176.70408555823167,-39.1778872643638],[176.70409996185205,-39.17815728194339],[176.7041143656647,-39.178427299506005],[176.70412876962234,-39.17869731615239],[176.70414317266415,-39.17896733371778],[176.70449009800288,-39.178956122114776],[176.70450450255828,-39.17922613955694],[176.70451890846127,-39.179496156945326],[176.70486583504785,-39.17948494323717],[176.7048802424645,-39.17975496050231],[176.70489465007344,-39.18002497775048],[176.70490905671934,-39.180294995018386],[176.70525598828044,-39.1802837808237],[176.70527039644003,-39.18055379796835],[176.70528480594731,-39.180823815059235],[176.70529921449156,-39.18109383216992],[176.7053136232281,-39.1813638492636],[176.70566055988272,-39.18135263361358],[176.7056749701331,-39.18162265058398],[176.7056893805758,-39.18189266753737],[176.70570379236622,-39.182162684436996],[176.70535685174704,-39.18217390040581],[176.7053712612529,-39.18244391743147],[176.70538567095107,-39.18271393444013],[176.705400081997,-39.182983951394974],[176.70541449092443,-39.183253968406426],[176.70542890115235,-39.18352398446487],[176.70508195488827,-39.18353519989785],[176.70473500843187,-39.183546414300444],[176.70472060079993,-39.18327639713029],[176.70437365547286,-39.18328761039624],[176.70402670990626,-39.183298821732635],[176.70367976419462,-39.18331003293783],[176.7033328182907,-39.18332124311268],[176.70298587219457,-39.18333245225714],[176.7026389270616,-39.18334366033445],[176.70265332671647,-39.183613677242676],[176.70230637891427,-39.18362488443255],[176.7023207774397,-39.18389490142996],[176.7023351762045,-39.184164919309616],[176.70198822551953,-39.18417612478221],[176.70200262315484,-39.18444614275103],[176.70201702093507,-39.18471615980363],[176.70203141775207,-39.184986176876],[176.70204581591668,-39.185256193894624],[176.7020602143207,-39.18552621179546],[176.70171325683486,-39.185537416768454],[176.701727654062,-39.185807433859246],[176.70174205037313,-39.186077451869025],[176.70175644798465,-39.186347468925824],[176.70177084463288,-39.18661748600238],[176.70178524147326,-39.186887503061946],[176.7017996396613,-39.187157520067764],[176.70181403688602,-39.18742753709336],[176.70182843435018,-39.18769755500118],[176.70184283195928,-39.18796757199275],[176.70185722976055,-39.18823758896736],[176.701871627754,-39.18850760592497],[176.70188602593967,-39.18877762286558],[176.70153905355443,-39.18878882804526],[176.70155345061028,-39.18905884507503],[176.70120647555538,-39.18907004936706],[176.70122087148135,-39.189340066486004],[176.70123526759951,-39.18961008358795],[176.70124966390983,-39.18988010067289],[176.70126406036508,-39.19015011684163],[176.70091707982976,-39.19016132052763],[176.7009314752023,-39.19043133768475],[176.70058449426105,-39.19044253951025],[176.70059888734815,-39.19071255679327],[176.7002519048926,-39.190723757694265],[176.69990492229218,-39.19073495846385],[176.6999193140354,-39.191004975006145],[176.69957232992076,-39.19101617485115],[176.69958671937837,-39.19128619151931],[176.69960111023087,-39.19155620903295],[176.69925412323255,-39.19156740716028],[176.69926851179937,-39.19183742479977],[176.69928290166663,-39.19210744148632],[176.6992972906176,-39.19237745909185],[176.69931167976063,-39.19264747668038],[176.69932606904854,-39.192917493352695],[176.69897907640257,-39.19292869094304],[176.6989934646075,-39.19319870860369],[176.69900785295727,-39.19346872534812],[176.69902224149914,-39.19373874207556],[176.69903663028026,-39.19400875968525],[176.69868963099734,-39.194019956705944],[176.698704018601,-39.19428997350549],[176.69871840639672,-39.194559990288056],[176.6987327944317,-39.19483000795286],[176.69874718145593,-39.19510002473818],[176.6990941860284,-39.195088827293155],[176.69910857576994,-39.19535884481789],[176.69912296450076,-39.19562886146317],[176.69946997157322,-39.19561766367433],[176.6994843629742,-39.19588768015976],[176.69983137117703,-39.195876481233974],[176.69984576293697,-39.19614649763306],[176.70019277227016,-39.19613529757032],[176.70053978141118,-39.19612409647672],[176.70055417600824,-39.196394112646566],[176.70056857200032,-39.19666412966189],[176.7005829669817,-39.19693414579774],[176.70059736220253,-39.197204162815844],[176.70094437644144,-39.19719296026681],[176.70129139048817,-39.1971817566869],[176.70130578854625,-39.197451773475706],[176.7016528037233,-39.19744056875875],[176.70166720324895,-39.19771058452516],[176.70168160301407,-39.19798060117382],[176.7016960029714,-39.19825061780546],[176.70171040307375,-39.198520633520914],[176.701363382559,-39.198531837763305],[176.70137778153097,-39.198801853567915],[176.70103075954862,-39.19881305778474],[176.70104515734286,-39.19908307277931],[176.70069813384566,-39.199094276071335],[176.700712529401,-39.19936429209102],[176.70036550549733,-39.19937549352224],[176.70037989992215,-39.19964550963107],[176.7000328733479,-39.19965671017419],[176.69968584778445,-39.19966791054882],[176.69933882082591,-39.19967910902998],[176.69899179487817,-39.19969030734263],[176.69900618415704,-39.199960322959676],[176.69865915669445,-39.19997152034745],[176.69831212783683,-39.1999827158417],[176.69796509999006,-39.19999391116747],[176.6979794854928,-39.200263927085786],[176.69763245613117,-39.200275121486584],[176.6976468416589,-39.200545137457226],[176.69766122622292,-39.200815153447614],[176.6973141939765,-39.20082634613029],[176.69732857740976,-39.201096362209746],[176.69698154364852,-39.20110755396743],[176.69699592595097,-39.20137757013594],[176.69701030960115,-39.201647586250736],[176.6966632730494,-39.201658778088685],[176.6963162351027,-39.20166996803304],[176.69596919811974,-39.201681156909615],[176.69562216210053,-39.20169234471842],[176.69527512478086,-39.20170353243209],[176.69492808722202,-39.201714718215456],[176.6945810494713,-39.201725902967745],[176.69423401152866,-39.20173708668895],[176.69388697459706,-39.201748270241644],[176.69387260285262,-39.20147825317289],[176.693525567052,-39.20148943558853],[176.69317852985665,-39.2015006161106],[176.69283149362522,-39.20151179556489],[176.69248445609338,-39.201522974924046],[176.69213741947834,-39.20153415231619],[176.69179038271866,-39.201545329576504],[176.69180474532297,-39.20181534641824],[176.691819108119,-39.202085363243015],[176.69147206847467,-39.202096538784794],[176.69112502863854,-39.202107713295476],[176.6911393889805,-39.20237773031505],[176.6907923476769,-39.20238890479972],[176.69044530613442,-39.20240007735409],[176.6904596640222,-39.2026700945684],[176.69011262096512,-39.20268126619749],[176.69012697887737,-39.202951283463996],[176.68977993430562,-39.20296245416782],[176.68943288954225,-39.2029736238405],[176.6894472438444,-39.203243641338396],[176.68910019756638,-39.20325481008575],[176.68911455069008,-39.20352482677325],[176.6887675028974,-39.20353599459527],[176.68842045606888,-39.20354716134951],[176.6880734079401,-39.203558328008455],[176.68772635957265,-39.203569492737024],[176.68737931216938,-39.2035806563978],[176.6870322634188,-39.20359181906403],[176.68701791823318,-39.2033218017418],[176.68667087176988,-39.20333296323452],[176.68632382395933,-39.203344123732684],[176.68633816765467,-39.20361414122977],[176.68599111832958,-39.2036253008025],[176.68600545973757,-39.20389531842499],[176.6856584101008,-39.2039064779349],[176.68567275037722,-39.20417649564615],[176.68532569917886,-39.20418765333136],[176.68534003827656,-39.204457670232145],[176.6849929855637,-39.204468826991864],[176.6850073235768,-39.20473884488061],[176.68466026934937,-39.20475000071484],[176.68467460623074,-39.20502001869231],[176.68468894330354,-39.20529003665285],[176.68434188623846,-39.20530119166724],[176.68435622213244,-39.20557120881726],[176.68400916355276,-39.2055823629061],[176.6836621047817,-39.2055935159637],[176.6836764382207,-39.20586353330812],[176.6833293779351,-39.20587468544012],[176.6833437102893,-39.20614470377248],[176.6829966484421,-39.206155854079654],[176.68301097966443,-39.2064258725007],[176.68266391630266,-39.20643702188223],[176.68267824639304,-39.20670704039198],[176.68269257547192,-39.20697705802212],[176.68234551047516,-39.2069882074463],[176.6819984440843,-39.20699935497651],[176.6820127718637,-39.207269372764365],[176.68166570400524,-39.20728052026815],[176.68168003065264,-39.207550538144666],[176.6816943563355,-39.20782055604082],[176.68170868336543,-39.20809057388343],[176.68172300947782,-39.208360592644915],[176.6817373368903,-39.208630610453646],[176.68175166333825,-39.20890062828199],[176.6817659899774,-39.20917064609338],[176.6817803168079,-39.20944066388785],[176.68143323928004,-39.20945181026933],[176.6814475649783,-39.209721828152425],[176.6814618908679,-39.20999184601858],[176.68180897104267,-39.20998069942589],[176.68215605218205,-39.209969551765205],[176.68250313197422,-39.20995840310969],[176.68248880211425,-39.20968838556039],[176.6828358815475,-39.20967723594252],[176.68282155055542,-39.20940721848191],[176.68316862731803,-39.20939606797487],[176.68351570504512,-39.209384916399884],[176.6835300386841,-39.209654933649205],[176.6838771175433,-39.20964378093716],[176.68389145269705,-39.20991379806385],[176.6839057880893,-39.21018381607283],[176.6842528682481,-39.21017266215464],[176.68426720510817,-39.21044267914174],[176.684614287602,-39.21043152494909],[176.68462862597698,-39.210701541813556],[176.68497570955577,-39.21069038558455],[176.68499004833689,-39.21096040326223],[176.68533713304777,-39.21094924589606],[176.6856842176142,-39.210938088397725],[176.6856698750302,-39.21066807096811],[176.68565553379352,-39.21039805348491],[176.6860026143656,-39.21038689520322],[176.68634969701085,-39.21037573491761],[176.6866967783087,-39.21036457363724],[176.6867111235158,-39.21063459080324],[176.68672547007037,-39.21090460791564],[176.68707255382364,-39.21089344539233],[176.68708690189328,-39.21116346238202],[176.68710124899857,-39.21143347939137],[176.6871155974513,-39.21170349634712],[176.68712994493973,-39.21197351332253],[176.6874770349515,-39.21196234930812],[176.68749138395512,-39.2122323661608],[176.6875057331503,-39.21250238299652],[176.68785282566478,-39.21249121863829],[176.68819991683173,-39.21248005328521],[176.68821426886572,-39.212750069892394],[176.68856136116466,-39.21273890340205],[176.68890845438074,-39.2127277349443],[176.68925554629638,-39.21271656639097],[176.68960263917617,-39.21270539676948],[176.68961699669634,-39.21297541293646],[176.68996408955218,-39.212964242214305],[176.69031118337222,-39.21295307042398],[176.6903255437785,-39.213223087261525],[176.6906726387304,-39.213211914333854],[176.69068700060495,-39.21348193014933],[176.6907013626713,-39.21375194594784],[176.6907157249765,-39.2140219626286],[176.69073008742635,-39.21429197839315],[176.69074444895918,-39.21456199507666],[176.69075881179256,-39.214832010807264],[176.6911059144949,-39.21482083621284],[176.69145301589666,-39.21480966152278],[176.6918001182154,-39.214798484865234],[176.6921472203423,-39.214787307176145],[176.69216158870964,-39.21505732336545],[176.69250869085965,-39.2150461454748],[176.69252306069544,-39.21531616064198],[176.69287016513331,-39.215304981577155],[176.6928845353288,-39.21557499665814],[176.69323164089857,-39.215563816455806],[176.69324601381288,-39.21583383227641],[176.6928989069193,-39.21584501258468],[176.69291327754576,-39.21611502853093],[176.69256617029242,-39.216126207876854],[176.69258053973974,-39.21639622301284],[176.69259490942613,-39.21666623903108],[176.69260928041317,-39.21693625409642],[176.692956391638,-39.21692507443271],[176.692970764188,-39.217195090274366],[176.69298513577394,-39.217465106135734],[176.69299950750457,-39.21773512108092],[176.69301387947428,-39.21800513690834],[176.69302825158874,-39.218275151819554],[176.69304262394226,-39.21854516761303],[176.69305699644053,-39.2188151824903],[176.69307136917791,-39.21908519824981],[176.69272424615824,-39.21909637789845],[176.6927386177635,-39.219366393746924],[176.69275298951348,-39.2196364086792],[176.6927673603465,-39.21990642453043],[176.69278173248028,-39.22017643942874],[176.69243460401967,-39.22018761936859],[176.69244897502122,-39.22045763435585],[176.6924633450587,-39.22072764936285],[176.6921162148668,-39.22073882754685],[176.69213058381916,-39.22100884354202],[176.69178345211122,-39.22102002080018],[176.69179781988413,-39.22129003598504],[176.69145068666015,-39.221301212317314],[176.69146505334794,-39.22157122849032],[176.69111791860792,-39.22158240389668],[176.69113228411618,-39.2218524192594],[176.6907851478601,-39.22186359373983],[176.69079951223597,-39.22213360919144],[176.69081387680365,-39.2224036246261],[176.6904667377073,-39.222414798286465],[176.69048110114252,-39.22268481381003],[176.69049546476955,-39.22295482931659],[176.69050982858838,-39.2232248448062],[176.69016268528026,-39.223236016853086],[176.69017704796656,-39.22350603243161],[176.68982990318946,-39.223517204451696],[176.68948275822055,-39.22352837543991],[176.68949711840287,-39.22379839031393],[176.68914997191789,-39.22380956037612],[176.6891643310147,-39.22407957623821],[176.68917869025617,-39.224349591184115],[176.6891930497365,-39.224619607012265],[176.6892074094086,-39.224889622823476],[176.6892217680692,-39.22515963775514],[176.68923612812478,-39.22542965353238],[176.68925048832503,-39.22569966839345],[176.68926484760803,-39.225969684173435],[176.68891769028872,-39.225980853151135],[176.68893204959514,-39.22625086898331],[176.68858489075959,-39.226262037034864],[176.6885992489332,-39.22653205295592],[176.6882520885814,-39.226543220081275],[176.68826644441893,-39.226813235228605],[176.68861360609526,-39.22680206799742],[176.68862796344908,-39.22707208302196],[176.6886423221979,-39.227342098892095],[176.68865667993518,-39.227612113882714],[176.68867103791132,-39.22788212975558],[176.6883238708895,-39.227893296510786],[176.6883382288889,-39.22816331243585],[176.68835258587677,-39.22843332748136],[176.68836694305634,-39.22870334250992],[176.6883813004748,-39.22897335842074],[176.68872847159196,-39.22896219037969],[176.68874283047973,-39.22923220526849],[176.68875718960638,-39.229502221039546],[176.68877154887764,-39.229772235894416],[176.68878590834066,-39.230042250732325],[176.6888002668864,-39.23031226648915],[176.68881462673295,-39.230582281293124],[176.68882898677128,-39.23085229608011],[176.68884334584519,-39.23112231088679],[176.6888577063142,-39.23139232653907],[176.68887206577162,-39.23166234131184],[176.6888864254208,-39.23193235606763],[176.68890078641803,-39.232202370769784],[176.68891514649795,-39.23247238639086],[176.68892950672247,-39.23274240109575],[176.68927669739864,-39.23273123140351],[176.6892910591399,-39.2330012459856],[176.68930542107296,-39.23327126055071],[176.68931978324503,-39.23354127599807],[176.6893341455617,-39.23381129052925],[176.68934850807022,-39.23408130504345],[176.68936287077054,-39.234351319540686],[176.68937723370985,-39.23462133492018],[176.68972443231291,-39.23461016349145],[176.68973879672197,-39.23488017784889],[176.68975316137002,-39.23515019308859],[176.68976752500643,-39.23542020744876],[176.689781889991,-39.235690221755284],[176.6897962540111,-39.235960236081524],[176.68981061937936,-39.23623025035412],[176.68982498383036,-39.23650026554566],[176.68983934958231,-39.23677027978429],[176.68985371436986,-39.23704029404264],[176.68986807934922,-39.23731030828402],[176.68952086744753,-39.23732147987208],[176.68953523129352,-39.237591494202334],[176.68954959533136,-39.23786150851565],[176.68956395956104,-39.23813152281197],[176.68921674349167,-39.23814269368517],[176.6892311065879,-39.23841270807039],[176.68924546987597,-39.238682722438604],[176.6892598333559,-39.238952736789884],[176.68891261191524,-39.23896390608565],[176.68892697426162,-39.2392339205258],[176.68857975250725,-39.239245089757496],[176.68823253051394,-39.2392562570575],[176.68824689040142,-39.23952627169234],[176.6878996668909,-39.239537438065696],[176.6879140244884,-39.23980745282604],[176.68792838343404,-39.24007746753275],[176.68794274252429,-39.240347481323276],[176.68795710069708,-39.24061749603271],[176.68797146021805,-39.24088751068852],[176.68798581993082,-39.24115752532739],[176.68800017863182,-39.24142753908667],[176.68801453757177,-39.24169755372825],[176.68836177168595,-39.24168638650836],[176.68837613329964,-39.24195640099048],[176.68839049390155,-39.24222641459308],[176.68840485474246,-39.24249642907792],[176.6887520926415,-39.24248526050799],[176.68876645615623,-39.24275527483338],[176.6887808187064,-39.24302528917847],[176.6887951814012,-39.24329530260738],[176.68880954433504,-39.24356531691851],[176.68882390746072,-39.2438353312127],[176.68883827073108,-39.24410534459068],[176.68885263424045,-39.244375358850924],[176.6891998812743,-39.24436418940676],[176.68954712806914,-39.24435301803071],[176.68989437471924,-39.244341846521266],[176.69024162117742,-39.24433067397917],[176.6905888673965,-39.24431949950522],[176.69093611462728,-39.24430832486118],[176.69128336050966,-39.244297149221154],[176.69129773349084,-39.24456716272331],[176.6916449804597,-39.244555985045565],[176.69165935500578,-39.24482599932404],[176.69200660310838,-39.24481482050769],[176.69202097917218,-39.245084834663295],[176.6923682295649,-39.24507365467167],[176.69271547865637,-39.24506247458331],[176.69306272871222,-39.24505129342559],[176.69340997857597,-39.2450401112352],[176.69342435897838,-39.24531012498672],[176.69377160997578,-39.24529894165771],[176.69378599184876,-39.24556895438705],[176.69413324397982,-39.24555776991939],[176.69448049591873,-39.24554658441905],[176.69449488068258,-39.24581659781865],[176.69484213375515,-39.245805411179646],[176.69518938663552,-39.24579422350796],[176.69553663932368,-39.24578303480358],[176.69588389181965,-39.24577184506652],[176.69623114412337,-39.245760654296795],[176.69657839628215,-39.245749463393615],[176.6969256493578,-39.24573827052178],[176.6972729010848,-39.24572707665405],[176.697287296647,-39.24599708918834],[176.69763454950746,-39.24598589418185],[176.6979818033793,-39.24597469900514],[176.6979962017854,-39.24624471131029],[176.69834345558695,-39.24623351413232],[176.6983578566676,-39.2465035262776],[176.69870511164987,-39.24649232886005],[176.69905236754897,-39.24648112947383],[176.69939962214647,-39.2464699299909],[176.69974687766074,-39.24645872853927],[176.70009413182612,-39.24644752609175],[176.70044138700283,-39.24643632347397],[176.7004269791239,-39.24616631192876],[176.70077423273506,-39.24615510748526],[176.70112148620103,-39.24614390290826],[176.7014687394272,-39.246132696399386],[176.7014831513308,-39.24640270852527],[176.70183040569023,-39.24639150087753],[176.70184481911213,-39.246661512880195],[176.70219207465215,-39.24665030499277],[176.702206489545,-39.246920315973014],[176.70222090467777,-39.24719032783547],[176.70223531884665,-39.247460339717755],[176.7025825781716,-39.24744913047895],[176.7025969950153,-39.24771914220119],[176.7029442554262,-39.24770793092422],[176.70295867378837,-39.24797794252321],[176.70297309118666,-39.24824795414203],[176.70298750993405,-39.248517965707],[176.7033347741773,-39.24850675397778],[176.7033491944432,-39.24877676541952],[176.70369645981978,-39.24876555255127],[176.70371088044777,-39.249035563906574],[176.70372530242486,-39.24930557520804],[176.7040725702607,-39.249294361094485],[176.7040869925999,-39.24956437230952],[176.70373972343813,-39.249575586529325],[176.70375414464402,-39.24984559783362],[176.7037685659952,-39.25011560822168],[176.70378298758638,-39.250385619491965],[176.70343571425394,-39.25039683299775],[176.70345013471174,-39.25066684435729],[176.7034645553148,-39.25093685480062],[176.7031172791376,-39.2509480674861],[176.7027700027204,-39.25095927823953],[176.70275558476948,-39.2506892675837],[176.70240830948575,-39.25070047719806],[176.70242272615798,-39.2509704888593],[176.7020754505121,-39.25098169751022],[176.70172817351715,-39.250992905165106],[176.7017137595444,-39.250722894190616],[176.701366483683,-39.250734100706424],[176.70101920767635,-39.25074530708863],[176.70103361899695,-39.251015318275485],[176.7010480305574,-39.25128533034461],[176.70070075281527,-39.25129653497031],[176.70071516319476,-39.25156654622938],[176.7007295738141,-39.25183655837068],[176.70107685416113,-39.2518253526334],[176.70109126629916,-39.25209536465149],[176.7007439834221,-39.25210656963254],[176.7007583943791,-39.25237658084064],[176.70041111113989,-39.25238778485817],[176.70042552101057,-39.252657797054646],[176.70043992986984,-39.25292780837169],[176.7004543400782,-39.25319781963498],[176.70046875047902,-39.25346783088124],[176.70048315991576,-39.253737842147316],[176.7004975707016,-39.25400785335959],[176.70015027815595,-39.25401905701803],[176.700164687808,-39.254289068319494],[176.70017909649596,-39.254559079640735],[176.7001935053764,-39.254829090945],[176.70020791560592,-39.25509910219546],[176.70022232487136,-39.25536911346571],[176.7002367343766,-39.255639125618195],[176.70025114402705,-39.25590913685446],[176.70026555386997,-39.25617914807375],[176.69991825163018,-39.256190350612535],[176.69993266033916,-39.25646036192097],[176.69958535658046,-39.25647156353288],[176.69959976415547,-39.2567415749305],[176.69961417192297,-39.25701158631109],[176.69926686531883,-39.25702278710225],[176.69928127195232,-39.25729279857201],[176.69893396267256,-39.257303998473],[176.69894836817198,-39.25757401003191],[176.69929567762162,-39.25756281006156],[176.69931008464002,-39.25783282149734],[176.69932449180357,-39.258102832016895],[176.6996718037138,-39.25809163080114],[176.69968621244374,-39.25836164209679],[176.70003352548804,-39.25835043974175],[176.70038083833987,-39.2583392363536],[176.70072815099914,-39.258328031932336],[176.70107546462256,-39.258316826441124],[176.7010898776946,-39.258586837331855],[176.70143719249936,-39.25857563160056],[176.70178450590757,-39.2585644239737],[176.70179892298205,-39.2588344345982],[176.70181333909247,-39.25910444524253],[176.70216065611788,-39.25909323633329],[176.70250797184136,-39.259082027326954],[176.70249355303037,-39.25881201599588],[176.7028408672346,-39.25880080606263],[176.70318818235552,-39.258789594160206],[176.70353549728372,-39.25877838122467],[176.70388281091,-39.25876716819203],[176.7042301254528,-39.25875595319023],[176.7042157002015,-39.25848594237345],[176.70456301327238,-39.258474727344016],[176.70491032610315,-39.258463510382235],[176.70525763874113,-39.25845229238736],[176.70527206797215,-39.25872230288525],[176.70561938174393,-39.258711083750946],[176.7056338124943,-39.25898109412549],[176.70598112855652,-39.258969873814856],[176.70599556082627,-39.25923988406606],[176.70600999328886,-39.259509894300265],[176.7060244259443,-39.25977990451747],[176.7060388587925,-39.26004991471763],[176.70605329178613,-39.2603199240016],[176.70606772502003,-39.26058993416776],[176.70641504774002,-39.260578713122015],[176.70642948249343,-39.26084872316481],[176.70644391739228,-39.26111873229138],[176.70679124257285,-39.26110750999974],[176.7068056790387,-39.26137751990217],[176.70682011569744,-39.26164752978757],[176.70683455254903,-39.261917539655975],[176.7068489884368,-39.262187549544215],[176.70686342562672,-39.26245755847938],[176.70687786190027,-39.26272756833361],[176.70722519484863,-39.26271634437055],[176.7072396337986,-39.26298635406452],[176.70725407178477,-39.26325636377835],[176.70726851112053,-39.26352637343829],[176.70728294949254,-39.263796383118084],[176.70763028755545,-39.26378515769625],[176.70764472744722,-39.26405516725264],[176.70765916868868,-39.26432517675517],[176.70800650925995,-39.26431395098644],[176.7080209508171,-39.26458395950323],[176.70836829252235,-39.264572732594786],[176.7087156340346,-39.26456150465299],[176.70873007848607,-39.26483151383914],[176.70907742228906,-39.264820284720734],[176.70942476469483,-39.264809053706664],[176.70943921204068,-39.26507906356215],[176.70978655558037,-39.265067831408295],[176.70980100444623,-39.26533784114032],[176.70981545345768,-39.265607849956126],[176.7098299026622,-39.26587785875487],[176.70984435205978,-39.266147867536645],[176.7101917007619,-39.26613663482283],[176.71020615167956,-39.26640664348112],[176.71022060163355,-39.266676652159276],[176.71023505293738,-39.2669466607835],[176.70988770025403,-39.266957893816674],[176.70990214926707,-39.267227902567264],[176.71024950448177,-39.267216670289926],[176.71026395501497,-39.26748667891702],[176.71061131015944,-39.267475444637505],[176.7109586663151,-39.26746421018684],[176.71130602107334,-39.267452973840484],[176.71165337679523,-39.267441736423756],[176.71200073237142,-39.26743049887281],[176.7120151897334,-39.267700506950455],[176.71236254644356,-39.267689268259566],[176.71270990291305,-39.267678027636045],[176.71272436317,-39.26794803638281],[176.71307172077337,-39.26793679461931],[176.71308618255068,-39.268206803242514],[176.71343354133552,-39.26819556123823],[176.71344800458573,-39.26846556883866],[176.71379536450445,-39.268454325694364],[176.7138098293226,-39.26872433407041],[176.71415719032774,-39.26871308888689],[176.7141716566664,-39.26898309713932],[176.714519018853,-39.26897185171494],[176.71453348671213,-39.26924185984378],[176.7148808500326,-39.26923061327935],[176.71522821315978,-39.269219365681444],[176.71557557604598,-39.26920811615086],[176.71559004808014,-39.269478123942825],[176.7159374121478,-39.26946687417135],[176.71628477602204,-39.26945562336637],[176.7162992509041,-39.26972563092806],[176.7159518857026,-39.26973688183967],[176.71596635945076,-39.27000688949096],[176.71561899157177,-39.270018139512636],[176.71563346418608,-39.27028814725353],[176.71564793699375,-39.27055815497738],[176.71530056742364,-39.270569404141824],[176.715315037893,-39.270839411093014],[176.7153295097601,-39.27110941888941],[176.7153439806637,-39.271379426705714],[176.71569135421583,-39.271368177221426],[176.71570582779705,-39.27163818487711],[176.7157203004148,-39.271908192552765],[176.7157347743828,-39.27217820017439],[176.71574924738738,-39.27244820781596],[176.7154018684781,-39.272459456827534],[176.71541634034858,-39.27272946455868],[176.71543081241245,-39.2729994722728],[176.71577819392908,-39.27298822214879],[176.7157926675138,-39.27325822973924],[176.71614005021206,-39.2732469793742],[176.71648743271686,-39.27323572797553],[176.71650190914997,-39.273505735335675],[176.716516385729,-39.2737757417796],[176.71686377185225,-39.273764489097005],[176.7168782488429,-39.27403449635341],[176.7168927271839,-39.274304503555804],[176.71690720571837,-39.27457451074116],[176.7169216844463,-39.2748445179095],[176.71693616221083,-39.27511452509775],[176.71728355477842,-39.2751032708482],[176.717298034064,-39.27537327791275],[176.71731251469998,-39.275643284923284],[176.71732699437257,-39.275913291953756],[176.71734147539556,-39.27618329893024],[176.71735595545513,-39.27645330592665],[176.71737043566063,-39.27672331200681],[176.71738491726416,-39.27699331893216],[176.7170375165598,-39.277004573891396],[176.71705199582456,-39.27727458004416],[176.7170664753304,-39.27754458707907],[176.71671907172953,-39.277555840318676],[176.71673355010108,-39.277825847443204],[176.7163861449789,-39.27783709975568],[176.7160387396633,-39.277848351034336],[176.71569133535877,-39.27785960214145],[176.71534392965629,-39.27787085135252],[176.7153584028626,-39.27814085798739],[176.71501099563886,-39.27815210627129],[176.71466358942632,-39.27816335438361],[176.71431618181583,-39.27817460059989],[176.71433065123207,-39.27844460753751],[176.7139832421004,-39.278455852826575],[176.7136358339324,-39.27846709704484],[176.71365030088631,-39.27873710417861],[176.71330289119706,-39.27874834746963],[176.71295548020512,-39.278759590662965],[176.71296994469662,-39.279029597992796],[176.713317357064,-39.279018355592115],[176.7133318230767,-39.279288362798354],[176.71334628928267,-39.2795583699876],[176.71336075452498,-39.27982837719673],[176.7130133393309,-39.27983961988015],[176.71302780459558,-39.28010962714187],[176.7130422700536,-39.28037963438658],[176.71338968790357,-39.28036839149004],[176.71340415488282,-39.28063839861113],[176.71341862089844,-39.28090840575217],[176.71376604236806,-39.28089716157168],[176.713780509905,-39.281167168589086],[176.71343308826437,-39.28117841283922],[176.7134475546666,-39.28144841994619],[176.7131001314571,-39.28145966236975],[176.71311459788163,-39.281729669529305],[176.71276717204125,-39.28174091196162],[176.71278163733106,-39.28201091921069],[176.71279610160963,-39.28228092558049],[176.712810566129,-39.28255093283244],[176.71246313722054,-39.282562173614316],[176.71247760176217,-39.28283218091885],[176.71249206534003,-39.283102188243284],[176.71214463358203,-39.28311342820427],[176.712159096025,-39.2833834356182],[176.71181166274556,-39.283394674651696],[176.71146422927288,-39.283405912651176],[176.7111167956069,-39.28341714961666],[176.71076936179526,-39.283428386447305],[176.7107838202283,-39.283698393334156],[176.71043638484775,-39.283709628338094],[176.710088949274,-39.283720862307995],[176.70974151350703,-39.2837320952439],[176.7093940787515,-39.28374332800805],[176.70904664259825,-39.28375455887589],[176.7090610945835,-39.284024566278056],[176.7087136569089,-39.28403579621831],[176.70869920740898,-39.28376578867279],[176.70835177202656,-39.28377701743566],[176.70800433529405,-39.28378824520141],[176.70765689957295,-39.28379947279543],[176.70730946361135,-39.2838106984562],[176.70696202629966,-39.283821923119845],[176.70697647031554,-39.2840919311605],[176.70699091336738,-39.28436193922104],[176.70700535656474,-39.284631946365366],[176.70735279670413,-39.28462072141946],[176.7073672414703,-39.284890729339565],[176.70771468274492,-39.2848795032532],[176.70806212498354,-39.28486827609585],[176.70840956587202,-39.28485704794132],[176.70842401481613,-39.28512705552519],[176.70843846395329,-39.28539706309202],[176.7084529132836,-39.28566707064185],[176.7084673616499,-39.285937078211575],[176.70811991544812,-39.28594830679178],[176.70813436383625,-39.286218314414],[176.70814881241748,-39.286488322019196],[176.7081632599872,-39.28675832874509],[176.7085107102216,-39.286747100744805],[176.7085251605174,-39.28701710820954],[176.70887261183964,-39.28700587816951],[176.708887063657,-39.28727588551079],[176.7089015145104,-39.28754589287194],[176.70891596671404,-39.287815900179176],[176.70856851020187,-39.28782712967625],[176.70858296127017,-39.2880971370729],[176.70859741137448,-39.28836714448944],[176.70824995316934,-39.28837837312827],[176.7082644021382,-39.288648380634235],[176.70827885130024,-39.28891838812318],[176.70793139024488,-39.288929615940646],[176.70794583827143,-39.28919962351898],[176.7079602864436,-39.289469630181095],[176.707612822538,-39.28948085717718],[176.70762726962215,-39.28975086482787],[176.70764171689936,-39.29002087246157],[176.70765616432223,-39.29029087917906],[176.70767061198563,-39.29056088677873],[176.70732314257242,-39.29057211316616],[176.70733758905277,-39.29084211995598],[176.70735203577368,-39.29111212762803],[176.70736648264017,-39.291382134383845],[176.70771395603947,-39.291370907677184],[176.70772840331807,-39.29164091524569],[176.70807587785296,-39.291629687398284],[176.7080903278106,-39.29189969480644],[176.7081047768042,-39.29216970223448],[176.7077572995643,-39.2921809293955],[176.70777174857938,-39.29245093687603],[176.7077861965829,-39.29272094347725],[176.70780064593677,-39.29299095002454],[176.70745316456484,-39.29300217736965],[176.70746761162576,-39.29327218404324],[176.70748206008446,-39.29354219156211],[176.7071345758143,-39.29355341718645],[176.7071490219325,-39.293823423932395],[176.70680153614038,-39.293834648628724],[176.7068159811703,-39.29410465636326],[176.7064684950134,-39.29411588009468],[176.70648293886,-39.294385887019374],[176.70649738289964,-39.29465589392705],[176.70651182713232,-39.294925900817724],[176.70652627155806,-39.29519590769138],[176.70617877989238,-39.29520713081388],[176.70619322318223,-39.29547713777688],[176.70620766550783,-39.29574714475977],[176.70622210918376,-39.29601715168876],[176.70623655310018,-39.29628715949992],[176.70658405123916,-39.29627593591504],[176.70693154802782,-39.296264711332554],[176.70694599474794,-39.29653471801473],[176.70729349272003,-39.29652349319056],[176.70730794096232,-39.29679349974933],[176.70765544122767,-39.29678227374736],[176.70766988983488,-39.297052280219596],[176.7076843397925,-39.29732228663793],[176.70769878878596,-39.29759229307616],[176.7073512857381,-39.29760352025965],[176.70736573359557,-39.29787352678726],[176.70701822897794,-39.29788475214341],[176.70667072300995,-39.29789597650194],[176.7066851684022,-39.2981659832253],[176.70669961398755,-39.29843598993166],[176.70671405860867,-39.298705996657915],[176.70706156856423,-39.29869477198022],[176.70707601470764,-39.29896477858307],[176.70742352464197,-39.29895355280131],[176.70743797230773,-39.299223559280726],[176.7077854845355,-39.29921233232107],[176.7077999337236,-39.299482338677066],[176.70781438310485,-39.299752345016046],[176.70816189664066,-39.29974111684585],[176.70817634759183,-39.300011123960594],[176.70852386342105,-39.299999894612455],[176.7085383158472,-39.30026990070455],[176.70819079868866,-39.30028113015912],[176.70820524997868,-39.30055113634062],[176.70821970030454,-39.30082114254201],[176.70787218140404,-39.30083237023868],[176.70788663059366,-39.30110237652948],[176.70790108113385,-39.30137238276635],[176.7079155307098,-39.30164238902312],[176.70792998163628,-39.30191239522593],[176.70794443159858,-39.30218240144867],[176.7075969059055,-39.302193629541975],[176.707611354684,-39.30246363495491],[176.70726382746832,-39.302474862119894],[176.70727827515802,-39.302744868521415],[176.70693074637225,-39.30275609385888],[176.7069451929256,-39.30302610034979],[176.70659766261718,-39.30303732475893],[176.70661210803414,-39.3033073313392],[176.70626457620313,-39.30331855481998],[176.70627902043617,-39.3035885605904],[176.7062934649098,-39.30385856724302],[176.70630790957654,-39.30412857387862],[176.70665544539617,-39.30411735007871],[176.70700298102267,-39.304106125244],[176.70701742849414,-39.304376130750626],[176.70736496641445,-39.304364904737824],[176.7073505176134,-39.304094899337606],[176.70769805285366,-39.304083672433364],[176.70804558790067,-39.30407244449435],[176.70839312391192,-39.304061215483635],[176.70840757670163,-39.30433122056457],[176.70875511273934,-39.30431999134878],[176.70910264969373,-39.304308760162066],[176.7091171042259,-39.30457876594924],[176.7094646423166,-39.304567533621295],[176.709479099529,-39.30483753924805],[176.70982663759864,-39.30482630581576],[176.71017417663236,-39.30481507131178],[176.71018863669727,-39.30508507670855],[176.71020309584554,-39.305355083024416],[176.7105506373452,-39.305343847272646],[176.71056509912634,-39.30561385252887],[176.7109126418098,-39.305602616535],[176.7109271039565,-39.30587262170464],[176.71127464772877,-39.3058613836702],[176.711289111446,-39.30613138961552],[176.71163665635456,-39.30612015043973],[176.71165112154728,-39.30639015536229],[176.71199866763968,-39.30637891594434],[176.71198420111728,-39.30610891112831],[176.71233174563903,-39.30609766988285],[176.71231727798036,-39.30582766515635],[176.71266482097903,-39.30581642298261],[176.71301236383184,-39.30580518067323],[176.7133599064436,-39.30579393642987],[176.7137074489095,-39.305782692050876],[176.71405499118188,-39.305771446637046],[176.71440253321316,-39.30576019928921],[176.71441701005475,-39.306030204238475],[176.71476455326973,-39.306018956648415],[176.71477903042947,-39.306288960611816],[176.71479350783036,-39.30655896545739],[176.71514105466858,-39.30654771658227],[176.7151555335927,-39.306817721304185],[176.7151700127104,-39.30708772600906],[176.71518449202165,-39.307357730696886],[176.7155320414504,-39.307346479604824],[176.71554652228494,-39.30761648416898],[176.71589407405486,-39.307605232797584],[176.71587959189054,-39.30733522834007],[176.7162271409797,-39.30732397607746],[176.71621265767928,-39.30705397170956],[176.71656020640248,-39.30704271848173],[176.71654572196599,-39.30677271420346],[176.71689326916587,-39.30676146004744],[176.71687878243588,-39.30649145589581],[176.7172263281124,-39.30648020081164],[176.71757387359526,-39.30646894469264],[176.71755938555702,-39.30619894070032],[176.7179069294689,-39.30618768275399],[176.7182544720773,-39.306176424709065],[176.71826896282246,-39.30644642938714],[176.71861650767656,-39.30643516926443],[176.7189640523845,-39.30642390900611],[176.71897854598276,-39.30669391345369],[176.71932609182667,-39.306682652053794],[176.7193405869007,-39.306952655478405],[176.71968813388048,-39.3069413929369],[176.71970263052566,-39.30721139713692],[176.71971712731698,-39.30748140042068],[176.71973162434978,-39.30775140458657],[176.72007917512488,-39.307740140689944],[176.72009367368125,-39.30801014473204],[176.7201081712263,-39.30828014789492],[176.72012267017027,-39.30855015190295],[176.72047022474086,-39.30853888665109],[176.72048472405103,-39.3088088905723],[176.72049922466482,-39.309078893540224],[176.72084678174886,-39.309067627939115],[176.72086128272886,-39.30933763082027],[176.72087578510792,-39.3096076345465],[176.72052822420673,-39.30961890039824],[176.72054272544977,-39.30988890421422],[176.72055722568152,-39.310158907151006],[176.7205717261548,-39.310428910969925],[176.72058622677426,-39.310698913872606],[176.72060072763526,-39.31096891765744],[176.72061522864246,-39.31123892052604],[176.7206297298912,-39.31150892427676],[176.72097729894438,-39.311497657714526],[176.7209918016693,-39.31176766044222],[176.72133937185853,-39.31175639273819],[176.72135387615506,-39.312026396241215],[176.7217014474804,-39.312015127395334],[176.72171595325315,-39.31228512987534],[176.7220635257623,-39.31227386078678],[176.72207803305903,-39.312543863142885],[176.72242560670426,-39.3125325929125],[176.722440115525,-39.312802595144696],[176.7227876903063,-39.31279132377241],[176.7231352648459,-39.31278005046589],[176.72348283919146,-39.31276877612431],[176.72383041454822,-39.312757501609795],[176.72417798850572,-39.31274622519814],[176.72419250421845,-39.31301622777814],[176.72454007931194,-39.31300495022456],[176.7245545953913,-39.3132749527177],[176.72490217282598,-39.313263674884226],[176.72491669042955,-39.3135336772534],[176.7252642689525,-39.31352239737878],[176.72527878812798,-39.31379240052317],[176.72529330744985,-39.314062402751304],[176.7256408884389,-39.31405112162777],[176.72565540928503,-39.31432112373192],[176.72566993032532,-39.314591125819014],[176.72601751382828,-39.31457984434568],[176.72603203639287,-39.31484984630878],[176.7263796210318,-39.31483856369338],[176.7263941451208,-39.31510856553246],[176.72640866829414,-39.31537856829077],[176.7267562553993,-39.31536728442635],[176.72677078120685,-39.31563728612435],[176.72678530720864,-39.315907287805295],[176.72713289678,-39.315896002691794],[176.7271474231487,-39.316166004285805],[176.72716195091695,-39.31643600672482],[176.7275095429546,-39.31642472036221],[176.727524071042,-39.316694721815104],[176.7275386004813,-39.31696472321383],[176.72788619503308,-39.31695343650122],[176.72790072483934,-39.31722343781301],[176.72791525599746,-39.3174934390706],[176.72792978624005,-39.31776344124743],[176.72758218769727,-39.317774728281016],[176.72759671791357,-39.318044729611465],[176.72761124716655,-39.31831473096199],[176.72795884837012,-39.31830344371441],[176.72797337914778,-39.31857344494086],[176.72832098032987,-39.31856215658818],[176.72833551378986,-39.31883215765342],[176.72835004633433,-39.31910215963792],[176.72869764993519,-39.31909086913676],[176.72871218516204,-39.31936087096004],[176.7287267182202,-39.31963087194134],[176.72874125263036,-39.31990087286842],[176.72908886123366,-39.31988958187297],[176.72910339721645,-39.32015958357514],[176.72911793334578,-39.320429584361065],[176.72913246966945,-39.32069958512991],[176.72948008096017,-39.32068829371437],[176.7294946188088,-39.3209582943591],[176.72914700507766,-39.320969586817995],[176.7291615417901,-39.321239587552725],[176.72917607753925,-39.3215095883075],[176.72919061464037,-39.32177958900807],[176.7288429967231,-39.32179088075275],[176.728857532688,-39.32206088154327],[176.72850991324572,-39.32207217235961],[176.72852444807432,-39.322342173240116],[176.72853898193958,-39.32261217414068],[176.7285535159992,-39.322882175024155],[176.7282058935282,-39.32289346508904],[176.72822042645146,-39.32316346606247],[176.72823495956905,-39.323433467018845],[176.7278873341945,-39.32344475536315],[176.72790186617564,-39.32371475640946],[176.7279163983511,-39.32398475743871],[176.7279309307209,-39.324254758450884],[176.72794546328504,-39.32452475944601],[176.7279599960435,-39.32479476042404],[176.72761236382067,-39.324806048267924],[176.72762689544257,-39.32507604933591],[176.7272792605369,-39.32508733628843],[176.7272937909745,-39.325357336547164],[176.72730832165416,-39.32562733768798],[176.72696068505013,-39.325638623781884],[176.7269752145932,-39.32590862501264],[176.72732285252815,-39.325897338811764],[176.72733738359642,-39.326167339918484],[176.72768502266794,-39.3261560525751],[176.72803266154514,-39.326144764196194],[176.7280471954696,-39.32641476507185],[176.72839483548336,-39.3264034755504],[176.72840937093306,-39.32667347630196],[176.72842390541945,-39.32694347707358],[176.7284384412579,-39.327213477791],[176.7280907960935,-39.32722476767062],[176.72810533074752,-39.3274947675788],[176.72811986448596,-39.32776476840625],[176.72813439841875,-39.32803476921661],[176.72814893370366,-39.32830476997277],[176.72849658303437,-39.32829347970221],[176.72884423221853,-39.328282189295244],[176.7288296954293,-39.32801218871599],[176.72917734308803,-39.32800089738045],[176.72916280516213,-39.32773089689118],[176.7295104512476,-39.327719603727914],[176.72949591218512,-39.32744960332861],[176.7298435579507,-39.32743831009887],[176.7301912023641,-39.32742701587071],[176.7302057440886,-39.32769701605589],[176.7305533907484,-39.32768571974878],[176.7305679339984,-39.32795571980981],[176.7309155818426,-39.32794442325918],[176.73093012661806,-39.328214423196066],[176.7312777755988,-39.32820312550278],[176.73162542322729,-39.32819182681104],[176.73197307181894,-39.328180527046584],[176.73232072016816,-39.328169225347345],[176.7323352705102,-39.32843922573787],[176.73268292004374,-39.3284279237951],[176.73269747186353,-39.32869792316222],[176.73304512253355,-39.328686620076695],[176.7330596747691,-39.32895662025595],[176.73307422830916,-39.32922661948177],[176.73308878209173,-39.32949661958969],[176.733103336021,-39.32976661878135],[176.7331178901449,-39.330036617955955],[176.73313244335355,-39.33030661804981],[176.7331469978667,-39.33057661719024],[176.73349465770787,-39.33056531321814],[176.73350921258904,-39.33083531227152],[176.73385687356674,-39.33082400715659],[176.7338714299738,-39.33109400608572],[176.73388598778118,-39.33136400585972],[176.73423365117873,-39.33135269859558],[176.73458131442948,-39.33134139119491],[176.73492897743762,-39.3313300818594],[176.7352766402989,-39.33131877238731],[176.7352620783244,-39.331048773004916],[176.73560973961185,-39.331037461705215],[176.735595175391,-39.330767463349325],[176.73594283631027,-39.33075615108396],[176.73629049592486,-39.33074483871932],[176.73663815529673,-39.33073352441985],[176.73665272355905,-39.33100352335318],[176.7366672908584,-39.331273522306645],[176.73668185835257,-39.331543521243034],[176.73669642604153,-39.33181352016233],[176.73671099392533,-39.33208351906451],[176.7363633278494,-39.33209483300109],[176.73637789459673,-39.33236483199346],[176.73639246153886,-39.33263483096874],[176.73604479260555,-39.332646144084094],[176.73605935841118,-39.332916143149525],[176.73571168795172,-39.33292745533638],[176.73572625257287,-39.3331974535928],[176.7353785805873,-39.33320876485115],[176.73539314411983,-39.33347876409687],[176.73540770668922,-39.33374876336274],[176.73575538133753,-39.33373745188995],[176.73576994654303,-39.33400745009512],[176.7361176223279,-39.33399613747932],[176.7364652979659,-39.33398482472688],[176.73681297451898,-39.33397351000228],[176.73682754280358,-39.334243508804995],[176.73717521933537,-39.33423219297456],[176.73752289683014,-39.33422087607112],[176.7378705729722,-39.33420955816909],[176.73788514660373,-39.33447955659567],[176.73823282388227,-39.334468237550546],[176.73824739904012,-39.33473823585272],[176.73826197323498,-39.33500823417503],[176.73827654762482,-39.335278232480256],[176.73792886635192,-39.33528955184726],[176.7375811848841,-39.335300870178436],[176.73723350317346,-39.33531218657461],[176.736885820158,-39.335323502871354],[176.73687125109407,-39.335053504136994],[176.7365235703731,-39.33506481925341],[176.73617588940937,-39.33507613243484],[176.73582820829873,-39.33508744547963],[176.73584277332031,-39.33535744363658],[176.73585733974247,-39.33562744263838],[176.73587190520155,-39.335897441660315],[176.7355242198537,-39.335908753091786],[176.73553878417601,-39.33617875220388],[176.73519109730182,-39.336190062706706],[176.73484341143867,-39.33620137303563],[176.73449572417496,-39.33621268146675],[176.73451028464947,-39.33648267998423],[176.73416259706528,-39.33649398834861],[176.73417715640292,-39.3367639869562],[176.73419171593534,-39.33703398554671],[176.73453940738855,-39.33702267782989],[176.7348870974891,-39.33701136911438],[176.73523478850487,-39.3370000584266],[176.73524935227476,-39.33727005757757],[176.73559704447527,-39.337258746645816],[176.73594473643308,-39.33724743377899],[176.73629242824396,-39.33723612077545],[176.73664011986003,-39.33722480673599],[176.7369878112812,-39.33721349166061],[176.73700238185606,-39.33748348935908],[176.7370169526737,-39.33775348793963],[176.73736464656326,-39.33774217161381],[176.73737921890745,-39.33801217007],[176.73739379139855,-39.338282167609925],[176.73740836297458,-39.338552166069164],[176.73706066508998,-39.33856348271683],[176.73707523668713,-39.33883348122904],[176.73708980843122,-39.339103478824974],[176.7371043792602,-39.339373477340224],[176.737118951394,-39.33964347490198],[176.73746665465347,-39.33963215872436],[176.73748122831395,-39.33990215616174],[176.73749580105937,-39.34017215451845],[176.73751037395172,-39.34044215195889],[176.73752494824492,-39.34071215024418],[176.7375395215751,-39.34098214854961],[176.73719181165657,-39.340993465263644],[176.73720638384975,-39.34126346365925],[176.73722095618993,-39.341533461138624],[176.7372355299309,-39.341803459462824],[176.73725010266082,-39.342073456908004],[176.7372646755857,-39.34234345433611],[176.73727924875342,-39.34261345264626],[176.7372938220681,-39.342883450040176],[176.73730839446765,-39.3431534483534],[176.73732296817215,-39.343423445713135],[176.73697524607132,-39.34343476235663],[176.7369898186387,-39.343704759806556],[176.73700439144895,-39.343974758138565],[176.7370189644062,-39.34424475555429],[176.73667123811427,-39.3442560714835],[176.73632351162743,-39.34426738637653],[176.73633808211542,-39.344537383989724],[176.73635265279827,-39.34480738158583],[176.73636722251797,-39.34507737920207],[176.736019492998,-39.34508869334347],[176.73603406158043,-39.34535869104989],[176.73604863035774,-39.34562868873922],[176.7360632004879,-39.34589868637422],[176.73607776965494,-39.34616868402935],[176.73642550570963,-39.34615737032083],[176.73644007640374,-39.34642736785164],[176.73645464729273,-39.346697365365344],[176.73646921837667,-39.34696736286197],[176.73681695823305,-39.34695604779542],[176.73683153084414,-39.34722604516767],[176.73684610365012,-39.347496042522856],[176.73686067665102,-39.34776603986093],[176.73687524868876,-39.34803603721914],[176.73688982207952,-39.34830603452305],[176.73690439571317,-39.34857603270901],[176.7369189694938,-39.34884602997874],[176.73693354231122,-39.34911602726861],[176.73658579295423,-39.34912734315607],[176.73660036579233,-39.34939734049889],[176.736252613702,-39.34940865459538],[176.73626718540254,-39.34967865202837],[176.73591943299093,-39.349689966057696],[176.73593400239585,-39.349959963618055],[176.73594857315376,-39.35022996112414],[176.7359631429005,-39.3504999577512],[176.7359777140482,-39.35076995522309],[176.7356299561118,-39.35078126864505],[176.73564452496376,-39.351051266244326],[176.73565909396265,-39.35132126292735],[176.73600685461204,-39.35130995019007],[176.73602142634445,-39.351579947610695],[176.7360359970657,-39.3518499441523],[176.7363837601853,-39.35183863016406],[176.73639833248197,-39.35210862748048],[176.73641290497358,-39.35237862477981],[176.73642747766013,-39.35264862206205],[176.7364420504936,-39.352918618428035],[176.73678981874875,-39.35290730297428],[176.73680439315777,-39.353177300115064],[176.7371521625506,-39.353165983517556],[176.73716673848728,-39.353435980533966],[176.73751450901779,-39.353424662792676],[176.73752908648214,-39.3536946596847],[176.73787685815032,-39.35368334079961],[176.73789143714234,-39.35395333756723],[176.7382392099482,-39.35394201753832],[176.7382537893098,-39.35421201421879],[176.73826837002457,-39.35448201084489],[176.73861614530085,-39.35447068956485],[176.73863072754344,-39.35474068606655],[176.7389785040054,-39.354729364541775],[176.7389930866176,-39.3549993609563],[176.73934086532745,-39.35498803735123],[176.7393554494675,-39.355258033641306],[176.739703229363,-39.355246709791494],[176.74005100785718,-39.35523538404325],[176.74006559490593,-39.35550538100064],[176.74041337569597,-39.35549405407119],[176.74042796422464,-39.35576405000497],[176.74077574504213,-39.355752722868],[176.74079033625702,-39.356022718640034],[176.74113811821212,-39.35601139035909],[176.7411527097968,-39.356281386043875],[176.74150049404776,-39.35627005658167],[176.7415150872085,-39.35654005304111],[176.74186287259715,-39.35652872243488],[176.74187746607973,-39.35679871790795],[176.74189206091577,-39.357068713326605],[176.7419066559951,-39.35733870962731],[176.74192125122164,-39.357608705011764],[176.7419358454852,-39.35787870041639],[176.74195044115024,-39.35814869666579],[176.7419650369625,-39.35841869199895],[176.74197963181177,-39.358688687352284],[176.74163183691795,-39.35870001878058],[176.74164643062946,-39.35897001422424],[176.74129863420734,-39.35898134472328],[176.74131322678107,-39.35925134025726],[176.74132781954998,-39.35952133577412],[176.74134241372042,-39.35979133213575],[176.7413570068798,-39.360061327618425],[176.7413716002344,-39.36033132308398],[176.74102379690373,-39.36034265218423],[176.7410383891204,-39.360612647740105],[176.74105298158037,-39.36088264417802],[176.74106757418753,-39.36115263969967],[176.74108216698986,-39.361422635204235],[176.74142997676344,-39.36141130473791],[176.74177778523148,-39.36139997417124],[176.74212559350426,-39.361388642567796],[176.74214019050143,-39.361658637733],[176.74248800107037,-39.361647304948065],[176.742502599596,-39.361917299988704],[176.74251719720672,-39.36218729594872],[176.74253179612296,-39.362457290955156],[176.7421839827126,-39.36246862402513],[176.7421985804909,-39.3627386191219],[176.74221317730616,-39.36300861423887],[176.74186536103397,-39.36301994648691],[176.74187995671122,-39.363289941694205],[176.74222777547502,-39.36327860930144],[176.74224237268083,-39.36354860438421],[176.74225697124032,-39.363818599412575],[176.7422715688848,-39.364088595360286],[176.74228616783483,-39.364358590354435],[176.74193834368958,-39.364369922277795],[176.74195294150158,-39.36463991736229],[176.74196753835048,-39.364909912466985],[176.74161971254955,-39.36492124443017],[176.74163430826033,-39.36519123962518],[176.74164890411834,-39.36546123390393],[176.74166350021966,-39.365731229064735],[176.7413156702231,-39.36574256031328],[176.74096783998323,-39.36575388962575],[176.74098243361283,-39.36602388498431],[176.74063460184422,-39.36603521336724],[176.74064919433562,-39.36630520881606],[176.74099702743771,-39.36629388032572],[176.74101162140983,-39.366563874750895],[176.7410262156252,-39.36683387005812],[176.74137405119913,-39.36682254031602],[176.74172188657778,-39.36681120953692],[176.74173648365553,-39.3670812046122],[176.7420843201724,-39.367069872688695],[176.742098918779,-39.367339867639444],[176.74211351753286,-39.36760986167394],[176.74212811537168,-39.36787985662778],[176.74178027485402,-39.36789118887357],[176.74179487271297,-39.36816118388044],[176.7414470306664,-39.36817251519669],[176.74146162738697,-39.36844251029386],[176.7411137837634,-39.36845383978135],[176.7411283781872,-39.36872383500615],[176.74078053308276,-39.36873516446315],[176.7407659399926,-39.36846516913093],[176.74041809602656,-39.368476497443496],[176.7404035033069,-39.368206502024066],[176.74005566163768,-39.368217829154915],[176.74004107049493,-39.367947834510154],[176.7396932288057,-39.3679591605339],[176.73967863914376,-39.367689164865496],[176.73933079975137,-39.367700489707566],[176.73898295900537,-39.36771181354991],[176.73899754600006,-39.367981809433026],[176.7386497037253,-39.3679931323457],[176.73830186236574,-39.36800445328493],[176.7383164468883,-39.368274449365636],[176.7379686028896,-39.368285770311594],[176.73762075985417,-39.36829709018326],[176.7376353418565,-39.36856708556238],[176.73764992289554,-39.36883708096164],[176.73730207699765,-39.36884840001089],[176.73731665805647,-39.369118395463126],[176.73733123815194,-39.36938839093551],[176.73698338939158,-39.369399709162316],[176.7369979695068,-39.36966970468765],[176.73701254865867,-39.36993970023317],[176.73736040008657,-39.36992838179177],[176.7373749819257,-39.37019837717563],[176.73772283449227,-39.370187057589824],[176.73773741670186,-39.370457052886536],[176.73808527161356,-39.37044573301819],[176.73809985535206,-39.37071572819047],[176.73844771019597,-39.3707044063158],[176.73846229551143,-39.370974402262824],[176.73881015265246,-39.37096307920641],[176.7388247394489,-39.37123307412983],[176.73847688097402,-39.37124439729358],[176.73849146779023,-39.371514392269994],[176.7381436077383,-39.37152571360478],[176.73815819225732,-39.3717957087087],[176.73781033183485,-39.37180702907639],[176.73782491521507,-39.37207702427052],[176.73747705331158,-39.37208834460755],[176.73749163550502,-39.372358338992754],[176.7371437720725,-39.37236965839992],[176.73715835312709,-39.37263965287532],[176.73717293442482,-39.37290964823281],[176.73718751591758,-39.37317964357321],[176.7372020976055,-39.37344963889652],[176.73721667833,-39.37371963423999],[176.73686880798445,-39.37373095224728],[176.7368833886805,-39.37400094674455],[176.73689796961963,-39.37427094212387],[176.73691254959533,-39.374540937523356],[176.73692713087667,-39.37481093196936],[176.73694171124257,-39.37508092733462],[176.73695629296205,-39.37535092264559],[176.73697087367012,-39.37562091707754],[176.73731875340223,-39.375609599218265],[176.7373333356876,-39.37587959442498],[176.7376812165107,-39.37586827452193],[176.7376958003253,-39.376138269604226],[176.73734791812,-39.376149588715435],[176.7373625019541,-39.37641958385071],[176.73701461821943,-39.37643090203192],[176.73702919975594,-39.376700897294654],[176.7370437814395,-39.376970891641164],[176.73705836336617,-39.37724088686971],[176.737072945488,-39.377510882081175],[176.73672505622127,-39.37752219965424],[176.7367396371559,-39.37779219405676],[176.73675421833363,-39.37806218934136],[176.73676879965845,-39.378332183709674],[176.7367833812264,-39.37860217896005],[176.73679796294144,-39.378872173294205],[176.736812543741,-39.37914216854766],[176.73682712584625,-39.379412162847615],[176.73684170698803,-39.379682157167736],[176.73685628953152,-39.37995215233265],[176.73720418964882,-39.379940833831135],[176.73721877372188,-39.38021082887164],[176.73756667497847,-39.38019950922533],[176.73758126053312,-39.380469503242296],[176.73759584517234,-39.38073949817857],[176.7376104299587,-39.38100949219862],[176.73726252469865,-39.38102081216688],[176.73727710834567,-39.381290806277114],[176.736929201556,-39.38130212531521],[176.7369437840636,-39.38157211951568],[176.7365958745376,-39.38158343676165],[176.73661045590583,-39.38185343105233],[176.7362625460568,-39.38186474822998],[176.73627712628553,-39.38213474261083],[176.7359292148588,-39.38214605795907],[176.73594379394805,-39.38241605243013],[176.73559588103967,-39.382427367747255],[176.73561045898938,-39.382697362308505],[176.73526254450326,-39.38270867579616],[176.73527712131346,-39.382978670447585],[176.73529169716,-39.38324866511916],[176.73494377980956,-39.38325997778377],[176.73495835567516,-39.38352997250827],[176.73530627436028,-39.3835186597364],[176.7353208517556,-39.38378865433654],[176.73497293173583,-39.383799967215666],[176.73498750799152,-39.38406996190597],[176.73533542934604,-39.384058648919606],[176.7353500071315,-39.38432864348558],[176.73536458390538,-39.384598637172544],[176.73501665988135,-39.384609950373445],[176.73503123672222,-39.3848799450125],[176.73504581259945,-39.385149939671685],[176.7350603898304,-39.385419934276555],[176.73507496609776,-39.38568992890157],[176.73472703649153,-39.38570124059466],[176.73474161277778,-39.38597123527261],[176.7343936816897,-39.38598254693443],[176.73440825562943,-39.38625254084062],[176.73442283097094,-39.38652253559162],[176.73443740534873,-39.38679253036277],[176.7344519798736,-39.3870625242177],[176.73446655464144,-39.38733251895468],[176.73448112955637,-39.38760251277541],[176.73449570471433,-39.38787250747822],[176.73451028006733,-39.38814250216395],[176.7345248555674,-39.38841249593342],[176.73417691338068,-39.388423806586275],[176.73419148778873,-39.388693801345035],[176.7342060611851,-39.388963795224804],[176.7338581161333,-39.388975105054335],[176.73387268959638,-39.38924509988616],[176.73388726204774,-39.38951509383899],[176.7339018359009,-39.389785088636636],[176.73391640990107,-39.39005508251806],[176.73393098293755,-39.39032507641962],[176.73427893587157,-39.390313766915874],[176.73429351043816,-39.39058376069312],[176.7346414644643,-39.390572449145125],[176.7346560406091,-39.390842443697224],[176.73500399577532,-39.39083113100413],[176.73501857345036,-39.391101125431845],[176.73536652975665,-39.39108981159362],[176.73538110896197,-39.391359805897004],[176.7357290664083,-39.39134849091363],[176.73574364714398,-39.39161848509265],[176.7360916057784,-39.39160716986326],[176.7361061879964,-39.391877163018755],[176.73612077045757,-39.392147157056314],[176.73613535306586,-39.392417150177614],[176.73614993591733,-39.392687144180975],[176.73649789969758,-39.392675827484524],[176.7365124840315,-39.392945820464334],[176.736860447793,-39.39293450265993],[176.73720841251816,-39.3929231837803],[176.73755637704807,-39.39291186386274],[176.73757096563105,-39.393181857402666],[176.737918931301,-39.393170536339845],[176.73826689677574,-39.39315921423906],[176.73861486205516,-39.39314789110035],[176.7389628271393,-39.393136566923694],[176.73897742009996,-39.393406560054395],[176.73932538632405,-39.39339523473245],[176.73967335351165,-39.39338390833523],[176.7396879493383,-39.393653901234096],[176.74003591650703,-39.393642573728854],[176.74005051507123,-39.39391256736505],[176.74039848337992,-39.39390123871443],[176.7404130834268,-39.39417123132698],[176.74076105287543,-39.39415990153099],[176.7407756533423,-39.394429894955465],[176.74079025511531,-39.39469988742639],[176.74080485592492,-39.394969879917504],[176.7411528291843,-39.39495854876126],[176.74116743273166,-39.39522854198968],[176.7411820352675,-39.39549853433918],[176.74153001100228,-39.395487201930045],[176.7415446151171,-39.395757195054145],[176.7418925931507,-39.39574586146224],[176.74190719879647,-39.396015854461766],[176.74225517681123,-39.396004519761675],[176.74260315467856,-39.39599318492272],[176.74261776319074,-39.3962631776902],[176.7429657433088,-39.39625184076926],[176.74331372212052,-39.39624050374676],[176.74332833349925,-39.39651049628216],[176.7436763146098,-39.39649915807677],[176.74369092747142,-39.396769149588415],[176.74403890856303,-39.396757810274806],[176.7440535230039,-39.39702780256098],[176.74406813759225,-39.39729779393088],[176.74408275126544,-39.39756778622016],[176.74373476616722,-39.39757912585632],[176.7437493798112,-39.39784911729952],[176.74376399253995,-39.3981191096621],[176.7437786054162,-39.39838910110841],[176.74379321732908,-39.39865909257497],[176.74414120897674,-39.39864775337055],[176.74415582242088,-39.39891774471247],[176.74450381516044,-39.398906403463286],[176.7448518065936,-39.398895062112445],[176.74486642406353,-39.399165053184845],[176.74488104057022,-39.399435044277496],[176.74489565732068,-39.39970503625218],[176.74491027421865,-39.3999750273106],[176.74492489131228,-39.4002450183519],[176.74493950864968,-39.400515010275235],[176.74528750901217,-39.40050366630449],[176.74563550806818,-39.40049232223206],[176.74565012827276,-39.40076231392319],[176.7456647486249,-39.40103230469803],[176.74567936917268,-39.401302295455785],[176.7456939888054,-39.401572287132915],[176.74534598440624,-39.40158363163558],[176.74536060285064,-39.40185362250404],[176.7453752226497,-39.40212361331798],[176.7453898426926,-39.40239360501397],[176.74573785109928,-39.40238226018862],[176.7457524726256,-39.402652250860775],[176.74576709318862,-39.402922241553185],[176.74578171399554,-39.40319223312764],[176.74579633610898,-39.40346222374846],[176.7461443496636,-39.40345087745457],[176.74615897330867,-39.40372086795068],[176.7461735960387,-39.4039908593662],[176.7465216120695,-39.403979511818854],[176.74653623633125,-39.40424950310967],[176.74655086189958,-39.40451949344686],[176.74656548650464,-39.40478948380431],[176.74658011014645,-39.405059474182],[176.74659473519122,-39.40532946540434],[176.7466093603836,-39.405599455710444],[176.7466239857717,-39.405869445999414],[176.74697201216622,-39.40585809752231],[176.7469866379272,-39.40612808772396],[176.74700126509117,-39.40639807877022],[176.74734929280308,-39.406386729076935],[176.7476973214782,-39.40637537830783],[176.74804534995747,-39.406364026500334],[176.74839337708184,-39.40635267369184],[176.74840800973797,-39.40662266339135],[176.74875603916163,-39.40661130939941],[176.74877067223898,-39.406881299910694],[176.74878530662303,-39.407151289468295],[176.74879994009214,-39.40742127994532],[176.7491479733284,-39.407409924591995],[176.74916260828138,-39.40767991404508],[176.7491772434785,-39.4079499043802],[176.74919187882332,-39.40821989379906],[176.74884384273741,-39.40823124943797],[176.7488584769419,-39.40850123894736],[176.74887311139048,-39.40877122933877],[176.74922115130795,-39.40875987344714],[176.74923578728874,-39.40902986371375],[176.74958382718748,-39.40901850671335],[176.74993186809758,-39.409007149536194],[176.75027990876342,-39.408995790421415],[176.75062794928152,-39.40898443116728],[176.75097598960363,-39.408973070874666],[176.75132402968143,-39.40896170864445],[176.75130938568296,-39.408691719024034],[176.75165742427666,-39.4086803567622],[176.75200546267433,-39.40866899346187],[176.75235350082767,-39.40865762822396],[176.75270153883315,-39.40864626284671],[176.75304957775333,-39.40863489549443],[176.75339761536654,-39.40862352804025],[176.75374565278364,-39.4086121595476],[176.75373100078642,-39.40834217062697],[176.7540790366228,-39.40833080030453],[176.7544270723113,-39.4083194298428],[176.75477510896263,-39.408308058305145],[176.75512314536942,-39.408296684829914],[176.7551378027599,-39.40856667421842],[176.7551524614573,-39.408836662653194],[176.75516712035093,-39.40910665107084],[176.75551516061856,-39.40909527713276],[176.75552981988565,-39.409365265462874],[176.7558778612933,-39.409353890378455],[176.75589252214124,-39.40962387948273],[176.7562405646889,-39.409612503251964],[176.75625522818018,-39.409882491294596],[176.756269890757,-39.410152480256734],[176.75628455348178,-39.410422468302556],[176.75629921756197,-39.41069245629379],[176.75631388072765,-39.41096244520449],[176.7563285440413,-39.41123243319891],[176.75634320755128,-39.41150242117618],[176.7566912593055,-39.41149104405091],[176.75703931081512,-39.411479664987944],[176.75738736217667,-39.41146828578558],[176.75773541213442,-39.41145690468299],[176.75808346305487,-39.41144552250434],[176.75843151382725,-39.4114341401863],[176.7584461855521,-39.41170412749901],[176.75879423746446,-39.41169274403446],[176.75880891072217,-39.41196273122209],[176.75915696377453,-39.41195134661103],[176.75917163861348,-39.41222133457268],[176.75918631360054,-39.412491321618056],[176.75920098883236,-39.41276130954542],[176.7595490456977,-39.4127499235719],[176.75956372130338,-39.41301991141167],[176.75991177926034,-39.41300852339246],[176.75992645755818,-39.41327851106958],[176.75994113489338,-39.41354849876707],[176.7599558135842,-39.41381848640989],[176.75960775156926,-39.413829873853885],[176.75925968935778,-39.41384126025926],[176.759274365572,-39.414111248100866],[176.75928904077512,-39.41438123506373],[176.7593037162231,-39.414651222908546],[176.75931839297834,-39.414921209799594],[176.75966646058455,-39.4149098238615],[176.75968113771378,-39.41517981066493],[176.75969581508787,-39.415449798350366],[176.75971049261003,-39.415719785119485],[176.7600585640298,-39.41570839781876],[176.7604066352046,-39.41569700858025],[176.7607547061829,-39.415685618302994],[176.76110277701295,-39.41567422788618],[176.76145084759804,-39.41566283553152],[176.7617989179865,-39.41565144213819],[176.76181360377376,-39.4159214291413],[176.7618282897576,-39.41619141612723],[176.7618429759381,-39.41646140309602],[176.76185766231518,-39.416731390047666],[176.76187234888891,-39.417001376982114],[176.76188703450003,-39.41727136393698],[176.761901721467,-39.41754135083716],[176.76155364167292,-39.41755274408757],[176.7612055616822,-39.41756413629923],[176.76085748149492,-39.41757552747214],[176.76087216464805,-39.41784551467921],[176.76088684683853,-39.41811550190667],[176.7609015303364,-39.41838548818034],[176.76091621407926,-39.41865547533596],[176.76126429845476,-39.41864408376853],[176.7612789837311,-39.41891407079899],[176.76162707040606,-39.4189026780472],[176.7619751568844,-39.41889128425662],[176.76198984382356,-39.41916127019226],[176.76200453100773,-39.419431257009876],[176.76235261996322,-39.41941986196437],[176.76236730984022,-39.41968984861925],[176.76238199875462,-39.41995983529453],[176.7623966878173,-39.4202298210535],[176.76274478063536,-39.42021842554412],[176.76275947128008,-39.420488412077],[176.7627741620731,-39.42075839769362],[176.76278885311123,-39.421028384192184],[176.7631369497436,-39.42101698731973],[176.76348504613085,-39.42100558850926],[176.76347035352953,-39.42073560129016],[176.76381844843138,-39.42072420244802],[176.76380375357897,-39.4204542162565],[176.76378905892327,-39.42018423004786],[176.76413715090598,-39.42017282948391],[176.76412245511008,-39.419902843366195],[176.76447054555908,-39.41989144187151],[176.76445584862296,-39.419621455844734],[176.76480393758663,-39.419610054318426],[176.76478923946195,-39.4193400674835],[176.76513732805114,-39.41932866498892],[176.76512262878632,-39.419058678244944],[176.76547071468258,-39.419047274857256],[176.76545601427765,-39.41877728820425],[176.76580409975094,-39.418765882949195],[176.76578939709523,-39.41849589732388],[176.7661374810348,-39.41848449113818],[176.7661227783983,-39.418214505566276],[176.76647085964495,-39.418203098487524],[176.76681894185396,-39.418191690332435],[176.7668336471641,-39.418461675688015],[176.76718173051302,-39.41845026638595],[176.7671964374054,-39.4187202525153],[176.7672111444462,-39.418990237728366],[176.76722585173238,-39.41926022382339],[176.76757393889494,-39.41924881315796],[176.76792202590906,-39.41923740235283],[176.7682701126777,-39.41922598960978],[176.76825540138086,-39.41895600383938],[176.76824069032946,-39.41868601895093],[176.76822597942655,-39.41841603314618],[176.7682112687206,-39.41814604732427],[176.76855934994484,-39.418134633975306],[176.76890743097212,-39.418123219587564],[176.76925551180238,-39.41811180416105],[176.7696035924841,-39.41810038859491],[176.7695888766279,-39.41783040318875],[176.76993695572727,-39.41781898579299],[176.77028503578876,-39.41780756732085],[176.77027031629683,-39.417537582151695],[176.77025559816113,-39.41726759692773],[176.77024088022247,-39.41699761168659],[176.77022616248087,-39.4167276264283],[176.77021144372867,-39.41645764029132],[176.77055951690937,-39.41644622132181],[176.770544797066,-39.41617623617506],[176.77089286871296,-39.416164816275135],[176.77087814773003,-39.415894831219504],[176.7712262178432,-39.41588341038917],[176.77121149567216,-39.415613424525525],[176.7715595642516,-39.41560200276485],[176.7715742865516,-39.41587198765869],[176.77192235627055,-39.415860564751014],[176.77227042579233,-39.41584914080466],[176.77261849511694,-39.415837715819634],[176.77296656424437,-39.41582628979592],[176.7729812920881,-39.41609627423927],[176.77332936235496,-39.41608484706855],[176.77331463317458,-39.41581486273355],[176.77366270185902,-39.41580343373337],[176.77401077039477,-39.41579200459366],[176.77399603757922,-39.415522020495864],[176.77434410458108,-39.41551059042587],[176.7746921713371,-39.41549915841809],[176.77504023910353,-39.41548772623311],[176.77538830551353,-39.415476293047135],[176.7753735686594,-39.415206308428985],[176.77572163353548,-39.41519487431278],[176.77570689554207,-39.41492488978586],[176.77605495888423,-39.41491345473944],[176.776403022029,-39.41490201865441],[176.7763882815598,-39.41463203432718],[176.77637354008027,-39.41436204912132],[176.77672160151374,-39.41435061217687],[176.77670685894358,-39.41408062796139],[176.77705491884313,-39.4140691900868],[176.7774029784967,-39.41405775027449],[176.77738823345095,-39.41378776625875],[176.7777362916192,-39.41377632641543],[176.77772154538576,-39.41350634159187],[176.77806960202008,-39.41349490081846],[176.77841765845696,-39.41348345900647],[176.77876571464773,-39.413472015256815],[176.77911377068963,-39.41346057136768],[176.77946182653403,-39.413449126439986],[176.7798098821323,-39.413437679574606],[176.78015793758163,-39.41342623256978],[176.7805059939925,-39.413414784488666],[176.7808540490467,-39.413403335406706],[176.7808392909827,-39.413133351542704],[176.7811873456133,-39.413121900593936],[176.78117258645912,-39.41285191772042],[176.78115782745385,-39.41258193393059],[176.7811430698053,-39.41231195008585],[176.7811283111952,-39.412041966261626],[176.7811135527827,-39.411771982420206],[176.78109879572685,-39.41150199852386],[176.7810840377095,-39.41123201464804],[176.78106927988972,-39.41096203075502],[176.78141732247286,-39.4109505796741],[176.7814025635144,-39.410680595872435],[176.78175060572275,-39.41066914382391],[176.7817358456256,-39.410399160113656],[176.78208388630006,-39.41038770713526],[176.78206912390525,-39.41011772355413],[176.78241716304584,-39.41010626964589],[176.78276520198878,-39.41009481469919],[176.78275043827819,-39.40982483128037],[176.7827356747653,-39.40955484784433],[176.78272091140138,-39.40928486349199],[176.78270614712474,-39.4090148800593],[176.7826913841561,-39.40874489567255],[176.7830394162205,-39.40873344023057],[176.78338744808727,-39.40872198375017],[176.7837354797563,-39.40871052623142],[176.78375024673332,-39.40898051029226],[176.78376501385938,-39.409250493436794],[176.78411304921065,-39.409239035523676],[176.7844610831565,-39.40922757571082],[176.7844463121505,-39.40895759192225],[176.7844315425012,-39.40868760807875],[176.7840835112276,-39.40869906767426],[176.78406874316084,-39.408429084603966],[176.78405397524313,-39.408159100617375],[176.78403920636407,-39.40788911665133],[176.78438723362942,-39.407877657381796],[176.78473526185599,-39.407866197036135],[176.78508328872584,-39.40785473568991],[176.7854313153979,-39.40784327330532],[176.78577934303115,-39.407831809844616],[176.7861273693076,-39.40782034538334],[176.786112593769,-39.40755036201445],[176.7857645676696,-39.40756182640478],[176.78574979366482,-39.40729184290995],[176.78573501869883,-39.4070218594357],[176.78538699623263,-39.40703332253252],[176.78537222280045,-39.40676333893235],[176.78572024508964,-39.40675187590646],[176.78570547051922,-39.40648189239777],[176.78605349127463,-39.406470428442276],[176.78603871556606,-39.4062004450251],[176.7860239400553,-39.40593046159071],[176.7860091658526,-39.405660477202225],[176.7859943907374,-39.4053904937334],[176.7863424059513,-39.4053790291745],[176.786327629698,-39.40510904579716],[176.78631285364256,-39.40483906240265],[176.78666086593822,-39.40482759612382],[176.78664608874467,-39.404557612820795],[176.7869940995067,-39.40454614561247],[176.78697932117515,-39.40427616240098],[176.78732733040349,-39.404264694263176],[176.787675338275,-39.40425322512493],[176.78766055746974,-39.40398324211372],[176.78800856496647,-39.403971772008255],[176.78799378302332,-39.403701789088615],[176.78834179014535,-39.403690318015926],[176.78832700701557,-39.40342033428871],[176.7886750114937,-39.4034088632235],[176.7886897959105,-39.40367884594284],[176.78903780147772,-39.40366737283157],[176.7890525874769,-39.403937356323986],[176.78940059418193,-39.403925882065735],[176.78974860073768,-39.40391440766838],[176.789733812067,-39.40364442439357],[176.78971902359422,-39.40337444110155],[176.78970423531945,-39.40310445779231],[176.78968944729135,-39.402834475364955],[176.7900374494164,-39.40282299942779],[176.79002266020183,-39.40255301619292],[176.79037065963428,-39.40254153936425],[176.79035586928202,-39.40227155622099],[176.79070386718078,-39.40226007846301],[176.79105186604042,-39.40224859962909],[176.79103707321485,-39.4019786166863],[176.79102228058736,-39.40170863372629],[176.79100748699895,-39.40143865078686],[176.79135548165365,-39.40142717124139],[176.7913406880866,-39.40115718835577],[176.79132589355865,-39.40088720549077],[176.79167388534415,-39.400875725124905],[176.79165909078884,-39.40060574141462],[176.7920070798818,-39.40059426015739],[176.79235506993558,-39.400582777824255],[176.79234027295604,-39.400312795213615],[176.79268826142737,-39.40030131105221],[176.79267346215153,-39.400031328571046],[176.79265866423262,-39.39976134603483],[176.7926438653042,-39.39949136262011],[176.79262906662265,-39.399221380087276],[176.79261426924924,-39.39895139660027],[176.79259947096386,-39.39868141403297],[176.79258467287656,-39.398411431448444],[176.79256987493858,-39.39814144794762],[176.7929178525283,-39.398129963619354],[176.79326582996865,-39.39811847915223],[176.79361380716207,-39.39810699274804],[176.79362861026502,-39.398376975884325],[176.79397658859568,-39.39836548833324],[176.79432456677694,-39.39835400064327],[176.79467254587004,-39.39834251097838],[176.79468735201846,-39.39861249380846],[176.7950353311387,-39.39860100393359],[176.7950501387719,-39.398870985738384],[176.7953981190293,-39.39885949471655],[176.79541292824496,-39.39912947729427],[176.7957609095907,-39.39911798422634],[176.7961088919458,-39.3991064909817],[176.79645687410266,-39.399094996699034],[176.79644206088076,-39.39882501444833],[176.7967900415039,-39.398813519236676],[176.79713802187985,-39.398802022087956],[176.7974860021063,-39.398790524800326],[176.79750081817556,-39.39906050676187],[176.79784879953903,-39.39904900832721],[176.79819678070416,-39.399037508854576],[176.79854476162203,-39.39902600744486],[176.79889274239028,-39.399014505896254],[176.79924072296015,-39.39900300330963],[176.79958870333155,-39.39899149968504],[176.7995738792011,-39.398721517478776],[176.79992185803863,-39.398710012925285],[176.7999070328201,-39.39844003170997],[176.80025501007495,-39.39842852532851],[176.80024018251183,-39.398158543343875],[176.80058815702515,-39.3981470351724],[176.80093613133994,-39.39813552596299],[176.80128410545615,-39.39812401571565],[176.80129893702525,-39.39839399737293],[176.80164691227824,-39.39838248597851],[176.80199488733265,-39.39837097354612],[176.80234286218848,-39.39835946007582],[176.80269083684564,-39.39834794556755],[176.80303881246303,-39.39833642998342],[176.80338678672288,-39.39832491339927],[176.80373476078407,-39.398313395777194],[176.80408273580542,-39.39830187707924],[176.80443070946922,-39.398290357381285],[176.8047786840931,-39.39827883660745],[176.80476383796307,-39.398008855180954],[176.8051118110529,-39.39799733347842],[176.80509696378633,-39.397727352143896],[176.80544493534208,-39.39771582951272],[176.805430086939,-39.397445848270195],[176.80577805696072,-39.39743432471037],[176.80576320742114,-39.397164343559844],[176.80574835923906,-39.396894362354125],[176.80573351009699,-39.396624381169104],[176.80608147591423,-39.396612856899175],[176.80606662563574,-39.396342875806155],[176.80641458987003,-39.396331349708575],[176.80639973845513,-39.39606136870758],[176.8067477012044,-39.39604984258052],[176.80673284865313,-39.39577986167156],[176.80708080981947,-39.39576833371685],[176.8074287708359,-39.39575680562339],[176.80741391576422,-39.39548682401671],[176.80739906094033,-39.39521684329185],[176.80774701908766,-39.39520531437919],[176.80773216307858,-39.39493533284731],[176.80738420631528,-39.39494686254973],[176.80736935184012,-39.39467688089123],[176.80702139621303,-39.394688409446545],[176.80700654327174,-39.3944184276615],[176.80699168941948,-39.394148446796244],[176.80697683692478,-39.393878465875765],[176.80696198457989,-39.39360848403895],[176.80694713132405,-39.39333850312191],[176.80693227937678,-39.39306852125058],[176.80691742651854,-39.39279854029902],[176.8069025749689,-39.39252855839314],[176.8065546298229,-39.39254008503628],[176.80653977869716,-39.39227010394091],[176.80619183468733,-39.39228162943706],[176.80617698509525,-39.392011648215146],[176.806162135653,-39.39174166607688],[176.80614728761714,-39.39147168478252],[176.8061324385724,-39.39120170260975],[176.8061175897753,-39.39093172131879],[176.80610274112806,-39.390661739111486],[176.80645067712877,-39.39065021427104],[176.80643582734547,-39.39038023215578],[176.8067837618126,-39.39036870638695],[176.80713169719067,-39.39035717864343],[176.80747963126018,-39.390345650799354],[176.80782756628955,-39.39033412187964],[176.8081754999124,-39.3903225910612],[176.80816064365402,-39.3900526094752],[176.80850857695089,-39.39004107858957],[176.80849371955657,-39.389771097095654],[176.80884165016113,-39.38975956531971],[176.80885650884125,-39.390029545805206],[176.80920444174032,-39.390018012844315],[176.809219302003,-39.39028799410227],[176.80923416246458,-39.39055797534296],[176.80924902312506,-39.39082795656636],[176.80959695982958,-39.39081642223976],[176.80994489512744,-39.39080488601442],[176.810292831434,-39.390793349612515],[176.8103076962978,-39.39106333049054],[176.8106556337402,-39.39105179294158],[176.81100357098356,-39.39104025435499],[176.8113515080279,-39.39102871473072],[176.81169944487323,-39.39101717406882],[176.81171431411656,-39.39128715452993],[176.81206225209763,-39.39127561272093],[176.8120771240335,-39.39154559301731],[176.8124250631503,-39.39153405006121],[176.81277300206804,-39.39152250606745],[176.81278787692167,-39.39179248702673],[176.8131358169751,-39.39178094188583],[176.81315069215492,-39.39205092185731],[176.81349863455182,-39.3920393764303],[176.81351351126565,-39.392309356275035],[176.8138614535905,-39.39229780883981],[176.8138763330461,-39.39256778941881],[176.8138912115421,-39.39283777001858],[176.81423915633758,-39.39282622132665],[176.81458710209253,-39.39281467155901],[176.8149350465386,-39.392803121690754],[176.8149499291895,-39.39307310104563],[176.81529787592996,-39.39306154999208],[176.81531276016403,-39.39333153011923],[176.81566070683243,-39.39331997705742],[176.81567559260068,-39.393589957057735],[176.81602354156342,-39.39357840281059],[176.8163714892172,-39.39356684846285],[176.81638637785463,-39.39383682822677],[176.81673432780278,-39.393825272693675],[176.81674921797446,-39.39409525233073],[176.81709716785048,-39.3940836947893],[176.8174451187349,-39.39407213707112],[176.8174600117759,-39.39434211647173],[176.81780796379593,-39.39433055760621],[176.81782285721252,-39.394600536918006],[176.81817081036817,-39.3945889769051],[176.8185187633244,-39.394577415854435],[176.81853366076913,-39.39484739489162],[176.81888161486097,-39.39483583269359],[176.81922956875334,-39.39482426945775],[176.81924446790876,-39.39509424829647],[176.8195924229367,-39.395082683913216],[176.81960732483446,-39.39535266348595],[176.81995528099796,-39.39534109795527],[176.81997018322238,-39.395611076540085],[176.8203181405214,-39.39559950986194],[176.82033304432952,-39.39586948921884],[176.82068100392283,-39.39585792135511],[176.8206959092164,-39.396127899685965],[176.8210438688356,-39.39611633161192],[176.82139182820615,-39.396104761601],[176.82173978853584,-39.39609319051414],[176.8217546980834,-39.39636316939766],[176.82210265838978,-39.39635159720139],[176.82211756947203,-39.39662157595788],[176.8224655320727,-39.39661000257594],[176.82248044468966,-39.3968799812054],[176.82282840731617,-39.39686840761308],[176.82284332141876,-39.3971383852164],[176.82319128518074,-39.397126810476514],[176.82320620086728,-39.39739678885185],[176.82355416687437,-39.39738521202714],[176.82356908409574,-39.39765519027542],[176.82391705012864,-39.39764361324026],[176.8239319688849,-39.39791359136147],[176.82394688668205,-39.3981835695035],[176.82429485634444,-39.39817199117278],[176.82430977562737,-39.39844196828866],[176.82465774526645,-39.39843038884841],[176.82500571586453,-39.39841880833212],[176.82502063685885,-39.39868878524925],[176.82536860859236,-39.39867720358527],[176.82538353117081,-39.39894718127434],[176.82573150403982,-39.39893559846263],[176.82607947670897,-39.39892401461304],[176.82609440215774,-39.39919399206513],[176.82610932775717,-39.39946396860085],[176.82645730289698,-39.39945238349365],[176.82647223008073,-39.39972236080129],[176.826820206356,-39.399710774546314],[176.82683513507482,-39.39998075172678],[176.8271831124855,-39.39996916432403],[176.82719804273952,-39.400239141377305],[176.82754602128563,-39.40022755282672],[176.82756095191607,-39.40049752979102],[176.8279089315976,-39.4004859400926],[176.82792386492207,-39.40075591689149],[176.8282718457882,-39.4007443269443],[176.82828678059877,-39.401014302716916],[176.8283017156585,-39.401284279371296],[176.82831664975936,-39.40155425604653],[176.82796866488704,-39.40156584632346],[176.82798359785238,-39.40183582309129],[176.82799853212728,-39.40210579890458],[176.82801346549243,-39.4023757756378],[176.82836145437108,-39.40236418503116],[176.82837639043052,-39.40263416159898],[176.82872438044464,-39.40262256984444],[176.82907237025879,-39.40261097705185],[176.82908730798107,-39.40288095252164],[176.82910224595258,-39.40315092887318],[176.82911718412407,-39.403420905207405],[176.8294651777447,-39.403409311046985],[176.82981317232415,-39.403397715810314],[176.82982811336672,-39.403667691907344],[176.82984305460934,-39.40393766798706],[176.82985799605197,-39.40420764404944],[176.8298729364865,-39.404477619233674],[176.82988787832923,-39.40474759526145],[176.82990282037198,-39.4050175712719],[176.82991776261477,-39.405287547265026],[176.82993270384944,-39.405557522379986],[176.82994764649231,-39.4058274983385],[176.8302956517826,-39.40581590201139],[176.8303105959612,-39.4060858778426],[176.83032553913176,-39.40635585279568],[176.83034048255163,-39.40662582863047],[176.83035542733046,-39.40689580440975],[176.83037037110122,-39.407165779310844],[176.8303853151213,-39.407435755093694],[176.8307333282259,-39.40742415706861],[176.83108134228928,-39.40741255796711],[176.8314293549936,-39.407400957865654],[176.8317773674977,-39.407389356725965],[176.83179231706106,-39.40765933205152],[176.8321403318597,-39.40764772972544],[176.83215528295906,-39.40791770492366],[176.8321702342586,-39.40818768010457],[176.832518250419,-39.40817607745749],[176.83286626632992,-39.40816447287315],[176.83285131235874,-39.40789449791232],[176.83319932789252,-39.40788289236156],[176.83318437278575,-39.407612917493424],[176.83316941787922,-39.407342942608],[176.8335174293822,-39.407331336277394],[176.8335024733401,-39.407061361484686],[176.83348751749824,-39.406791386674634],[176.83383552612946,-39.406779779525976],[176.83418353571926,-39.406768171300904],[176.83416857735688,-39.40649819579462],[176.83451658541065,-39.406486586641485],[176.83450162480324,-39.40621661216525],[176.834849631321,-39.40620500208404],[176.8348346707371,-39.40593502766233],[176.83481971030415,-39.40566505232427],[176.8351677127913,-39.405653441463365],[176.83515275122303,-39.40538346621804],[176.83550075333306,-39.4053718543909],[176.83548579067883,-39.405101880137416],[176.83583379120353,-39.40509026648322],[176.8361817915772,-39.40507865268998],[176.83616682529313,-39.40480867867767],[176.83651482408146,-39.40479706305743],[176.83686282387757,-39.40478544725987],[176.83687779172328,-39.405055421989196],[176.83689275976934,-39.4053253967012],[176.83690772917473,-39.40559537135759],[176.83725573161837,-39.40558375422975],[176.83760373386153,-39.405572136063796],[176.83761870608924,-39.40584210958349],[176.8376336774079,-39.406112084023164],[176.8379816821219,-39.406100464598744],[176.83832968668472,-39.406088845035235],[176.8383147126948,-39.405818870815935],[176.838662716831,-39.40580724938717],[176.83901071960778,-39.40579562695858],[176.83899574314702,-39.40552565294236],[176.8389807668374,-39.40525567800973],[176.83932876674237,-39.40524405476349],[176.83931378934705,-39.4049740808228],[176.83966178887474,-39.40496245661037],[176.84000978704296,-39.40495083139818],[176.84002476831776,-39.405220805979134],[176.84037276762098,-39.4052091796186],[176.84072076788246,-39.40519755218169],[176.84106876794328,-39.40518592370669],[176.84141676780348,-39.40517429419359],[176.841764767463,-39.40516266364241],[176.8417797544081,-39.40543263679397],[176.8421277552519,-39.40542100599344],[176.84247575584558,-39.40540937325579],[176.84282375623857,-39.405397739480044],[176.8431717564308,-39.40538610466622],[176.84351975642224,-39.40537446881431],[176.84350476274975,-39.40510449531529],[176.84385276241312,-39.40509285939634],[176.8442007606674,-39.405081221578605],[176.84454875872086,-39.40506958272282],[176.84453376124242,-39.40479960953752],[176.84488175891838,-39.40478796971569],[176.84486676030517,-39.404517996623426],[176.84521475528584,-39.40450635591226],[176.84519975553792,-39.40423638291302],[176.84554775014107,-39.40422474123584],[176.84589574338446,-39.40421309855899],[176.84588074116638,-39.403943125763206],[176.84622873403225,-39.40393148212036],[176.84621373063007,-39.403661508518596],[176.84656172080068,-39.403649863986516],[176.8465767266972,-39.40391983743949],[176.84692471800238,-39.40390819175897],[176.84693972538582,-39.40417816418512],[176.8469547318608,-39.40444813753132],[176.84730272679485,-39.40443649055351],[176.84765072036907,-39.40442484257604],[176.84763571127257,-39.40415487034978],[176.84798370446921,-39.40414322140638],[176.84833169746477,-39.404131571424905],[176.8483467104406,-39.4044015442909],[176.84869470457068,-39.40438989316094],[176.84870971792418,-39.40465986593746],[176.84905771318873,-39.404648213658966],[176.8494057082522,-39.40463656034246],[176.84975370316408,-39.40462490688691],[176.85010169782535,-39.40461325149431],[176.85011671672197,-39.404883223811424],[176.8504647136765,-39.40487156723184],[176.85047973295087,-39.40514153945946],[176.85082773108934,-39.405129882630334],[176.85084275190036,-39.40539985473004],[176.8511907511237,-39.40538819585325],[176.8515387490365,-39.405376536875835],[176.85155377387863,-39.405646508698645],[176.8519017740847,-39.4056348485342],[176.8519167993047,-39.40590482026749],[176.8522648005956,-39.40589315805533],[176.8526128005759,-39.40588149574254],[176.85296080151383,-39.405869832353254],[176.8529758309418,-39.40613980373739],[176.85332383301406,-39.40612813919941],[176.853671834885,-39.40611647362334],[176.85368686718542,-39.40638644476888],[176.85403487019067,-39.406374778044075],[176.8543828729946,-39.40636311028119],[176.85473087559717,-39.40635144148022],[176.8550788779984,-39.40633977164114],[176.85542688019822,-39.40632810076399],[176.85577488219667,-39.40631642884874],[176.85612288399363,-39.406304755895405],[176.8564708855892,-39.40629308190399],[176.85681888814221,-39.40628140683603],[176.85716688933485,-39.40626973076842],[176.85751489032597,-39.406258053662796],[176.85786289227448,-39.40624637548057],[176.8582108928626,-39.40623469629875],[176.85855889440805,-39.406223016040386],[176.85890689459305,-39.40621133478243],[176.8588918422093,-39.40594136439842],[176.85887678997744,-39.40567139309801],[176.85922478728975,-39.40565971102357],[176.85957278555932,-39.40564802787255],[176.85992078362727,-39.4056363436835],[176.86026878149363,-39.405624658456375],[176.86061677915833,-39.40561297219122],[176.86060171934113,-39.40534300236498],[176.8605866608348,-39.40507303158379],[176.86093465562678,-39.40506134450224],[176.86094971546865,-39.405331315172596],[176.86129771139446,-39.40531962694219],[176.86164570827748,-39.40530793763523],[176.8619937037999,-39.40529624732876],[176.86197863879266,-39.40502627702949],[176.86232663393673,-39.40501458575733],[176.86231156779573,-39.404744615551536],[176.86265956140258,-39.40473292335224],[176.86264449412786,-39.404462953239936],[176.86299248619747,-39.40445126011351],[176.862977417789,-39.40418129009469],[176.8633254083214,-39.404169596041186],[176.86367339749316,-39.40415790098822],[176.86402138762193,-39.404146204858726],[176.86403645887782,-39.404416174583325],[176.86438445014022,-39.404404477304915],[176.8647324400419,-39.40439277902706],[176.86471736611517,-39.404122809524296],[176.86470229234058,-39.403852839105134],[176.8650502793696,-39.403841140011195],[176.86503520451114,-39.40357117058458],[176.8650201286957,-39.40330120117914],[176.86536811396124,-39.40328950033155],[176.8653530381711,-39.40301953098112],[176.86570102194906,-39.40300783010557],[176.86604900552516,-39.40299612819208],[176.86606408398595,-39.4032660973206],[176.8664120686954,-39.4032543942582],[176.86676005320294,-39.40324269015785],[176.86674497086295,-39.40297272039086],[176.867092954992,-39.402961015325],[176.86744093776025,-39.4029493092598],[176.86742585295156,-39.402679339697436],[176.86777383418251,-39.40266763270531],[176.86812181632052,-39.40265592373767],[176.86810672909294,-39.40238595527897],[176.86845470969362,-39.40237424538446],[176.86880268898318,-39.40236253538965],[176.8691506680707,-39.40235082435694],[176.86949864811493,-39.40233911224771],[176.86984662674848,-39.402327398240175],[176.86983153415565,-39.40205742938176],[176.87017951130161,-39.40204571534645],[176.87052748940422,-39.40203400023462],[176.8708754673047,-39.402022284084914],[176.87122344495322,-39.402010565998296],[176.87123854293685,-39.402280535311284],[176.87125364107283,-39.40255050370787],[176.87126874056977,-39.4028204720484],[176.8716167220717,-39.402808753489516],[176.87163182199708,-39.40307872263913],[176.87197980463208,-39.40306700293121],[176.87196470221258,-39.40279703393134],[176.87231268331004,-39.40278531329664],[176.87229758096606,-39.402515345250904],[176.872645560526,-39.40250362368945],[176.87299353988368,-39.40249190109011],[176.8730086448982,-39.40276186891349],[176.87335662538885,-39.40275014516507],[176.87370460567723,-39.402738420378725],[176.87368949799216,-39.402468452777704],[176.87403747674296,-39.40245672706466],[176.87438545645017,-39.40244500027509],[176.87437034508832,-39.402175032018675],[176.87471832325795,-39.40216330430243],[176.87506630006644,-39.402151575586934],[176.87505118739523,-39.40188160749691],[176.87539916266613,-39.40186987785481],[176.8757471388934,-39.40185814713614],[176.87609511375945,-39.40184641541829],[176.87644308958187,-39.401834682623914],[176.87679106520181,-39.40182294879165],[176.87713903946053,-39.401811213960215],[176.87748701467552,-39.40179947805225],[176.87783498968798,-39.40178774110641],[176.87785011304086,-39.40205770830625],[176.87819808918601,-39.40204597021123],[176.8785460651286,-39.40203423107837],[176.8785611914043,-39.402304198937145],[176.87890916847954,-39.40229245865504],[176.8792571453522,-39.40228071733509],[176.87927227450083,-39.40255068495372],[176.87962025250613,-39.402538942484526],[176.87996823030878,-39.40252719897747],[176.87998336233048,-39.40279716635594],[176.88033134131564,-39.40278542259861],[176.88034647482527,-39.40305538894927],[176.880694454943,-39.40304364404267],[176.88104243596695,-39.40303189716047],[176.88139041567933,-39.403020150178065],[176.88137527811404,-39.40275018326261],[176.88172325628847,-39.40273843535377],[176.88207123421023,-39.402726685508014],[176.88241921313795,-39.40271493548468],[176.88240407171975,-39.40244496798706],[176.88275204910948,-39.402433217037284],[176.88310002508774,-39.40242146418937],[176.88337576751644,-39.4024121511587],[176.88344094085102,-39.40228385181514],[176.88343285685082,-39.40213974398317],[176.88341771188243,-39.40186977768405],[176.88365535934977,-39.40186175012382],[176.8837549017501,-39.40166579262429],[176.8837505398427,-39.40158805673954],[176.88373539394473,-39.401318090517],[176.88393494707736,-39.40131134859318],[176.88406885626333,-39.40104773194809],[176.8840682180524,-39.40103636793522],[176.88405307122486,-39.40076640178928],[176.88421453069938,-39.40076094656687],[176.88438280444095,-39.400429670685604],[176.884370743773,-39.400214712399894],[176.884494110216,-39.4002105440449],[176.88469674860067,-39.399811608759414],[176.88468841043053,-39.39966302238769],[176.88477368562738,-39.399660141027304],[176.8850106864253,-39.39919354624702],[176.88500607346523,-39.3991113307762],[176.88505325688374,-39.399109736615124],[176.8853246202325,-39.39857548307101],[176.8853237306597,-39.398559639441],[176.88533282287648,-39.39855933174616],[176.88563854644644,-39.39795741754975],[176.88562622933435,-39.397737978145535],[176.88561107589848,-39.397468011526286],[176.88559592261552,-39.397198043990564],[176.8852479725167,-39.397209803959996],[176.88523282077145,-39.39693983629531],[176.88488487180462,-39.39695159511557],[176.88486972159706,-39.3966816273219],[176.88452177260348,-39.39669338503175],[176.8845066239835,-39.39642341800811],[176.88415867723063,-39.396435173631055],[176.8838107303249,-39.39644692911534],[176.88346278321637,-39.396458683561995],[176.88311483590508,-39.396470436970986],[176.88309969277714,-39.39620046858499],[176.88275174659788,-39.39621222084489],[176.8827366050574,-39.39594225322898],[176.88238866001018,-39.3959540043398],[176.88237352000718,-39.395684036595014],[176.88202557609202,-39.395695786556736],[176.88167763197416,-39.39570753548087],[176.88166249484337,-39.395437567495776],[176.88164735675653,-39.39516759953196],[176.88163222003107,-39.394897631511995],[176.88161708229964,-39.39462766261429],[176.88126914336794,-39.39463941095413],[176.88125400838243,-39.39436944278787],[176.88123887239098,-39.39409947374388],[176.88122373665206,-39.39382950558146],[176.8812086022744,-39.39355953736287],[176.88119346694072,-39.39328956916555],[176.88117833180965,-39.39301960095081],[176.8811631968812,-39.39274963271862],[176.88114806215535,-39.39247966446898],[176.8811329275822,-39.39220969530291],[176.88111779326155,-39.391939727018425],[176.88146571884715,-39.39192797979269],[176.88145058339458,-39.391658011602146],[176.88143544698605,-39.391388043432876],[176.88142031188883,-39.39111807430845],[176.88107239030674,-39.39112982119996],[176.880724468522,-39.391141567054],[176.88037654653468,-39.39115331187058],[176.88036141569336,-39.39088334329353],[176.8800134948379,-39.390895086961265],[176.88002862434476,-39.3911650556497],[176.87968070311084,-39.39117679835266],[176.87969583153563,-39.391446768034],[176.87934790760607,-39.39145850984956],[176.87936303595777,-39.39172847778812],[176.87901511049117,-39.39174021867755],[176.87903023660206,-39.39201018764772],[176.87868231075706,-39.3920219275723],[176.8786974357359,-39.39229189663639],[176.8783495071952,-39.39230363567349],[176.87836463104193,-39.392573604831455],[176.87801670212278,-39.39258534290367],[176.87800157961058,-39.39231537363438],[176.87765365066488,-39.39232711059644],[176.8776385296897,-39.39205714119841],[176.87798645730086,-39.39204540434764],[176.87797133403492,-39.39177543508216],[176.87831926010904,-39.39176369730523],[176.8783041357609,-39.39149372903264],[176.878652060298,-39.391481990329545],[176.87863693592658,-39.39121202121316],[176.878621810599,-39.390942052118014],[176.87896973226464,-39.390930312600084],[176.8789546058051,-39.39066034359886],[176.87930252593372,-39.39064860315484],[176.8792873995008,-39.390378634208844],[176.87963531688405,-39.3903668919784],[176.87962018931918,-39.390096923126315],[176.8799681063739,-39.39008518083011],[176.87995297651858,-39.389815212110626],[176.8799378468658,-39.38954524337373],[176.87992271852426,-39.3892752736817],[176.88027063137326,-39.389263530682186],[176.88025550079118,-39.38899356202178],[176.88024037036178,-39.388723592444926],[176.88058828033957,-39.388711848630805],[176.88057314882826,-39.3884418800469],[176.88055801746964,-39.38817191054654],[176.88054288636343,-39.38790194192778],[176.8805277554099,-39.387631972392555],[176.8808756610065,-39.387620227947885],[176.88086052892132,-39.387350258506636],[176.88051262470879,-39.38736200373891],[176.8804974942102,-39.387092035067816],[176.8804823638643,-39.386822065480274],[176.8804672337708,-39.38655209677432],[176.88045210382992,-39.38628212715192],[176.88043697298298,-39.38601215844976],[176.8804218434472,-39.3857421887925],[176.8804067130053,-39.38547222005548],[176.88039158387457,-39.38520225036332],[176.8803764538377,-39.38493228159144],[176.88036132511198,-39.3846623118644],[176.88034619548017,-39.384392343057634],[176.88033106600102,-39.38412237333443],[176.88031593677422,-39.3838524044928],[176.87996805086107,-39.38386414720121],[176.87995292317078,-39.38359417823077],[176.88030080885858,-39.383582434696024],[176.8802856799869,-39.3833124649205],[176.8806335630296,-39.383300721397646],[176.8809814469783,-39.383288975899916],[176.88132932961588,-39.3832772303027],[176.88131419694488,-39.3830072608439],[176.8816620791545,-39.38299551338322],[176.88200996005295,-39.38298376582309],[176.88235784185736,-39.382972016288115],[176.88234270538717,-39.38270204714612],[176.88269058565498,-39.382690296685396],[176.88303846577006,-39.38267854608651],[176.8830233268347,-39.38240857714997],[176.8830081880521,-39.382138607296966],[176.8826603106547,-39.38215035857196],[176.88264517345846,-39.381880389489076],[176.88263003646486,-39.38161042038875],[176.8826148985154,-39.381340451309704],[176.88226702607534,-39.38135220117455],[176.88225188966229,-39.381082231966616],[176.88223675461032,-39.38081226270254],[176.88188888347676,-39.380824011346164],[176.88154101329906,-39.380835758914],[176.88119314176032,-39.380847505483445],[176.88120827281094,-39.381117475081766],[176.88086040089428,-39.38112922068681],[176.88051252761662,-39.38114096529347],[176.88049739923363,-39.38087099547241],[176.88014952708724,-39.38088273893059],[176.87980165594664,-39.38089448221203],[176.87945378339526,-39.38090622359604],[176.8794386592161,-39.38063625342344],[176.87909078779606,-39.38064799365901],[176.8787429173818,-39.38065973371783],[176.87872779491425,-39.380389763343814],[176.87837992558153,-39.3804015013552],[176.87836480585838,-39.3801315317128],[176.87801693649857,-39.38014326861446],[176.8776690681446,-39.380155005339454],[176.87732119953844,-39.38016674012833],[176.87733631646847,-39.38043671096501],[176.8769884463262,-39.3804484448281],[176.87664057598155,-39.38046017765413],[176.87665568923813,-39.38073014783557],[176.87630781740714,-39.380741880634766],[176.8759599464825,-39.38075361145921],[176.8756120742469,-39.380765342184226],[176.87562718370432,-39.381035312682],[176.87527931104128,-39.3810470415435],[176.87493143701755,-39.38105876940652],[176.87491632906932,-39.38078879872495],[176.8745684573854,-39.38080052630003],[176.87458356284137,-39.381070497131475],[176.87423568957158,-39.38108222288163],[176.874220584291,-39.38081225197763],[176.87420547921263,-39.380542281056215],[176.87385760845805,-39.38055400644589],[176.87384250491567,-39.38028403539586],[176.87349463413426,-39.38029575967591],[176.87347953328623,-39.380025788458646],[176.8734644314819,-39.3797558172626],[176.87311656316587,-39.3797675402832],[176.87310146289744,-39.379497568958556],[176.87308636288083,-39.3792275985155],[176.8730712630166,-39.378957627156026],[176.87305616335448,-39.378687655779125],[176.87304106273604,-39.37841768442341],[176.87269320204487,-39.37842940581257],[176.87267810417032,-39.37815943518867],[176.87233024345232,-39.37817115546824],[176.8719823836906,-39.37818287467219],[176.87163452256843,-39.37819459287774],[176.87164961760035,-39.37846456379642],[176.87130175610085,-39.37847628103747],[176.87131684889243,-39.378746252987476],[176.8709689858572,-39.378757969302605],[176.87098407746737,-39.37902794044729],[176.87063621289636,-39.379039655836465],[176.87028834812338,-39.379051370188634],[176.86994048314838,-39.37906308350371],[176.86995557095935,-39.379333054964256],[176.86960770444864,-39.379344767353366],[176.8695926179714,-39.37907479578176],[176.8695775305377,-39.37880482423133],[176.8692296676509,-39.378816535322684],[176.86888180340375,-39.378828245415576],[176.8685339389547,-39.37883995447141],[176.868518855724,-39.378569982570404],[176.86817099356517,-39.37858169043961],[176.86815591187005,-39.378311718410174],[176.8678080497343,-39.3783234260689],[176.8674601885054,-39.37833513175302],[176.8674451096795,-39.378065159484144],[176.86709724958243,-39.37807686402023],[176.867082172292,-39.377806891622946],[176.86706709525305,-39.37753692010729],[176.86671923762148,-39.377548623384385],[176.86637137867936,-39.37756032656204],[176.8660235206442,-39.377572027765105],[176.86600844775828,-39.3773020550001],[176.86566058974628,-39.37731375599278],[176.8656455183957,-39.37704378309939],[176.86529766267398,-39.377055482905604],[176.8652825928587,-39.376785509883874],[176.86493473826886,-39.37679720854213],[176.8649196699889,-39.37652723539208],[176.86457181537253,-39.37653893294098],[176.86455674867744,-39.37626896056163],[176.8645416821344,-39.375998987265845],[176.86452661579295,-39.37572901395268],[176.86451154970283,-39.37545904152112],[176.864163700219,-39.37547073758938],[176.86417876613396,-39.37574071009332],[176.863830915115,-39.37575240523554],[176.8634830650527,-39.375764099302295],[176.86349812739348,-39.37603407294818],[176.8631502757464,-39.37604576518984],[176.86316533695518,-39.37631573892922],[176.86281748382254,-39.37632743114382],[176.86283254500808,-39.376597404039146],[176.86248469034027,-39.37660909532765],[176.86213683542124,-39.37662078468015],[176.86215189303238,-39.376890758717344],[176.86180403657818,-39.37690244714371],[176.8618190930076,-39.3771724203753],[176.86147123506785,-39.37718410877454],[176.86148629036512,-39.377454082099604],[176.86113843204856,-39.37746576953415],[176.86115348621368,-39.377735742952645],[176.86080562515394,-39.377747428600486],[176.86045776394232,-39.3777591141103],[176.8601099036876,-39.37777079854459],[176.85976204202342,-39.37778248108131],[176.85977709105524,-39.378052454925644],[176.8594292290639,-39.378064137396656],[176.85944427691382,-39.37833411043537],[176.85909641338733,-39.37834579198011],[176.85874854845147,-39.37835747162725],[176.85876359388487,-39.37862744576912],[176.85841572862182,-39.37863912535051],[176.85843077287328,-39.37890909868674],[176.85808290602552,-39.37892077644277],[176.85773503902598,-39.37893245406075],[176.85738717182505,-39.37894413064166],[176.85703930437327,-39.37895580528644],[176.8566914367697,-39.37896747979319],[176.8567064745536,-39.37923745366566],[176.8563586053654,-39.379249126346984],[176.85601073602544,-39.37926079889023],[176.85566286643473,-39.37927246949734],[176.8553149978507,-39.37928413992797],[176.85496712790706,-39.37929580935992],[176.8546192588711,-39.3793074768173],[176.854271388525,-39.37931914417506],[176.8539235190867,-39.37933080955824],[176.85357564833828,-39.37934247484176],[176.8532277785472,-39.37935413904977],[176.85287990734702,-39.37936580136005],[176.85286488428454,-39.379095827169536],[176.85251701542504,-39.379107489192734],[176.85250199384794,-39.37883751397522],[176.85215412612115,-39.37884917485076],[176.8518062581933,-39.378860834689206],[176.85145839006444,-39.37887249349053],[176.85111052057607,-39.37888415129318],[176.85076265199567,-39.378895807121296],[176.85041478442218,-39.37890746277294],[176.85039976993997,-39.378637487812206],[176.85005190234088,-39.37864914235463],[176.84970403569926,-39.37866079582159],[176.8496890240856,-39.37839082062246],[176.84934115741837,-39.3784024729802],[176.84899329170872,-39.37841412426251],[176.84864542463976,-39.37842577454607],[176.84863041722826,-39.37815579899812],[176.8482825524506,-39.3781674480958],[176.8479346863631,-39.37817909709377],[176.84758682118374,-39.37819074411726],[176.847601823386,-39.3784607191359],[176.84725395667203,-39.37847236523276],[176.84690608864824,-39.37848401122992],[176.84655822153266,-39.378495655252586],[176.84621035421637,-39.37850729823818],[176.84586248669925,-39.37851894018666],[176.84584749000754,-39.37824896465428],[176.8458324934671,-39.37797898820553],[176.84548462841684,-39.37799062889613],[176.8451367632153,-39.37800226944871],[176.8451217695431,-39.37773229276183],[176.84477390547463,-39.37774393216695],[176.84475891333685,-39.377473955352336],[176.84441105040145,-39.377485593610054],[176.844063187216,-39.37749722993164],[176.84404819799573,-39.37722725377804],[176.84370033599276,-39.37723888985126],[176.84368534825745,-39.37696891267094],[176.8436703607721,-39.37669893637231],[176.84365537348734,-39.37642896005632],[176.8433075152849,-39.37644059476154],[176.84329252953438,-39.37617061831787],[176.84327754393505,-39.37590064095783],[176.84326255858565,-39.37563066447951],[176.84324757227841,-39.37536068802213],[176.84359542514625,-39.37534905375821],[176.84358043886436,-39.3750790773555],[176.84392829019802,-39.37506744216492],[176.84391330278314,-39.374797465855174],[176.84356545278303,-39.374809100935416],[176.84321760258234,-39.37482073497873],[176.8428697521811,-39.37483236798504],[176.8428547678091,-39.37456239136532],[176.84250691854083,-39.37457402322437],[176.84249193686125,-39.374304046438695],[176.84214408872603,-39.37431567715049],[176.84212910742215,-39.37404570027549],[176.84178126041994,-39.37405732984004],[176.84176628065006,-39.373787352837425],[176.84141843593923,-39.37379898121648],[176.84140345770334,-39.37352900408624],[176.84105561301652,-39.37354063225544],[176.84070776807994,-39.37355225848865],[176.84035992410128,-39.37356388364664],[176.84001207881315,-39.37357550870504],[176.840027051715,-39.373845486276245],[176.8396792048436,-39.37385710950887],[176.83966423443363,-39.373587131789165],[176.8393163887447,-39.3735987547737],[176.83930141871025,-39.37332877696473],[176.83928644887612,-39.37305879913845],[176.83927147929165,-39.372788822193876],[176.8389236385119,-39.372800442873526],[176.83890867046117,-39.372530465801425],[176.83856082965616,-39.37254208537229],[176.8385458631392,-39.372272108172645],[176.83819802462565,-39.372283726558166],[176.83785018480276,-39.37229534484409],[176.83750234593793,-39.37230696205485],[176.8371545068728,-39.372318578228736],[176.8368066664491,-39.372330193403975],[176.83645882693423,-39.372341806605],[176.83647378665813,-39.37261178532634],[176.83612594445123,-39.37262339763883],[176.83577810325176,-39.372635009775216],[176.8354302630105,-39.37264662083647],[176.83508242141065,-39.37265823089903],[176.8347345796107,-39.37266983992469],[176.83471962660337,-39.37239986155192],[176.8347046749545,-39.372129883123606],[176.83435683562132,-39.372141490892204],[176.83434188550598,-39.37187151233649],[176.83399404730613,-39.371883118958145],[176.8340089972464,-39.372153097585695],[176.83366115751303,-39.3721647032805],[176.83331331757958,-39.37217630793839],[176.83296547860445,-39.37218791152118],[176.83261763827096,-39.37219951410527],[176.83226979889574,-39.37221111561425],[176.8322548556227,-39.37194113643658],[176.83223991370795,-39.37167115720339],[176.83189207569052,-39.37168275839272],[176.83187713415083,-39.37141277907042],[176.83152929837595,-39.37142437817563],[176.83118146240116,-39.37143597624396],[176.83083362511726,-39.37144757421267],[176.8304857887426,-39.37145917020726],[176.83013795216803,-39.37147076516494],[176.82979011544273,-39.37148235998481],[176.82977518210342,-39.37121237998542],[176.8294273465117,-39.37122397365849],[176.82907951067094,-39.3712355653956],[176.82906458024746,-39.37096558605812],[176.82904965002373,-39.37069560670333],[176.82903471995064,-39.370425626432166],[176.82901979012655,-39.37015564704274],[176.8293676206338,-39.37014405574528],[176.829352689627,-39.369874075549404],[176.82933775886914,-39.36960409623527],[176.8293228283111,-39.369334116903836],[176.82930789674535,-39.369064136694206],[176.8292929665869,-39.36879415732814],[176.82964079017873,-39.36878256464437],[176.829988614729,-39.36877097088564],[176.82997368094559,-39.368500991760286],[176.83032150396275,-39.36848939707469],[176.83030656899675,-39.3682194171429],[176.83065439048082,-39.36820782153051],[176.83100221065592,-39.36819622581858],[176.83098727438167,-39.3679262460512],[176.83133509297448,-39.36791464851341],[176.83132015556694,-39.36764466883867],[176.830972337149,-39.3676562663047],[176.83095740127453,-39.36738628650267],[176.83060958403905,-39.36739788372104],[176.83026176771278,-39.367409478965435],[176.82991395002836,-39.367421073211275],[176.82989901835316,-39.367151093062105],[176.8298840857687,-39.36688111383287],[176.82986915333484,-39.36661113368727],[176.83021696701985,-39.36659953977124],[176.8305647793468,-39.36658794485668],[176.83091259258288,-39.366576347968184],[176.83126040451006,-39.36656475098021],[176.83160821739557,-39.36655315291735],[176.8319560300811,-39.366541553817804],[176.83194108984858,-39.36627157431464],[176.8322889009519,-39.366259973389305],[176.8326367119045,-39.36624837232633],[176.8329845226571,-39.36623677022669],[176.83296957862532,-39.365966791036236],[176.8333173878449,-39.365955188009906],[176.83330244268006,-39.36568520891212],[176.83365025031736,-39.3656736040601],[176.83399805780385,-39.36566199907048],[176.8339831113312,-39.36539202013725],[176.8343309172354,-39.36538041332193],[176.83431596847154,-39.36511043451964],[176.83466377289196,-39.36509882767682],[176.83464882294595,-39.364828848068186],[176.8346338732492,-39.364558869341295],[176.83428607149472,-39.36457047596402],[176.83427112333095,-39.36430049710973],[176.83392332270932,-39.364312102585785],[176.8339083760785,-39.36404212360413],[176.83389342964767,-39.363772144605164],[176.83387848336764,-39.36350216468982],[176.83353068543573,-39.363513769736414],[176.833182888462,-39.363525373708214],[176.83283509128827,-39.363536976643424],[176.8324872938654,-39.363548577642995],[176.83213949629177,-39.36356017850502],[176.83179169851817,-39.36357177833046],[176.83177676048456,-39.363301798636805],[176.83142896384396,-39.36331339731568],[176.83108116700345,-39.36332499495797],[176.83106623183545,-39.36305501502705],[176.83071843612788,-39.363066611522804],[176.8303706402205,-39.36307820698197],[176.83035570791807,-39.362808226813854],[176.83034077465723,-39.36253824666657],[176.82999298237388,-39.36254984083114],[176.82997805064568,-39.36227986055662],[176.82996311911728,-39.3620098802648],[176.8296153293489,-39.362021474072],[176.82960039935307,-39.36175149365295],[176.82958546955703,-39.361481513216575],[176.8295705399607,-39.36121153276288],[176.82955561056417,-39.3609415522919],[176.82954068141657,-39.36067157270264],[176.82952575241953,-39.36040159219703],[176.8295108236223,-39.36013161167409],[176.82949589502476,-39.359861631133846],[176.829480966627,-39.3595916505763],[176.829466038429,-39.359321670001435],[176.8294511104307,-39.359051689409256],[176.82943618147402,-39.35878170883794],[176.8294212538752,-39.35851172821114],[176.8294063253672,-39.35824174850426],[176.8293913981679,-39.357971767842834],[176.8290436270315,-39.35798335900306],[176.8290287013644,-39.35771337821442],[176.82901377473894,-39.35744339744663],[176.82899884831315,-39.35717341666155],[176.82898392208708,-39.356903435859145],[176.82863615723906,-39.35691502550524],[176.82862123254515,-39.356645044575636],[176.82827346772086,-39.356656634012715],[176.8282585445591,-39.356386652955926],[176.82791078081846,-39.35639824034772],[176.82789585918877,-39.35612825916374],[176.82824362159698,-39.35611667188184],[176.82822869883452,-39.3558466907904],[176.82821377627175,-39.355576709681706],[176.82856153576634,-39.35556512068415],[176.82854661207085,-39.355295139667994],[176.8281988539086,-39.355306728555675],[176.82818393174512,-39.355036747412356],[176.82783617471557,-39.35504833515386],[176.82782125408406,-39.35477835388337],[176.82780633365218,-39.35450837259556],[176.8274585790876,-39.35451995908106],[176.82744365902963,-39.35424997770423],[176.82742874032925,-39.35397999627197],[176.82708098822962,-39.3539915815015],[176.82706607106115,-39.353721599942084],[176.8267183200942,-39.353733184025536],[176.8267034045067,-39.35346320323805],[176.82635565467237,-39.353474786175425],[176.8263407394095,-39.353204804399866],[176.82632582550423,-39.35293482256888],[176.8259780781348,-39.352946404250396],[176.82596316465234,-39.3526764232295],[176.82561541957358,-39.352688003726854],[176.82560050757374,-39.35241802167977],[176.82525276251872,-39.352429601968346],[176.82523785205055,-39.35215961979416],[176.82522294178185,-39.3518896376027],[176.82520803176172,-39.35161965629298],[176.8248602916126,-39.35163123427881],[176.82484538312409,-39.35136125284205],[176.82483047478593,-39.35109127048889],[176.82448273599263,-39.351102848156174],[176.824467829186,-39.350832865675955],[176.82412009268333,-39.35084444215923],[176.82410518625022,-39.35057445959004],[176.82375745088015,-39.35058603492742],[176.82374254718562,-39.35031605309218],[176.82409028122362,-39.35030447786455],[176.8240753763473,-39.35003449522269],[176.82442310885384,-39.35002291906867],[176.82440820289403,-39.349752937418344],[176.82475593386908,-39.34974136033799],[176.82474102672762,-39.349471377881024],[176.82508875732918,-39.34945979983625],[176.8250738478972,-39.349189817509895],[176.82542157696727,-39.349178238538755],[176.82576930583787,-39.34916665853158],[176.82575439394142,-39.34889667640749],[176.82610212128054,-39.34888509547402],[176.82608720825164,-39.34861511344245],[176.82643493405928,-39.348603531582704],[176.82678265966737,-39.3485919486869],[176.8267677453321,-39.34832196681953],[176.82675283003843,-39.348051984972976],[176.82710055278315,-39.34804040126077],[176.82708563635714,-39.347770419506745],[176.8270707212395,-39.34750043679823],[176.82705580521255,-39.34723045500961],[176.82740352376211,-39.34721887059087],[176.8277512421121,-39.347207285136165],[176.82809896021334,-39.347195697746336],[176.82808404154846,-39.34692571623181],[176.82806912187613,-39.34665573383903],[176.82805420245245,-39.34638575232803],[176.8280392832284,-39.34611577079972],[176.82802436415483,-39.345845788355035],[176.82837207544668,-39.34583420137762],[176.82835715524098,-39.3455642190255],[176.82834223528397,-39.34529423755512],[176.82832731547745,-39.345024255168376],[176.82831239591962,-39.34475427366339],[176.82829747535442,-39.34448429128018],[176.82828255614666,-39.34421430884152],[176.8279348517361,-39.344225896096965],[176.82791993410868,-39.34395591443019],[176.82790501663175,-39.34368593184705],[176.82789009824555,-39.343415950183825],[176.82787518000984,-39.343145967604215],[176.82786026318067,-39.34287598586821],[176.82820795977543,-39.34286439920021],[176.8281930417652,-39.3425944166577],[176.8285407368288,-39.342582829063716],[176.82852581652875,-39.34231284665191],[176.82887351121911,-39.3423012580938],[176.82885858978716,-39.34203127577459],[176.82884366971268,-39.34176129339989],[176.8291913603826,-39.341749704063886],[176.8291764380184,-39.341479721819915],[176.82916151585383,-39.34120973955864],[176.82914659388888,-39.34093975728006],[176.82949428152267,-39.34092816719979],[176.82947935842594,-39.34065818501378],[176.82982704447957,-39.340646593108566],[176.8298121202511,-39.34037661101516],[176.82979719622224,-39.34010662890443],[176.82978227239303,-39.33983664677639],[176.82976734876345,-39.33956666463106],[176.83011502929202,-39.33955507212972],[176.83046270962095,-39.33954347859267],[176.8304477835284,-39.33927349664984],[176.8307954623263,-39.33926190218698],[176.83114314097364,-39.33925030758749],[176.83112821236904,-39.33898032494816],[176.83078053394433,-39.338991920374944],[176.83076560691987,-39.33872193850742],[176.83041793078453,-39.33873353275041],[176.8304030041332,-39.338463550793804],[176.83038807879018,-39.338193567882655],[176.83037315253816,-39.33792358589144],[176.83002548019678,-39.33793517876899],[176.8300105566334,-39.337665196612384],[176.8299956321119,-39.337395214476615],[176.82998070778999,-39.33712523232354],[176.82963303924245,-39.33713682383571],[176.82961811645137,-39.336866841555455],[176.82927044903533,-39.336878431922095],[176.82892278146883,-39.3368900221522],[176.8289078615396,-39.33662003963482],[176.8288929417608,-39.33635005620107],[176.8288780222307,-39.33608007364908],[176.8288631029002,-39.33581009107978],[176.8288481837692,-39.33554010849318],[176.82919584472938,-39.33552851971155],[176.8291809244178,-39.33525853631845],[176.82916600435496,-39.33498855380711],[176.82915108449168,-39.33471857127846],[176.82913616367023,-39.33444858877064],[176.829121244157,-39.33417860530831],[176.82877358990095,-39.33419019443962],[176.8287586708096,-39.33392021178732],[176.8291063237347,-39.33390862276588],[176.8294539776179,-39.333897032670805],[176.82943905606425,-39.33362705022093],[176.82942413586787,-39.33335706771564],[176.8297717856828,-39.33334547594389],[176.82975686435512,-39.33307549353116],[176.83010451268865,-39.333063901732885],[176.83045216082252,-39.333052308899155],[176.83043723698356,-39.33278232578987],[176.83042231223567,-39.33251234360048],[176.83040738879598,-39.33224236045657],[176.83039246444733,-39.33197237823257],[176.83004482047912,-39.33198397066483],[176.83002989761178,-39.33171398741454],[176.83001497615086,-39.33144400500786],[176.83000005368268,-39.33117402172293],[176.82998513146327,-39.3309040393198],[176.8299702093943,-39.33063405600026],[176.8299552864164,-39.33036407360064],[176.83030292235094,-39.33035248092876],[176.83028799935047,-39.330082497684536],[176.83063563380378,-39.33007090498625],[176.8306207085146,-39.32980092187277],[176.83096834138848,-39.32978932734996],[176.8309534161259,-39.32951934429095],[176.83130104751862,-39.3295077497418],[176.8312861199674,-39.32923776681356],[176.83163374978065,-39.329226170439924],[176.8316188222561,-39.328956187566156],[176.83196645053903,-39.32894459026713],[176.83195152188358,-39.32867460748599],[176.8322991486362,-39.32866300926161],[176.8322842176922,-39.32839302661128],[176.83226928810555,-39.32812304390548],[176.83261691199735,-39.328111444865726],[176.83296453568937,-39.328099844790664],[176.83331215918167,-39.32808824368033],[176.83365978363182,-39.328076641496494],[176.8340074067245,-39.32806503831554],[176.8339924695273,-39.32779505618056],[176.8339775336383,-39.32752507309099],[176.83432515387017,-39.3275134690948],[176.8343102168996,-39.327243486997],[176.83429527892207,-39.326973504021],[176.8342803423511,-39.326703521888575],[176.83393272495306,-39.326715125592884],[176.8339177887547,-39.326445143371295],[176.83357017364483,-39.326456745892195],[176.83355523892752,-39.326186762644205],[176.83320762499747,-39.32619836491893],[176.83319269185944,-39.3259283824427],[176.833177758872,-39.32565839905009],[176.83316282613342,-39.32538841653922],[176.83314789354546,-39.32511843311196],[176.83313296120633,-39.32484845056646],[176.83348056848453,-39.32483684884171],[176.83346563501482,-39.324566866388885],[176.83345070174485,-39.32429688391874],[176.83343576862544,-39.32402690053223],[176.83342083459735,-39.323756918065634],[176.83376843751225,-39.32374531570752],[176.83375350346202,-39.32347533239637],[176.83410110368936,-39.32346372915133],[176.83408616855783,-39.32319374683191],[176.83443376841268,-39.323182142623565],[176.83441883094403,-39.32291215953598],[176.83440389483266,-39.32264217639288],[176.83438895776354,-39.322372193270674],[176.83473655342806,-39.322360588357284],[176.83508414889275,-39.32234898240883],[176.83543174415763,-39.32233737542529],[176.8354466840597,-39.3226073582556],[176.83579428045488,-39.322595750126936],[176.83580922304446,-39.32286573279166],[176.83615682056995,-39.32285412351785],[176.83614187665017,-39.32258414096318],[176.83648947264558,-39.322572530764326],[176.8364745287531,-39.32230254826422],[176.83682212321844,-39.32229093714036],[176.83680717703814,-39.32202095477122],[176.83679223216603,-39.32175097144747],[176.83677728638548,-39.321480989043664],[176.83712487666062,-39.32146937721504],[176.8371099309074,-39.32119939486581],[176.83745751965253,-39.321187782112204],[176.8378051081485,-39.32117616742455],[176.8381526976512,-39.32116455256269],[176.83850028579644,-39.32115293670402],[176.8385152380274,-39.32142291857459],[176.83886282730273,-39.32141130157075],[176.83921041753547,-39.32139968349366],[176.83955800756823,-39.321388064381516],[176.83954305129782,-39.321118081942366],[176.83952809527673,-39.320848100384936],[176.83987568240008,-39.32083647955905],[176.83986072524894,-39.320566498094465],[176.84020831084223,-39.32055487634374],[176.84019335256113,-39.32028489497199],[176.84017839558837,-39.32001491264562],[176.84052597832158,-39.32000329008029],[176.84051101911064,-39.319733308784066],[176.84049606005053,-39.31946332657142],[176.84048110119048,-39.319193344341485],[176.8404661425305,-39.3189233620942],[176.84011856511702,-39.3189349842188],[176.84010360798695,-39.31866500184399],[176.84008865105696,-39.318395019451856],[176.83974107610317,-39.318406640321165],[176.83939350090012,-39.31841825925647],[176.8390459255463,-39.318429878055916],[176.83869835114984,-39.31844149578221],[176.83868339973932,-39.3181715129321],[176.83833582531534,-39.31818312955157],[176.83798825069138,-39.3181947451361],[176.8376406770249,-39.3182063596475],[176.837293102001,-39.31821797316219],[176.8369455279347,-39.31822958560374],[176.83693058221593,-39.31795960222394],[176.8369156379037,-39.31768961968767],[176.83690069379134,-39.31741963713409],[176.83688574867222,-39.31714965370231],[176.8365381797253,-39.31716126466861],[176.8361906094211,-39.317172874638224],[176.83617566836799,-39.316902891829834],[176.83616072635735,-39.31663290904231],[176.8361457844973,-39.31636292533842],[176.83613084404368,-39.31609294247805],[176.83578327890785,-39.316104551871575],[176.8357683387772,-39.31583456802298],[176.8357533988955,-39.31556458505611],[176.83610096137187,-39.315552975882696],[176.83608602036028,-39.31528299300856],[176.8360710795485,-39.3150130101171],[176.83641863800827,-39.31500140016718],[176.83640369606667,-39.31473141736847],[176.83638875427567,-39.31446143365339],[176.83673631103372,-39.31444982285062],[176.83672136816213,-39.31417984012733],[176.83670642544118,-39.31390985648766],[176.83705397823195,-39.31389824580754],[176.83703903438126,-39.31362826226063],[176.8370240907304,-39.31335827869639],[176.8373716417704,-39.31334666626444],[176.83735669588168,-39.31307668373024],[176.83700914732862,-39.3130882960139],[176.8366615974183,-39.31309990730103],[176.83664665433932,-39.31282992363027],[176.83629910671607,-39.312841533734385],[176.83628416521557,-39.31257155083528],[176.83593661872195,-39.31258315979461],[176.8355890708712,-39.31259476775742],[176.835241523978,-39.312606374647295],[176.8352265866166,-39.31233639050165],[176.83487904090228,-39.31234799714585],[176.8345314937817,-39.31235960189446],[176.8341839476187,-39.312371205570145],[176.83416901449468,-39.31210122197617],[176.83382146946147,-39.31211282450714],[176.8338065378666,-39.31184284078586],[176.83379160647138,-39.31157285704723],[176.83377667638408,-39.31130287235408],[176.83342913403132,-39.31131447445762],[176.83308159258706,-39.3113260745892],[176.83306666425005,-39.311056090596],[176.83305173611265,-39.31078610658546],[176.8327041971767,-39.31079770636153],[176.83268927056832,-39.3105277222237],[176.83267434415956,-39.310257738068586],[176.83265941790125,-39.30998775299707],[176.83264449073437,-39.30971776884548],[176.83229695691622,-39.30972936714703],[176.8319494228985,-39.30974096441396],[176.83196434624938,-39.31001094882363],[176.83161681070268,-39.310022545165864],[176.8316317329238,-39.31029252966813],[176.83128419584818,-39.31030412508568],[176.8309366585239,-39.310315718569484],[176.83058912220648,-39.310327311879554],[176.83057420281617,-39.31005732708568],[176.83022666647125,-39.31006891928933],[176.8298791310842,-39.310080510420235],[176.8295315943403,-39.31009210055459],[176.82951668029486,-39.30982211537559],[176.82916914468086,-39.309833704365445],[176.82915423105598,-39.309563719996454],[176.82913931873873,-39.30929373467296],[176.82879178558395,-39.30930532240848],[176.82844425338706,-39.30931690907123],[176.82809671983347,-39.30932849473747],[176.82808181175264,-39.309058509966206],[176.82773427932892,-39.309070094488014],[176.82771937277676,-39.308800109589626],[176.82770446521758,-39.308530123812986],[176.82735693525308,-39.30854170708053],[176.82700940629562,-39.308553290174444],[176.82666187708978,-39.30856487133468],[176.82664697376677,-39.308294886110374],[176.82629944453356,-39.308306466164325],[176.82595191630742,-39.308318046044675],[176.82560438783295,-39.30832962399134],[176.82561928716814,-39.30859960954496],[176.82527175716515,-39.308611186566786],[176.82492422701193,-39.3086227634531],[176.8249093303353,-39.30835277767994],[176.82456180126314,-39.308364352522844],[176.82454690611496,-39.30809436662268],[176.82419937822186,-39.3081059412203],[176.82418448460214,-39.30783595519313],[176.82416959118154,-39.30756596914866],[176.82382206574775,-39.30757754249223],[176.8234745400658,-39.30758911390221],[176.8234596495028,-39.30731912762102],[176.8231121249999,-39.30733069878578],[176.8227646002979,-39.30734226891598],[176.82274971259244,-39.307072282398124],[176.82240218902055,-39.30708385138408],[176.8220546652495,-39.30709541933546],[176.82203978040155,-39.306825432580986],[176.82169225776067,-39.30683699938816],[176.82167737448987,-39.306567013405804],[176.82132985293018,-39.306578578169706],[176.82131497118752,-39.30630859206044],[176.82096745080696,-39.306320156579254],[176.82095257059245,-39.30605017034305],[176.82130008843768,-39.30603860507285],[176.821285207093,-39.30576861892901],[176.82127032474114,-39.30549863190685],[176.82125544379448,-39.30522864572842],[176.8212405618406,-39.30495865867167],[176.82158807537658,-39.30494709366654],[176.82157319229262,-39.30467710670216],[176.8215583094566,-39.304407120619565],[176.82154342677063,-39.304137133620614],[176.82189093612047,-39.30412556790993],[176.8218760523045,-39.30385558100332],[176.82186116868752,-39.303585594079436],[176.82184628531854,-39.30331560803735],[176.82183140209958,-39.30304562107887],[176.82181651907962,-39.30277563410313],[176.82146901642358,-39.302787200164644],[176.82145413493154,-39.30251721306197],[176.82180163625864,-39.30250564711009],[176.82178675368567,-39.302235660998825],[176.8214392536385,-39.302247225942004],[176.82142437143614,-39.30197723974185],[176.8217718701055,-39.301965674009246],[176.8217569878815,-39.301695686964365],[176.822104485023,-39.30168412030704],[176.82208960051196,-39.30141413339255],[176.82243709728277,-39.30140256577248],[176.82242221164194,-39.30113257895036],[176.82276970572767,-39.301121010443666],[176.82275482011423,-39.300851023675875],[176.82273993354266,-39.30058103692885],[176.8223924421145,-39.300592605216195],[176.82237755707075,-39.30032261834222],[176.82236267338317,-39.3000526314129],[176.82234778873743,-39.29978264450433],[176.8226952761793,-39.29977107654597],[176.8226803904039,-39.29950108972978],[176.82233290429068,-39.299512657578475],[176.82231802004296,-39.29924267063532],[176.82230313715138,-39.298972683636876],[176.82228825330168,-39.298702696659134],[176.82227336965093,-39.29843270966415],[176.82262085044948,-39.29842114225409],[176.822968331,-39.29840957291075],[176.82331581250855,-39.298398002495084],[176.82333069903703,-39.2986679900982],[176.82367818167518,-39.29865641853862],[176.8236930708395,-39.298926405077616],[176.82404055349903,-39.29891483331122],[176.82405544419112,-39.29918481972322],[176.82440292913734,-39.299173246774785],[176.82475041272727,-39.29916167283016],[176.82473551932887,-39.298891685738504],[176.8247206261786,-39.298621699528645],[176.82506810802022,-39.29861012383207],[176.82505321374043,-39.298340137714646],[176.82540069405428,-39.29832856109356],[176.8253857974389,-39.2980585742076],[176.82537089986556,-39.29778858734241],[176.82571837732303,-39.297777009906596],[176.82570347857126,-39.29750702223479],[176.82568858006772,-39.29723703544474],[176.82567368171433,-39.29696704773835],[176.82565878360916,-39.296697060913715],[176.82564388565413,-39.29642707317271],[176.82599135626972,-39.296415495251516],[176.82633882668608,-39.296403916296164],[176.82668629690323,-39.29639233630667],[176.82703376692115,-39.296380755283],[176.82738123678882,-39.296369174124266],[176.82736633239062,-39.29609918691487],[176.82771380068155,-39.29608760393271],[176.82806126993026,-39.296076019878306],[176.8284087378226,-39.29606443482786],[176.82839382963826,-39.295794447930625],[176.82874129600282,-39.295782861955885],[176.82872638668942,-39.29551287515119],[176.8290738515262,-39.295501288252176],[176.82905894108373,-39.295231301540035],[176.82871147757533,-39.29524288832921],[176.82869656861155,-39.29497290059084],[176.82834910507515,-39.29498448627417],[176.82833419768806,-39.29471449930772],[176.8283192905003,-39.29444451232399],[176.8283043835118,-39.29417452532293],[176.82828947556558,-39.29390453834269],[176.82827456892667,-39.293634550407965],[176.82862202466436,-39.293622965311926],[176.82860711694545,-39.29335297836881],[176.8285922082198,-39.29308299054741],[176.82857730089955,-39.292813003569684],[176.8285623926215,-39.292543016612754],[176.82854748449375,-39.29227302873944],[176.82853257777137,-39.2920030417098],[176.82851767009126,-39.29173305470096],[176.82850276256138,-39.29146306677573],[176.82885020858203,-39.2914514805872],[176.82883529997233,-39.2911814936536],[176.82848785527983,-39.291193079732274],[176.82814041038804,-39.29120466477699],[176.8281255045849,-39.29093467670733],[176.82811059903005,-39.29066468951943],[176.8280956936744,-39.290394702314245],[176.82808078846907,-39.29012471419267],[176.82806588351195,-39.289854726952875],[176.8280509787051,-39.289584738796705],[176.8280360729895,-39.289314751560404],[176.82802116863022,-39.2890447642687],[176.82800626326411,-39.28877477609872],[176.82765883133155,-39.2887863599821],[176.8276439274927,-39.28851637168497],[176.8272964966888,-39.28852795442469],[176.82728159437713,-39.28825796600046],[176.826934164702,-39.28826954759649],[176.82691926391743,-39.2879995590452],[176.82657183421406,-39.288011139535655],[176.82622440546848,-39.28802271895421],[176.82587697647475,-39.28803429643982],[176.82552954617384,-39.288045873828715],[176.8255146509492,-39.2877758857201],[176.82549975708062,-39.28750589755613],[176.82548486225417,-39.287235909412935],[176.82513743568893,-39.28724748453967],[176.82512254238947,-39.28697749626943],[176.82546996757785,-39.286965920353346],[176.82545507314964,-39.28669593217557],[176.82544017892053,-39.28642594398049],[176.82542528489049,-39.286155955768095],[176.8254103910596,-39.28588596753842],[176.82506297118252,-39.28589754301552],[176.82504807887847,-39.285627554658824],[176.82470066128704,-39.28563912895436],[176.82468576935293,-39.28536914050869],[176.82467087877478,-39.28509915200766],[176.82465598723877,-39.284829163527384],[176.82464109705873,-39.28455917499178],[176.82429368457923,-39.28457074781467],[176.82427879476901,-39.284300759190096],[176.82426390515786,-39.28403077054822],[176.8242490169026,-39.283760781851015],[176.82423412768952,-39.28349079317457],[176.82388672032167,-39.28350236452492],[176.8238718326352,-39.283232375721475],[176.82385694514775,-39.282962386900735],[176.82384205785928,-39.2826923980627],[176.82382717076982,-39.28242240920738],[176.82381228387936,-39.28215242033476],[176.8241596857171,-39.28214084859581],[176.8241447976981,-39.28187085981559],[176.82412990872123,-39.281600871056135],[176.82447730765594,-39.281589297603865],[176.8244624187074,-39.28131930889877],[176.8244475299579,-39.28104932017641],[176.82443264025056,-39.28077933147479],[176.82441775185012,-39.28050934181875],[176.82476514532485,-39.28049776867079],[176.82511253744366,-39.280486194527285],[176.82509764658738,-39.280216205073394],[176.82508275597908,-39.279946216501294],[176.82506786441297,-39.279676227949935],[176.8250529741538,-39.27940623844416],[176.82503808298583,-39.279136249858226],[176.82538546937647,-39.27912467429269],[176.82573285561705,-39.27911309859271],[176.82571796194443,-39.278843109309854],[176.8260653466096,-39.27883153178704],[176.82605045185772,-39.27856154349573],[176.82639783499647,-39.27854996504912],[176.8267452179851,-39.278538386468085],[176.8267303218855,-39.27826839744188],[176.82671542482828,-39.277998408436424],[176.8267005279701,-39.2777284194137],[176.8266856313111,-39.27745843037367],[176.82667073490018,-39.2771884422154],[176.82665583979616,-39.2769184531027],[176.82664094373445,-39.276648464010776],[176.82629356892872,-39.27666004276057],[176.8262786743933,-39.27639005354158],[176.82593130187246,-39.27640163111012],[176.82591640886326,-39.27613164176406],[176.8259015161021,-39.275861653299785],[176.82624888591968,-39.27585007505171],[176.82623399203047,-39.27558008667989],[176.82658136032185,-39.27556850750815],[176.8269287284631,-39.275556928202064],[176.82691383206978,-39.27528693913343],[176.82689893587556,-39.27501695004748],[176.82724630116348,-39.27500536992757],[176.82723140384132,-39.2747353809341],[176.8275787675541,-39.27472379899154],[176.82756386910398,-39.274453810090556],[176.82754896969627,-39.274183821210364],[176.82720160863758,-39.27419540293336],[176.82718671075602,-39.273925413926065],[176.8268393507762,-39.27393699360686],[176.82682445442074,-39.27366700447248],[176.82647709561778,-39.27367858390923],[176.8264622007884,-39.273408594647805],[176.8264473061581,-39.273138605369056],[176.82609994976102,-39.27315018265389],[176.82608505665672,-39.27288019324811],[176.82573770143648,-39.27289177028895],[176.82572280985818,-39.27262178075613],[176.82570791847886,-39.272351791206],[176.82536056571345,-39.27236336699406],[176.82534567586006,-39.27209337731689],[176.82533078625465,-39.271823388521526],[176.8253158956426,-39.271553398847836],[176.82530100638627,-39.2712834091188],[176.82495365872924,-39.27129498343466],[176.82460631087326,-39.2713065567173],[176.82459142331288,-39.27103656678959],[176.82424407663368,-39.27104813982834],[176.82422919175576,-39.27077814973557],[176.8242143070768,-39.270508159625514],[176.82419942144006,-39.27023816953621],[176.8245467641878,-39.27022659772564],[176.82453187857996,-39.26995660769069],[176.82487921975303,-39.269945034057564],[176.82486433306633,-39.26967504501411],[176.82484944537296,-39.26940505509233],[176.82483455787855,-39.269135065153286],[176.8248196717398,-39.26886507515888],[176.82447233466795,-39.26887664749216],[176.82412499860277,-39.26888821965328],[176.8237776623386,-39.26889979078129],[176.82376277922216,-39.26862980047854],[176.8237478963046,-39.2683598101585],[176.82409522991543,-39.26834823924989],[176.82408034587016,-39.26807824902225],[176.82406546207272,-39.2678082596764],[176.82405057842527,-39.267538269414175],[176.82403569497677,-39.26726827913468],[176.8243830242388,-39.26725670759365],[176.82436813966265,-39.26698671740654],[176.82402081172714,-39.26699828883787],[176.8240059286764,-39.266728298523766],[176.8239910458246,-39.266458308192384],[176.8239761620151,-39.26618831788174],[176.8239612795611,-39.265918327515784],[176.82394639730595,-39.26564833713253],[176.82393151409315,-39.26537834677001],[176.82391663223584,-39.26510835635217],[176.82390174942083,-39.26483836595509],[176.82388686680468,-39.264568375540705],[176.823871985544,-39.26429838507099],[176.82385710332565,-39.26402839462203],[176.82420441662114,-39.26401682349823],[176.8241895332753,-39.26374683314167],[176.82453684388895,-39.26373526113262],[176.82452196057224,-39.263465270830416],[176.82417465012836,-39.26347684276781],[176.82415976718033,-39.26320685237667],[176.82381245786382,-39.26321842317139],[176.82379757644097,-39.26294843265328],[176.82345026940848,-39.262960002267334],[176.8231029610205,-39.26297157088649],[176.82308808244912,-39.26270158013175],[176.82274077634517,-39.26271314757026],[176.82239347004239,-39.26272471397584],[176.82237859316578,-39.26245472302251],[176.82203128799048,-39.2624662882855],[176.82168398261638,-39.26247785251557],[176.8213366770435,-39.2624894157127],[176.82132180434448,-39.26221942441321],[176.820974499948,-39.26223098736688],[176.8206271953039,-39.262242548388535],[176.82027989046105,-39.26225410837727],[176.82026502314497,-39.26198411759279],[176.8199177194297,-39.261995676439014],[176.81957041551576,-39.262007234252295],[176.81955554989426,-39.2617372432694],[176.81954068557914,-39.26146725133214],[176.81919338416785,-39.261478808792496],[176.81884608250905,-39.26149036432084],[176.8188312199373,-39.26122037308429],[176.8184839194061,-39.26123192747017],[176.81846905951568,-39.26096193606883],[176.8184541986673,-39.2606919446882],[176.8184393379687,-39.260421952391184],[176.8184244775175,-39.260151960975996],[176.81807718329776,-39.260163514752016],[176.81806232432243,-39.259893522310925],[176.81804746559447,-39.25962353075165],[176.8180326070651,-39.25935353917509],[176.81801774868546,-39.25908354668219],[176.8180028905532,-39.258813555071086],[176.8176556016088,-39.2588251073047],[176.81730831246588,-39.258836658505466],[176.81729345718426,-39.258566666658105],[176.81694616916886,-39.258578216716565],[176.8165988809549,-39.25858976574223],[176.81625159369898,-39.25860131369713],[176.81623674143745,-39.25833132154199],[176.8158894553091,-39.25834286835463],[176.8155421678746,-39.258354415071494],[176.81519488134936,-39.25836595981851],[176.81484759346918,-39.258377503570685],[176.81450030654713,-39.25838904625209],[176.81448546231942,-39.25811905439366],[176.8148327478667,-39.25810751092258],[176.81481790246258,-39.25783751825718],[176.81516518653422,-39.25782597476182],[176.81515033884602,-39.257555982226535],[176.81549762254974,-39.25754443776987],[176.81548277373395,-39.25727444532675],[176.81583005586447,-39.25726289904768],[176.81581520592118,-39.25699290669673],[176.8161624865273,-39.25698135949434],[176.81614763661295,-39.256711367197624],[176.81580035733276,-39.25672291429057],[176.8157855077863,-39.256452921905094],[176.81577065843828,-39.256182929502344],[176.81575581039633,-39.25591293614529],[176.8161030845912,-39.25590139031773],[176.81645035969524,-39.25588984252043],[176.81643550809235,-39.255619850302054],[176.81642065663908,-39.25534985716732],[176.81640580543305,-39.25507986491439],[176.81605853546296,-39.255091412345365],[176.8160436857812,-39.254821419965715],[176.81639095442551,-39.2548098726442],[176.8163761036164,-39.25453988035673],[176.8167233718929,-39.254528332074074],[176.81707063997095,-39.25451678275875],[176.81741790785048,-39.25450523241076],[176.8174030532137,-39.254235239535355],[176.81775031956894,-39.254223688264204],[176.8180975857257,-39.254212135960415],[176.81808272863597,-39.25394214328675],[176.8184299932684,-39.25393059005984],[176.81877725885874,-39.253919035762294],[176.81912452309408,-39.25390748047011],[176.81947178713082,-39.25389592414528],[176.81945692493676,-39.25362593189245],[176.81944206294122,-39.25335593962236],[176.81978932528438,-39.25334438244603],[176.81977446100538,-39.253074390306175],[176.82012172182425,-39.253062832206815],[176.8201068575746,-39.25279284012126],[176.82045411571275,-39.25278128113683],[176.8204392503361,-39.252511289143584],[176.82042438515808,-39.25224129713304],[176.82077164039748,-39.25222973643612],[176.8207567740925,-39.25195974451789],[176.82110402901296,-39.25194818375907],[176.82108916042466,-39.25167819197113],[176.82107429314252,-39.251408199228855],[176.82105942495159,-39.25113820740635],[176.82140667569666,-39.25112664594377],[176.82142154521313,-39.25139663765667],[176.82176879703619,-39.251385074152886],[176.822116047553,-39.25137351055364],[176.8221011765418,-39.25110351902197],[176.8224484266419,-39.251091953562735],[176.82243355334757,-39.250821962161396],[176.82278080307972,-39.25081039574129],[176.82312805145676,-39.250798828326666],[176.8234752996839,-39.2507872607786],[176.8234901758473,-39.2510572527881]]]}}]}