{
  "type": "FeatureCollection",
  "features": [
    {
      "type": "Feature",
      "properties": {
        "source": "30m SAR/optical low-change screening",
        "review_status": "candidate_requires_manual_review",
        "pixel_count": 3053,
        "thresholds": {
          "dvv_db": 4.991380333900452,
          "dvh_db": 4.966275572776794,
          "dNDVI": 0.1
        }
      },
      "geometry": {
        "type": "MultiPolygon",
        "coordinates": [
          [
            [
              [
                176.78705769382222,
                -39.18731821592648
              ],
              [
                176.78740430446032,
                -39.187306933515096
              ],
              [
                176.78746229932082,
                -39.18838589406402
              ],
              [
                176.7878089150409,
                -39.18837461019317
              ],
              [
                176.78785241718688,
                -39.189183830102714
              ],
              [
                176.78819903666994,
                -39.18917254488011
              ],
              [
                176.7882135390937,
                -39.18944228470811
              ],
              [
                176.78786691829143,
                -39.1894535700385
              ],
              [
                176.7879684314723,
                -39.19134174911205
              ],
              [
                176.78762180124033,
                -39.19135303416842
              ],
              [
                176.78760730009284,
                -39.191083294244095
              ],
              [
                176.78726067098563,
                -39.19109457816417
              ],
              [
                176.78727517081373,
                -39.19136431819628
              ],
              [
                176.7865819093768,
                -39.19138688316639
              ],
              [
                176.78659640676076,
                -39.19165662339696
              ],
              [
                176.78624977443107,
                -39.191667904446966
              ],
              [
                176.7862642706902,
                -39.191937644768274
              ],
              [
                176.7866109043393,
                -39.19192636361051
              ],
              [
                176.78662540211238,
                -39.192196103807035
              ],
              [
                176.78731867146567,
                -39.19217353819039
              ],
              [
                176.78730417105376,
                -39.19190379820937
              ],
              [
                176.78765080411912,
                -39.19189251396598
              ],
              [
                176.7876363025824,
                -39.19162277407571
              ],
              [
                176.78798293413377,
                -39.191611488911555
              ],
              [
                176.78799743698985,
                -39.191881228694044
              ],
              [
                176.78834406966595,
                -39.191869942393566
              ],
              [
                176.78837307860087,
                -39.19240942169185
              ],
              [
                176.78871971372115,
                -39.192398134147226
              ],
              [
                176.78874872607358,
                -39.19293761316175
              ],
              [
                176.7884020883144,
                -39.192948900921984
              ],
              [
                176.78844560434464,
                -39.19375811963943
              ],
              [
                176.78809896243237,
                -39.193769406694486
              ],
              [
                176.78811346684557,
                -39.1940391463407
              ],
              [
                176.7877668234191,
                -39.19405043247492
              ],
              [
                176.78781033386804,
                -39.194859651634715
              ],
              [
                176.78815698125322,
                -39.19484836517713
              ],
              [
                176.7882004974128,
                -39.19565758386024
              ],
              [
                176.78785384606874,
                -39.1956688706412
              ],
              [
                176.78794087572595,
                -39.197287308194255
              ],
              [
                176.78828753498817,
                -39.197276020766516
              ],
              [
                176.78830204193213,
                -39.197545760191275
              ],
              [
                176.7886487023194,
                -39.197534471626994
              ],
              [
                176.78863419405567,
                -39.197264732310046
              ],
              [
                176.7893275116066,
                -39.19724215231088
              ],
              [
                176.7893420225098,
                -39.19751189141219
              ],
              [
                176.78968868231289,
                -39.19750059976165
              ],
              [
                176.78973222015034,
                -39.198309816639814
              ],
              [
                176.7893855563879,
                -39.198321108613854
              ],
              [
                176.7894000680701,
                -39.198590847647004
              ],
              [
                176.78870673732138,
                -39.198613428724414
              ],
              [
                176.78869222827882,
                -39.198343689475614
              ],
              [
                176.7879988993908,
                -39.19836626622227
              ],
              [
                176.78798439318257,
                -39.19809652674081
              ],
              [
                176.78694440234997,
                -39.1981303838216
              ],
              [
                176.7869299002958,
                -39.19786064399977
              ],
              [
                176.7865832376155,
                -39.197871927528055
              ],
              [
                176.78656873707575,
                -39.19760218758144
              ],
              [
                176.78622207552058,
                -39.1976134699732
              ],
              [
                176.7862075764952,
                -39.197343729901796
              ],
              [
                176.78586091606525,
                -39.197355011157065
              ],
              [
                176.78584641855423,
                -39.1970852709609
              ],
              [
                176.78549975924946,
                -39.19709655107968
              ],
              [
                176.78551425544072,
                -39.19736629138358
              ],
              [
                176.78482093360805,
                -39.19738884875035
              ],
              [
                176.78483542735427,
                -39.19765858925265
              ],
              [
                176.78448876482636,
                -39.19766986650061
              ],
              [
                176.7845032574473,
                -39.19793960709359
              ],
              [
                176.7838099291684,
                -39.19796215871856
              ],
              [
                176.78379543918706,
                -39.19769241791021
              ],
              [
                176.7831021127699,
                -39.197714965204725
              ],
              [
                176.7831166001116,
                -39.197984706228404
              ],
              [
                176.78276993529158,
                -39.19799597844016
              ],
              [
                176.78278442150787,
                -39.19826571955447
              ],
              [
                176.78313108764775,
                -39.19825444723507
              ],
              [
                176.78314557537834,
                -39.1985241882247
              ],
              [
                176.78383890971446,
                -39.198501640284185
              ],
              [
                176.7838244193442,
                -39.198231899509885
              ],
              [
                176.78451775026278,
                -39.19820934766955
              ],
              [
                176.7845467364772,
                -39.198748828770356
              ],
              [
                176.78489340428445,
                -39.19873755109159
              ],
              [
                176.78490789900331,
                -39.19900729150875
              ],
              [
                176.7859479052174,
                -39.198973451976464
              ],
              [
                176.7859624040904,
                -39.19924319205342
              ],
              [
                176.78630907375918,
                -39.19923191004396
              ],
              [
                176.7863235741467,
                -39.199501649996144
              ],
              [
                176.78008346659308,
                -39.19970457069357
              ],
              [
                176.7800689899642,
                -39.19943482880346
              ],
              [
                176.77972231679558,
                -39.19944609229392
              ],
              [
                176.77973679210456,
                -39.19971583429158
              ],
              [
                176.77835009220775,
                -39.19976087839501
              ],
              [
                176.77833562217864,
                -39.19949113596716
              ],
              [
                176.77798894803885,
                -39.19950239431333
              ],
              [
                176.77797447952386,
                -39.19923265176094
              ],
              [
                176.77762780650986,
                -39.19924390897075
              ],
              [
                176.77764227370488,
                -39.19951365163065
              ],
              [
                176.77729559917677,
                -39.1995249079191
              ],
              [
                176.7772811333017,
                -39.1992551651517
              ],
              [
                176.7769344598994,
                -39.19926642030379
              ],
              [
                176.77694892445453,
                -39.199536163178685
              ],
              [
                176.77660224953812,
                -39.19954741740941
              ],
              [
                176.77661671296738,
                -39.199817160374764
              ],
              [
                176.7707231872643,
                -39.2000083267048
              ],
              [
                176.77070874627506,
                -39.19973858191376
              ],
              [
                176.77036206786738,
                -39.19974981762462
              ],
              [
                176.77034762839196,
                -39.19948007270929
              ],
              [
                176.7700009511105,
                -39.199491307283964
              ],
              [
                176.77001538926592,
                -39.1997610523066
              ],
              [
                176.76966871047068,
                -39.19977228595966
              ],
              [
                176.76968314749985,
                -39.200042031072584
              ],
              [
                176.76794974401747,
                -39.20009818444067
              ],
              [
                176.76793531358848,
                -39.199828438791464
              ],
              [
                176.76828199335236,
                -39.199817210282916
              ],
              [
                176.76826756179705,
                -39.19954746472396
              ],
              [
                176.76792088335324,
                -39.19955869312527
              ],
              [
                176.76789202346365,
                -39.199019201741926
              ],
              [
                176.76754534746618,
                -39.19903042889989
              ],
              [
                176.76753091913187,
                -39.198760683075506
              ],
              [
                176.76718424426073,
                -39.198771909097374
              ],
              [
                176.76719867127505,
                -39.19904165502898
              ],
              [
                176.76685199489032,
                -39.199052880129166
              ],
              [
                176.76688084685983,
                -39.199592372155806
              ],
              [
                176.76653416764148,
                -39.19960359644151
              ],
              [
                176.7665630177453,
                -39.200143088614595
              ],
              [
                176.7648296055493,
                -39.20019919568115
              ],
              [
                176.7648151870009,
                -39.19992944906726
              ],
              [
                176.76446850530115,
                -39.19994066728665
              ],
              [
                176.76441083832273,
                -39.198861680232724
              ],
              [
                176.76475751474237,
                -39.1988504624419
              ],
              [
                176.7647430971615,
                -39.19858071574311
              ],
              [
                176.76508977206763,
                -39.19856949703053
              ],
              [
                176.7651041909685,
                -39.19883924362219
              ],
              [
                176.76545086700108,
                -39.198828023773586
              ],
              [
                176.76543644678023,
                -39.19855827728909
              ],
              [
                176.7657831212993,
                -39.19854705651877
              ],
              [
                176.76573985783816,
                -39.19773781728488
              ],
              [
                176.76608652820386,
                -39.1977265958072
              ],
              [
                176.76605768422434,
                -39.19718710311403
              ],
              [
                176.7670976862407,
                -39.19715343315113
              ],
              [
                176.76711211209334,
                -39.197423179184625
              ],
              [
                176.7681521163269,
                -39.19738949964072
              ],
              [
                176.76813768651462,
                -39.19711975392886
              ],
              [
                176.7684843528853,
                -39.197108525463825
              ],
              [
                176.76849878401745,
                -39.197378271068445
              ],
              [
                176.76884545151432,
                -39.197367041467345
              ],
              [
                176.7688310190623,
                -39.19709729596998
              ],
              [
                176.76917768504566,
                -39.19708606544733
              ],
              [
                176.7691921188175,
                -39.19735581083744
              ],
              [
                176.76953878592698,
                -39.1973445791787
              ],
              [
                176.76958209236452,
                -39.19815381492529
              ],
              [
                176.76992876323993,
                -39.19814258191591
              ],
              [
                176.76994320042652,
                -39.198412327023505
              ],
              [
                176.7702898724281,
                -39.198401092878
              ],
              [
                176.7702754339216,
                -39.1981313478777
              ],
              [
                176.77062210440945,
                -39.19812011281064
              ],
              [
                176.77059322533796,
                -39.197580622973646
              ],
              [
                176.77024655748986,
                -39.19759185782611
              ],
              [
                176.77023211956467,
                -39.19732211277482
              ],
              [
                176.7705787860929,
                -39.19731087802967
              ],
              [
                176.7705643470416,
                -39.19704113306868
              ],
              [
                176.77021768183326,
                -39.19705236770655
              ],
              [
                176.7702032442956,
                -39.19678262262127
              ],
              [
                176.7698565802133,
                -39.19679385612305
              ],
              [
                176.7698421441892,
                -39.19652411091351
              ],
              [
                176.76914881808304,
                -39.196546574616136
              ],
              [
                176.7691632514675,
                -39.19681632004023
              ],
              [
                176.768816586804,
                -39.19682755045562
              ],
              [
                176.76880215473943,
                -39.19655780492428
              ],
              [
                176.76845549120208,
                -39.196569034203634
              ],
              [
                176.76844106065099,
                -39.196299288548055
              ],
              [
                176.76809439823978,
                -39.19631051669138
              ],
              [
                176.76807996920215,
                -39.19604077091157
              ],
              [
                176.76703998476617,
                -39.19607444884723
              ],
              [
                176.76702555988152,
                -39.195804702728786
              ],
              [
                176.76737222023402,
                -39.19579347788621
              ],
              [
                176.7673577942232,
                -39.195523731857996
              ],
              [
                176.7677044530623,
                -39.19551250609388
              ],
              [
                176.76767559898198,
                -39.1949730142009
              ],
              [
                176.76732894278234,
                -39.19498423975059
              ],
              [
                176.76731451735233,
                -39.19471449367142
              ],
              [
                176.76696786227882,
                -39.19472571808519
              ],
              [
                176.76692459110942,
                -39.193916479424125
              ],
              [
                176.76761789314472,
                -39.19389403021112
              ],
              [
                176.76760346716944,
                -39.19362428417119
              ],
              [
                176.76795011657708,
                -39.19361305812886
              ],
              [
                176.76793568947576,
                -39.193343312179174
              ],
              [
                176.76828233737012,
                -39.19333208521539
              ],
              [
                176.76831119440564,
                -39.19387157688331
              ],
              [
                176.767964543872,
                -39.19388280406156
              ],
              [
                176.76797897136055,
                -39.19415254997726
              ],
              [
                176.76832562321385,
                -39.19414132269179
              ],
              [
                176.7683400522157,
                -39.19441106848329
              ],
              [
                176.76868670519502,
                -39.19439984006188
              ],
              [
                176.7686722748735,
                -39.19413009437762
              ],
              [
                176.76901892633947,
                -39.19411886503474
              ],
              [
                176.76900449489196,
                -39.19384911944075
              ],
              [
                176.76935114484465,
                -39.193837889176436
              ],
              [
                176.7693078477053,
                -39.19302865261429
              ],
              [
                176.76965449350544,
                -39.19301742164309
              ],
              [
                176.7697122286904,
                -39.19409640326291
              ],
              [
                176.77005887957532,
                -39.194085170833944
              ],
              [
                176.7700733151755,
                -39.194354916089154
              ],
              [
                176.7704199671863,
                -39.19434368252421
              ],
              [
                176.7704055302665,
                -39.194073937376295
              ],
              [
                176.7714454811774,
                -39.19404023083121
              ],
              [
                176.77143104049242,
                -39.19377048598823
              ],
              [
                176.77177768908885,
                -39.19375924852316
              ],
              [
                176.77174880566105,
                -39.193219759000854
              ],
              [
                176.77140215970383,
                -39.193230996251266
              ],
              [
                176.77138771960023,
                -39.19296125135731
              ],
              [
                176.7710410747688,
                -39.19297248747176
              ],
              [
                176.77101219778206,
                -39.192432997418216
              ],
              [
                176.77170548197296,
                -39.19241052458994
              ],
              [
                176.77171992300853,
                -39.192680269410566
              ],
              [
                176.7720665661328,
                -39.19266903134615
              ],
              [
                176.77208100868174,
                -39.19293877604247
              ],
              [
                176.77242765293175,
                -39.19292753684207
              ],
              [
                176.77241320906327,
                -39.192657792253115
              ],
              [
                176.7727598517999,
                -39.19264655213145
              ],
              [
                176.77274540680574,
                -39.19237680763282
              ],
              [
                176.77239876538863,
                -39.19238804764715
              ],
              [
                176.77235543552777,
                -39.191578813727276
              ],
              [
                176.77200879787534,
                -39.19159005239097
              ],
              [
                176.7719943562955,
                -39.19132030760967
              ],
              [
                176.77164771976874,
                -39.19133154513744
              ],
              [
                176.77163327970217,
                -39.19106180023182
              ],
              [
                176.77024673693512,
                -39.19110673962777
              ],
              [
                176.7702323023401,
                -39.190836994275955
              ],
              [
                176.76988566748344,
                -39.190848226446214
              ],
              [
                176.76987123440156,
                -39.19057848097012
              ],
              [
                176.7705645012823,
                -39.19055601581559
              ],
              [
                176.77055006575532,
                -39.19028627053707
              ],
              [
                176.77089669758567,
                -39.19027503652428
              ],
              [
                176.770882260933,
                -39.190005291336064
              ],
              [
                176.77122889125027,
                -39.18999405640201
              ],
              [
                176.77121445347197,
                -39.1897243113041
              ],
              [
                176.7715610822761,
                -39.189713075448836
              ],
              [
                176.77154664337223,
                -39.18944333044124
              ],
              [
                176.7718932706632,
                -39.18943209366476
              ],
              [
                176.77187883063377,
                -39.18916234874751
              ],
              [
                176.77222545641166,
                -39.189151111049846
              ],
              [
                176.77229766509353,
                -39.1904998349295
              ],
              [
                176.7726442972744,
                -39.190488595666615
              ],
              [
                176.77265874091162,
                -39.19075834028421
              ],
              [
                176.77335200733063,
                -39.19073585845807
              ],
              [
                176.77336645380055,
                -39.191005602843944
              ],
              [
                176.77371308803868,
                -39.19099436028066
              ],
              [
                176.77369864024936,
                -39.190724616002164
              ],
              [
                176.77404527297418,
                -39.1907133725177
              ],
              [
                176.77403082405934,
                -39.19044362832958
              ],
              [
                176.77437745527084,
                -39.19043238392397
              ],
              [
                176.77434855538414,
                -39.189892895711516
              ],
              [
                176.77504181194791,
                -39.18987040424429
              ],
              [
                176.775056264433,
                -39.19014014814419
              ],
              [
                176.7754028937433,
                -39.19012890076037
              ],
              [
                176.7754318019341,
                -39.19066838829433
              ],
              [
                176.7757784336892,
                -39.19065713966712
              ],
              [
                176.77579288939498,
                -39.19092688330115
              ],
              [
                176.77613952227546,
                -39.19091563353795
              ],
              [
                176.77615397949464,
                -39.19118537704753
              ],
              [
                176.77580734529474,
                -39.19119662691818
              ],
              [
                176.7758362576763,
                -39.19173611410123
              ],
              [
                176.7761828945151,
                -39.19172486401569
              ],
              [
                176.77619735231636,
                -39.19199460747426
              ],
              [
                176.77585071415808,
                -39.19200585766724
              ],
              [
                176.77587962770372,
                -39.19254534474827
              ],
              [
                176.77622626850095,
                -39.19253409434038
              ],
              [
                176.7762407268843,
                -39.19280383774793
              ],
              [
                176.77658736880704,
                -39.19279258620398
              ],
              [
                176.77660182870397,
                -39.193062329487056
              ],
              [
                176.77694847175215,
                -39.193051076807
              ],
              [
                176.7769629331627,
                -39.1933208199656
              ],
              [
                176.77730957733635,
                -39.193309566149445
              ],
              [
                176.77732404026057,
                -39.19357930918357
              ],
              [
                176.77628410319863,
                -39.19361306786854
              ],
              [
                176.77629856235816,
                -39.19388281120806
              ],
              [
                176.77595191496314,
                -39.19389406215322
              ],
              [
                176.77596637299712,
                -39.19416380558319
              ],
              [
                176.77631302171173,
                -39.19415255453058
              ],
              [
                176.77632748125936,
                -39.194422297836105
              ],
              [
                176.77667413109955,
                -39.194411045647364
              ],
              [
                176.7766885921609,
                -39.19468078882841
              ],
              [
                176.77703524312665,
                -39.19466953550351
              ],
              [
                176.7770497057017,
                -39.19493927856008
              ],
              [
                176.77670305341627,
                -39.19495053199243
              ],
              [
                176.77671751486577,
                -39.195220275139455
              ],
              [
                176.77706416847087,
                -39.19520902159962
              ],
              [
                176.7770786314341,
                -39.19547876462216
              ],
              [
                176.77742528616477,
                -39.19546750994611
              ],
              [
                176.77741082188186,
                -39.19519776703107
              ],
              [
                176.77810412812144,
                -39.19517525480786
              ],
              [
                176.7780896613933,
                -39.1949055120908
              ],
              [
                176.778782964217,
                -39.19488299596782
              ],
              [
                176.7787684950437,
                -39.19461325344879
              ],
              [
                176.77911514484464,
                -39.194601993951814
              ],
              [
                176.7791006745459,
                -39.194332251523306
              ],
              [
                176.77875402606458,
                -39.19434351091275
              ],
              [
                176.77873955727964,
                -39.1940737683597
              ],
              [
                176.77839290992378,
                -39.19408502661296
              ],
              [
                176.77836397557556,
                -39.193545541240766
              ],
              [
                176.7780173306647,
                -39.19355679825034
              ],
              [
                176.7780028651014,
                -39.19328705543122
              ],
              [
                176.77869615208988,
                -39.19326454059847
              ],
              [
                176.77868168408165,
                -39.19299479797737
              ],
              [
                176.77902832596513,
                -39.19298353912558
              ],
              [
                176.7790138568315,
                -39.192713796595
              ],
              [
                176.77936049720128,
                -39.19270253682213
              ],
              [
                176.7793460269424,
                -39.19243279438208
              ],
              [
                176.77969266579845,
                -39.19242153368814
              ],
              [
                176.77970713737687,
                -39.19269127602065
              ],
              [
                176.78005377735823,
                -39.19268001419057
              ],
              [
                176.78003930446036,
                -39.19241027196562
              ],
              [
                176.7807325812014,
                -39.1923877454348
              ],
              [
                176.78074705673828,
                -39.192657487444606
              ],
              [
                176.78109369613688,
                -39.19264622252872
              ],
              [
                176.7811081731875,
                -39.19291596441392
              ],
              [
                176.78145481371135,
                -39.19290469836184
              ],
              [
                176.78144033534122,
                -39.192634956584236
              ],
              [
                176.78213361316696,
                -39.192612421609496
              ],
              [
                176.78214809417605,
                -39.19288216317187
              ],
              [
                176.7824947341169,
                -39.19287089403398
              ],
              [
                176.78248025178831,
                -39.192601152579236
              ],
              [
                176.78282689021535,
                -39.19258988252039
              ],
              [
                176.78281240676165,
                -39.192320141156245
              ],
              [
                176.78246576965407,
                -39.19233141110747
              ],
              [
                176.7824512877142,
                -39.192061669618674
              ],
              [
                176.78210465173174,
                -39.19207293843369
              ],
              [
                176.78211913235216,
                -39.1923426800301
              ],
              [
                176.78177249485594,
                -39.192353947924154
              ],
              [
                176.7817435364483,
                -39.19181446449907
              ],
              [
                176.78243680596864,
                -39.191791928112856
              ],
              [
                176.78242232441747,
                -39.19152218659003
              ],
              [
                176.78311559052162,
                -39.191499646304855
              ],
              [
                176.78314455909603,
                -39.19203912890294
              ],
              [
                176.78349119449538,
                -39.19202785700222
              ],
              [
                176.78352016648623,
                -39.19256733931691
              ],
              [
                176.78386680433007,
                -39.192556066172294
              ],
              [
                176.7838812919366,
                -39.192825807196435
              ],
              [
                176.78353465277328,
                -39.19283708044872
              ],
              [
                176.78354913925472,
                -39.193106821563504
              ],
              [
                176.7832024985775,
                -39.19311809389485
              ],
              [
                176.78321698393384,
                -39.193387835100275
              ],
              [
                176.78356362593058,
                -39.19337656266127
              ],
              [
                176.78357811280085,
                -39.19364630374201
              ],
              [
                176.78427139885014,
                -39.19362375556281
              ],
              [
                176.7842569093408,
                -39.19335401469743
              ],
              [
                176.78460355075424,
                -39.193342739172586
              ],
              [
                176.78456007943447,
                -39.19253351679732
              ],
              [
                176.78490671669496,
                -39.192522240566966
              ],
              [
                176.78489222532454,
                -39.19225249984886
              ],
              [
                176.78523886107112,
                -39.192241222697625
              ],
              [
                176.78522436857574,
                -39.19197148207019
              ],
              [
                176.78557100280838,
                -39.19196020399811
              ],
              [
                176.78555650918807,
                -39.191690463461356
              ],
              [
                176.78520987627482,
                -39.191701741425724
              ],
              [
                176.78519538416842,
                -39.19143200076424
              ],
              [
                176.78484875238007,
                -39.19144327759237
              ],
              [
                176.7848342617875,
                -39.19117353680614
              ],
              [
                176.78448763112405,
                -39.19118481249804
              ],
              [
                176.78447314204533,
                -39.19091507158709
              ],
              [
                176.78377988277384,
                -39.19093761966993
              ],
              [
                176.78379436921384,
                -39.191207360796234
              ],
              [
                176.78344773796712,
                -39.191218633402514
              ],
              [
                176.78341876792024,
                -39.19067915091759
              ],
              [
                176.78376539652825,
                -39.19066787852663
              ],
              [
                176.78375091047704,
                -39.1903981373663
              ],
              [
                176.7834042831884,
                -39.19040940964961
              ],
              [
                176.78338979865092,
                -39.190139668364594
              ],
              [
                176.78304317248717,
                -39.19015093951174
              ],
              [
                176.7830286894634,
                -39.18988119810206
              ],
              [
                176.78337531430785,
                -39.18986992706255
              ],
              [
                176.78336083015913,
                -39.189600185743494
              ],
              [
                176.78301420663396,
                -39.18961145667535
              ],
              [
                176.78299972399893,
                -39.18934171523162
              ],
              [
                176.7833463462048,
                -39.18933044440741
              ],
              [
                176.78333186244484,
                -39.1890607030543
              ],
              [
                176.7836784831371,
                -39.189049431309286
              ],
              [
                176.7836639982523,
                -39.18877969004681
              ],
              [
                176.78401061743097,
                -39.18876841738099
              ],
              [
                176.7839816456061,
                -39.18822893502032
              ],
              [
                176.78363502906583,
                -39.1882402074708
              ],
              [
                176.78362054476418,
                -39.18797046615727
              ],
              [
                176.78327392934872,
                -39.18798173747167
              ],
              [
                176.7832594465606,
                -39.18771199603346
              ],
              [
                176.78291283226991,
                -39.187723266211805
              ],
              [
                176.7828983509953,
                -39.18745352464893
              ],
              [
                176.78393818932676,
                -39.187419711351616
              ],
              [
                176.7839526745588,
                -39.18768945259154
              ],
              [
                176.78499251509817,
                -39.18765562971562
              ],
              [
                176.78497802590874,
                -39.18738588879874
              ],
              [
                176.7863644719624,
                -39.18734077766411
              ],
              [
                176.78634997769097,
                -39.18707103716106
              ],
              [
                176.78704319691263,
                -39.187048475638925
              ],
              [
                176.78705769382222,
                -39.18731821592648
              ]
            ],
            [
              [
                176.7842858885539,
                -39.193893496411185
              ],
              [
                176.783939244307,
                -39.193904771122774
              ],
              [
                176.78395373288566,
                -39.1941745120618
              ],
              [
                176.78430037845217,
                -39.194163237242535
              ],
              [
                176.7843148685449,
                -39.19443297805685
              ],
              [
                176.7846615152365,
                -39.19442170210125
              ],
              [
                176.78467600684326,
                -39.19469144279085
              ],
              [
                176.78502265466003,
                -39.1946801656989
              ],
              [
                176.78500816173366,
                -39.194410425117
              ],
              [
                176.78535480803632,
                -39.19439914710411
              ],
              [
                176.78534031398488,
                -39.19412940661289
              ],
              [
                176.78568695877345,
                -39.19411812767907
              ],
              [
                176.785672463597,
                -39.19384838727855
              ],
              [
                176.7860191068715,
                -39.19383710742383
              ],
              [
                176.78600461057005,
                -39.193567367114
              ],
              [
                176.78635125233043,
                -39.1935560863384
              ],
              [
                176.78632225767217,
                -39.19301660588314
              ],
              [
                176.78666889659902,
                -39.19300532429441
              ],
              [
                176.78665439824223,
                -39.19273558414898
              ],
              [
                176.78630776063483,
                -39.192746865629964
              ],
              [
                176.78629326379206,
                -39.19247712535976
              ],
              [
                176.78594662730958,
                -39.19248840570442
              ],
              [
                176.7859611228329,
                -39.19275814608235
              ],
              [
                176.7856144848364,
                -39.19276942550618
              ],
              [
                176.78564347382766,
                -39.19330890642642
              ],
              [
                176.7852968329977,
                -39.19332018503708
              ],
              [
                176.78531132646557,
                -39.193589925579374
              ],
              [
                176.78496468412158,
                -39.19360120326914
              ],
              [
                176.78497917646445,
                -39.19387094390211
              ],
              [
                176.78463253260642,
                -39.19388222067097
              ],
              [
                176.7846180415831,
                -39.193612479930295
              ],
              [
                176.78427139885014,
                -39.19362375556281
              ],
              [
                176.7842858885539,
                -39.193893496411185
              ]
            ],
            [
              [
                176.78500700448205,
                -39.187925370615474
              ],
              [
                176.78466038984422,
                -39.187936646043546
              ],
              [
                176.7846748781034,
                -39.18820638703407
              ],
              [
                176.7850214940604,
                -39.18819511149831
              ],
              [
                176.78503598383318,
                -39.188464852364106
              ],
              [
                176.78538260091491,
                -39.188453575692236
              ],
              [
                176.78536810982294,
                -39.18818383493414
              ],
              [
                176.78571472539105,
                -39.18817255734153
              ],
              [
                176.7857002331744,
                -39.18790281667412
              ],
              [
                176.78535361892546,
                -39.187914094159
              ],
              [
                176.78533912822243,
                -39.18764435336685
              ],
              [
                176.78499251509817,
                -39.18765562971562
              ],
              [
                176.78500700448205,
                -39.187925370615474
              ]
            ],
            [
              [
                176.78545505929188,
                -39.18980227922734
              ],
              [
                176.7861483060642,
                -39.1897797217211
              ],
              [
                176.7861628009616,
                -39.190049462161596
              ],
              [
                176.78650942537524,
                -39.19003818175803
              ],
              [
                176.7864949291586,
                -39.18976844142527
              ],
              [
                176.78684155205843,
                -39.18975716010097
              ],
              [
                176.78685604959438,
                -39.19002690032599
              ],
              [
                176.78720267361894,
                -39.190015617865456
              ],
              [
                176.7871881747637,
                -39.1897458777482
              ],
              [
                176.78753479727445,
                -39.18973459436696
              ],
              [
                176.78752029729455,
                -39.189464854340436
              ],
              [
                176.7871736761031,
                -39.1894761376139
              ],
              [
                176.78715917763702,
                -39.18920639746259
              ],
              [
                176.78681255757022,
                -39.18921767959986
              ],
              [
                176.78682705471704,
                -39.18948741985893
              ],
              [
                176.78648043313646,
                -39.18949870107548
              ],
              [
                176.78646593730883,
                -39.18922896070866
              ],
              [
                176.78577269620254,
                -39.18925151984093
              ],
              [
                176.78575820320793,
                -39.188981779241615
              ],
              [
                176.78541158368225,
                -39.188993057157354
              ],
              [
                176.78542607535763,
                -39.18926279786438
              ],
              [
                176.78507945431826,
                -39.18927407485937
              ],
              [
                176.7850939448689,
                -39.18954381565706
              ],
              [
                176.78544056722754,
                -39.189532538554374
              ],
              [
                176.78545505929188,
                -39.18980227922734
              ]
            ],
            [
              [
                176.773149834447,
                -39.19344454405289
              ],
              [
                176.77349648075457,
                -39.19343330155184
              ],
              [
                176.77348203253968,
                -39.19316355731896
              ],
              [
                176.77382867733377,
                -39.19315231389664
              ],
              [
                176.7738142279932,
                -39.19288256975415
              ],
              [
                176.77346758451867,
                -39.19289381306908
              ],
              [
                176.77345313669156,
                -39.1926240688022
              ],
              [
                176.77310649434267,
                -39.19263531098114
              ],
              [
                176.77312094085022,
                -39.19290505535539
              ],
              [
                176.7727742969879,
                -39.192916296613056
              ],
              [
                176.7727887423698,
                -39.19318604107766
              ],
              [
                176.7731353875517,
                -39.19317479971264
              ],
              [
                176.773149834447,
                -39.19344454405289
              ]
            ],
            [
              [
                176.779071734531,
                -39.19379276661525
              ],
              [
                176.77941838017892,
                -39.19378150641222
              ],
              [
                176.77943285140887,
                -39.19405124876721
              ],
              [
                176.77977949818217,
                -39.19403998742798
              ],
              [
                176.77980844386389,
                -39.194579471871805
              ],
              [
                176.78015509308216,
                -39.194568209288796
              ],
              [
                176.78016956753402,
                -39.19483795137763
              ],
              [
                176.78051621787768,
                -39.19482668765838
              ],
              [
                176.78053069384342,
                -39.195096429622616
              ],
              [
                176.7808773453124,
                -39.1950851647671
              ],
              [
                176.78086286802704,
                -39.194815422910445
              ],
              [
                176.78120951798215,
                -39.19480415713383
              ],
              [
                176.78118056135503,
                -39.19426467358466
              ],
              [
                176.78083391403916,
                -39.19427593914608
              ],
              [
                176.78081943733665,
                -39.19400619723837
              ],
              [
                176.78047279114608,
                -39.19401746166356
              ],
              [
                176.78044384096302,
                -39.19347797758194
              ],
              [
                176.78079048451448,
                -39.193466713371926
              ],
              [
                176.78077600839478,
                -39.193196971413165
              ],
              [
                176.7804293661629,
                -39.193208235515606
              ],
              [
                176.780414891557,
                -39.19293849343226
              ],
              [
                176.78006825045037,
                -39.192949756398505
              ],
              [
                176.78008272373674,
                -39.193219498589414
              ],
              [
                176.7793894383017,
                -39.1932420216512
              ],
              [
                176.77940390914324,
                -39.19351176404022
              ],
              [
                176.77905726481484,
                -39.19352302413571
              ],
              [
                176.779071734531,
                -39.19379276661525
              ]
            ],
            [
              [
                176.77457977619844,
                -39.19420879950685
              ],
              [
                176.77492642568907,
                -39.194197552568944
              ],
              [
                176.77491197161396,
                -39.19392780881667
              ],
              [
                176.77525861959103,
                -39.19391656095752
              ],
              [
                176.77524416439027,
                -39.19364681729566
              ],
              [
                176.77489751773282,
                -39.193658065047394
              ],
              [
                176.77488306404564,
                -39.193388321261104
              ],
              [
                176.7745364185138,
                -39.19339956787677
              ],
              [
                176.7745508708814,
                -39.19366931177046
              ],
              [
                176.774204223836,
                -39.19368055746488
              ],
              [
                176.77421867507792,
                -39.19395030144898
              ],
              [
                176.7745653234429,
                -39.19393905564716
              ],
              [
                176.77457977619844,
                -39.19420879950685
              ]
            ],
            [
              [
                176.77463758916014,
                -39.1952877747756
              ],
              [
                176.77498424392945,
                -39.19527652740803
              ],
              [
                176.77496978907837,
                -39.195006783723755
              ],
              [
                176.775316442334,
                -39.194995535434906
              ],
              [
                176.77530198635725,
                -39.194725791841066
              ],
              [
                176.77495533442126,
                -39.194737040022495
              ],
              [
                176.7749408799582,
                -39.194467296304225
              ],
              [
                176.77459422914788,
                -39.19447854334955
              ],
              [
                176.77460868229133,
                -39.19474828717523
              ],
              [
                176.77426202996742,
                -39.19475953329927
              ],
              [
                176.77427648198514,
                -39.19502927721535
              ],
              [
                176.77462313562873,
                -39.19501803098392
              ],
              [
                176.77463758916014,
                -39.1952877747756
              ]
            ],
            [
              [
                176.7705065927743,
                -39.19596215305482
              ],
              [
                176.77085325250965,
                -39.19595091781737
              ],
              [
                176.77086769210558,
                -39.19622066273904
              ],
              [
                176.77156101363448,
                -39.19619818896325
              ],
              [
                176.771546571399,
                -39.195928444256225
              ],
              [
                176.77189323055293,
                -39.19591720593253
              ],
              [
                176.77187878719153,
                -39.19564746131584
              ],
              [
                176.7722254448319,
                -39.195636222070725
              ],
              [
                176.77221100034458,
                -39.19536647754439
              ],
              [
                176.77186434402395,
                -39.19537771668216
              ],
              [
                176.7718499010502,
                -39.19510797203149
              ],
              [
                176.7711565904669,
                -39.195130447006186
              ],
              [
                176.7711710308012,
                -39.19540019187151
              ],
              [
                176.7708243738991,
                -39.19541142792309
              ],
              [
                176.77083881310747,
                -39.19568117287873
              ],
              [
                176.77049215469188,
                -39.19569240800887
              ],
              [
                176.7705065927743,
                -39.19596215305482
              ]
            ],
            [
              [
                176.78508062831048,
                -39.195759127856206
              ],
              [
                176.78542728121124,
                -39.19574784930475
              ],
              [
                176.78544177642982,
                -39.1960175896938
              ],
              [
                176.7857884304557,
                -39.19600631000592
              ],
              [
                176.78577393391748,
                -39.19573656972461
              ],
              [
                176.7864672387463,
                -39.195714007478216
              ],
              [
                176.78648173792388,
                -39.19598374754406
              ],
              [
                176.78717504461366,
                -39.1959611809674
              ],
              [
                176.78716054279676,
                -39.195691441117084
              ],
              [
                176.7875071945301,
                -39.19568015639349
              ],
              [
                176.78749269158817,
                -39.195410416633905
              ],
              [
                176.78714604117448,
                -39.195421701249735
              ],
              [
                176.7871315397468,
                -39.19515196136535
              ],
              [
                176.7864382409749,
                -39.195174527295435
              ],
              [
                176.78642374238106,
                -39.194904787178515
              ],
              [
                176.78607709402283,
                -39.19491606849282
              ],
              [
                176.78606259694317,
                -39.194646328251125
              ],
              [
                176.78571594970998,
                -39.19465760842903
              ],
              [
                176.78573044547005,
                -39.194927348778464
              ],
              [
                176.78538379672273,
                -39.19493862803546
              ],
              [
                176.7853982913577,
                -39.19520836847558
              ],
              [
                176.78505164109623,
                -39.195219646811616
              ],
              [
                176.78508062831048,
                -39.195759127856206
              ]
            ],
            [
              [
                176.77433429199564,
                -39.196108252709706
              ],
              [
                176.77430538660246,
                -39.19556876499654
              ],
              [
                176.7739587301255,
                -39.19558001041407
              ],
              [
                176.77394427903957,
                -39.19531026642458
              ],
              [
                176.7735976236884,
                -39.195321510705995
              ],
              [
                176.77361207345461,
                -39.19559125480287
              ],
              [
                176.77326541658977,
                -39.19560249816294
              ],
              [
                176.77327986523017,
                -39.1958722423502
              ],
              [
                176.7725865482793,
                -39.19589472619886
              ],
              [
                176.77260099447412,
                -39.196164470583845
              ],
              [
                176.7722543343881,
                -39.196175711072414
              ],
              [
                176.772268779457,
                -39.19644545554775
              ],
              [
                176.77261544086278,
                -39.196434214951836
              ],
              [
                176.77262988744533,
                -39.19670395930282
              ],
              [
                176.77332321231486,
                -39.196681474809964
              ],
              [
                176.77330876309273,
                -39.1964117306737
              ],
              [
                176.77400208454696,
                -39.19638924228053
              ],
              [
                176.7739876328792,
                -39.19611949834204
              ],
              [
                176.77433429199564,
                -39.196108252709706
              ]
            ],
            [
              [
                176.77228322471973,
                -39.1967152000061
              ],
              [
                176.77229767017636,
                -39.19698494444744
              ],
              [
                176.77195100593707,
                -39.196996184229285
              ],
              [
                176.77196545026774,
                -39.19726592876097
              ],
              [
                176.77231211582685,
                -39.19725468887179
              ],
              [
                176.77232656167124,
                -39.19752443327915
              ],
              [
                176.77267322835633,
                -39.197513192253815
              ],
              [
                176.77265878119212,
                -39.19724344795381
              ],
              [
                176.77300544636347,
                -39.19723220600704
              ],
              [
                176.77299099807328,
                -39.196962461797405
              ],
              [
                176.77264433422175,
                -39.19697370363682
              ],
              [
                176.77262988744533,
                -39.19670395930282
              ],
              [
                176.77228322471973,
                -39.1967152000061
              ]
            ],
            [
              [
                176.7753742681811,
                -39.19607450964022
              ],
              [
                176.77606758466803,
                -39.19605200911683
              ],
              [
                176.77605312527575,
                -39.195782265805896
              ],
              [
                176.7763997819084,
                -39.19577101410856
              ],
              [
                176.77638532139045,
                -39.19550127088808
              ],
              [
                176.7760386660775,
                -39.19551252247797
              ],
              [
                176.77602420707333,
                -39.195242779133025
              ],
              [
                176.77533089850476,
                -39.195265279011736
              ],
              [
                176.77534535486953,
                -39.195535022571576
              ],
              [
                176.7749986989745,
                -39.195546271075294
              ],
              [
                176.77501315421355,
                -39.195816014725544
              ],
              [
                176.77535981142833,
                -39.19580476611439
              ],
              [
                176.7753742681811,
                -39.19607450964022
              ]
            ],
            [
              [
                176.77884084285205,
                -39.1959619658738
              ],
              [
                176.77918749925135,
                -39.19595070583913
              ],
              [
                176.77920197071532,
                -39.196220448165555
              ],
              [
                176.77954862824015,
                -39.196209186994615
              ],
              [
                176.77956310121806,
                -39.196478929196466
              ],
              [
                176.7799097598684,
                -39.196467666889234
              ],
              [
                176.77989528557072,
                -39.19619792479494
              ],
              [
                176.78058859964912,
                -39.196175397309396
              ],
              [
                176.78057412290624,
                -39.19590565541322
              ],
              [
                176.78092077833432,
                -39.19589439023495
              ],
              [
                176.78093525639687,
                -39.196164132023526
              ],
              [
                176.78128191295036,
                -39.19615286570894
              ],
              [
                176.78126743356808,
                -39.19588312402795
              ],
              [
                176.7816140886075,
                -39.195871856792245
              ],
              [
                176.78159960809987,
                -39.195602115201844
              ],
              [
                176.78125295438014,
                -39.19561338232995
              ],
              [
                176.7812384753865,
                -39.19534364061492
              ],
              [
                176.78089182279209,
                -39.19535490660673
              ],
              [
                176.78090630046606,
                -39.195624648429344
              ],
              [
                176.7805596463577,
                -39.19563591350004
              ],
              [
                176.78054517000342,
                -39.19536617156983
              ],
              [
                176.7798518638432,
                -39.19538869840994
              ],
              [
                176.7798373903225,
                -39.19511895624758
              ],
              [
                176.77949073827074,
                -39.19513021801702
              ],
              [
                176.77950521047174,
                -39.19539996028695
              ],
              [
                176.77915855690605,
                -39.195411221135245
              ],
              [
                176.77917302798159,
                -39.195680963495704
              ],
              [
                176.778826372902,
                -39.195692223422824
              ],
              [
                176.77884084285205,
                -39.1959619658738
              ]
            ],
            [
              [
                176.78168649406084,
                -39.19722056448891
              ],
              [
                176.78203315550465,
                -39.1972092956864
              ],
              [
                176.78201867270553,
                -39.19693955428872
              ],
              [
                176.78236533263515,
                -39.19692828456507
              ],
              [
                176.78235084871065,
                -39.19665854325801
              ],
              [
                176.78200419010074,
                -39.19666981287403
              ],
              [
                176.78198970769037,
                -39.196400071442305
              ],
              [
                176.78164305020582,
                -39.19641133992197
              ],
              [
                176.78165753129647,
                -39.19668108146131
              ],
              [
                176.78131087229787,
                -39.196692349019834
              ],
              [
                176.7813253522631,
                -39.19696209064976
              ],
              [
                176.7816720125815,
                -39.19695082298361
              ],
              [
                176.78168649406084,
                -39.19722056448891
              ]
            ],
            [
              [
                176.77307769072291,
                -39.19858092680019
              ],
              [
                176.7737710336827,
                -39.19855843874643
              ],
              [
                176.77375658178312,
                -39.19828869483657
              ],
              [
                176.77410325165218,
                -39.19827744937383
              ],
              [
                176.77408879862668,
                -39.19800770555435
              ],
              [
                176.77374213007755,
                -39.198018950909706
              ],
              [
                176.7737276785659,
                -39.19774920696584
              ],
              [
                176.77338101114265,
                -39.197760451184976
              ],
              [
                176.77336656114483,
                -39.19749070711672
              ],
              [
                176.77301989484752,
                -39.197501950199666
              ],
              [
                176.77303434352552,
                -39.197771694375305
              ],
              [
                176.77268767571442,
                -39.19778293653682
              ],
              [
                176.77271657101232,
                -39.198322425051806
              ],
              [
                176.7730632414632,
                -39.19831118267557
              ],
              [
                176.77307769072291,
                -39.19858092680019
              ]
            ],
            [
              [
                176.7768332134488,
                -39.197378219703346
              ],
              [
                176.77613988454027,
                -39.19740072541637
              ],
              [
                176.7761543450969,
                -39.19767046862525
              ],
              [
                176.7758076790317,
                -39.19768172004604
              ],
              [
                176.77582213846256,
                -39.197951463345376
              ],
              [
                176.77616880584765,
                -39.197940211817134
              ],
              [
                176.77618326679243,
                -39.19820995499201
              ],
              [
                176.77687660362008,
                -39.198187448634165
              ],
              [
                176.77686214003552,
                -39.19791770567424
              ],
              [
                176.77720880683833,
                -39.19790645105957
              ],
              [
                176.77719434212807,
                -39.19763670819012
              ],
              [
                176.7768476766451,
                -39.19764796269729
              ],
              [
                176.7768332134488,
                -39.197378219703346
              ]
            ],
            [
              [
                176.7768910673987,
                -39.19845719157709
              ],
              [
                176.77654439776205,
                -39.1984684453779
              ],
              [
                176.77655886041492,
                -39.19873818841128
              ],
              [
                176.77690553137148,
                -39.198726934503
              ],
              [
                176.77691999553838,
                -39.19899667741191
              ],
              [
                176.77726666762075,
                -39.1989854223673
              ],
              [
                176.77725220213395,
                -39.19871567956588
              ],
              [
                176.77759887270227,
                -39.19870442359992
              ],
              [
                176.7775844060897,
                -39.19843468088901
              ],
              [
                176.77723773684127,
                -39.19844593674745
              ],
              [
                176.77722327174274,
                -39.19817619391202
              ],
              [
                176.77687660362008,
                -39.198187448634165
              ],
              [
                176.7768910673987,
                -39.19845719157709
              ]
            ],
            [
              [
                176.78068994228926,
                -39.198063590106074
              ],
              [
                176.78103660827554,
                -39.19805232406707
              ],
              [
                176.78102212885275,
                -39.19778258239762
              ],
              [
                176.78136879332484,
                -39.19777131543742
              ],
              [
                176.7813543127766,
                -39.197501573858545
              ],
              [
                176.78100764962434,
                -39.197512840711155
              ],
              [
                176.78099317059022,
                -39.19724309900766
              ],
              [
                176.78064650856342,
                -39.19725436472388
              ],
              [
                176.78066098627772,
                -39.19752410653496
              ],
              [
                176.78031432273684,
                -39.19753537133001
              ],
              [
                176.78032879932562,
                -39.19780511323165
              ],
              [
                176.78067546418634,
                -39.19779384832903
              ],
              [
                176.78068994228926,
                -39.198063590106074
              ]
            ],
            [
              [
                176.77970784168087,
                -39.19917635027922
              ],
              [
                176.78074785664407,
                -39.19914255704407
              ],
              [
                176.78073337776388,
                -39.19887281533511
              ],
              [
                176.78108004770974,
                -39.19886154897331
              ],
              [
                176.78106556770402,
                -39.198591807354916
              ],
              [
                176.78071889907804,
                -39.198603073609114
              ],
              [
                176.7807044205865,
                -39.1983333318661
              ],
              [
                176.78035775308607,
                -39.198344596983894
              ],
              [
                176.7803432761087,
                -39.198074855116275
              ],
              [
                176.7796499431647,
                -39.1980973820503
              ],
              [
                176.77966441750237,
                -39.19836712413306
              ],
              [
                176.77931774941914,
                -39.198378386164414
              ],
              [
                176.77934669603744,
                -39.198917870494
              ],
              [
                176.77969336676045,
                -39.19890660824751
              ],
              [
                176.77970784168087,
                -39.19917635027922
              ]
            ]
          ],
          [
            [
              [
                176.77791607579823,
                -39.191668598159275
              ],
              [
                176.7779305401968,
                -39.191938341080466
              ],
              [
                176.77723726562684,
                -39.191960850723746
              ],
              [
                176.77722280386718,
                -39.19169110758758
              ],
              [
                176.77687616761057,
                -39.19170236075887
              ],
              [
                176.77686170736442,
                -39.19143261749821
              ],
              [
                176.77720834230163,
                -39.191421364434404
              ],
              [
                176.77719388093013,
                -39.19115162126422
              ],
              [
                176.77788714758347,
                -39.191129112265884
              ],
              [
                176.7779016115938,
                -39.19139885522109
              ],
              [
                176.77824824594873,
                -39.19138759907158
              ],
              [
                176.7782627114726,
                -39.19165734190227
              ],
              [
                176.77791607579823,
                -39.191668598159275
              ]
            ]
          ],
          [
            [
              [
                176.7809199866827,
                -39.18940931857897
              ],
              [
                176.78093446140213,
                -39.18967906066837
              ],
              [
                176.78128108609317,
                -39.18966779590742
              ],
              [
                176.7812955623261,
                -39.18993753787222
              ],
              [
                176.7816421881422,
                -39.18992627197517
              ],
              [
                176.78165666588873,
                -39.19019601381535
              ],
              [
                176.78131003875333,
                -39.19020727982
              ],
              [
                176.78132451537485,
                -39.190477021750766
              ],
              [
                176.78097788672585,
                -39.190488286834494
              ],
              [
                176.781006837913,
                -39.191027770860146
              ],
              [
                176.78066020643098,
                -39.191039035130515
              ],
              [
                176.78070363071046,
                -39.19184826136413
              ],
              [
                176.78035699507598,
                -39.19185952492869
              ],
              [
                176.78034252144133,
                -39.19158978276027
              ],
              [
                176.7796492522285,
                -39.191612306588524
              ],
              [
                176.77966372322427,
                -39.191882048972076
              ],
              [
                176.77897045059578,
                -39.19190456890117
              ],
              [
                176.77895598223887,
                -39.19163482630254
              ],
              [
                176.7786093469528,
                -39.19164608461669
              ],
              [
                176.77859488010952,
                -39.19137634189352
              ],
              [
                176.77824824594873,
                -39.19138759907158
              ],
              [
                176.77823378061896,
                -39.19111785622388
              ],
              [
                176.77892704610758,
                -39.19109534105423
              ],
              [
                176.77891257833318,
                -39.190825598404565
              ],
              [
                176.77960584040636,
                -39.190803079335794
              ],
              [
                176.77962031081955,
                -39.191072821770376
              ],
              [
                176.78031357475473,
                -39.191050298372346
              ],
              [
                176.7802991017028,
                -39.19078055615288
              ],
              [
                176.78064573205964,
                -39.19076929301862
              ],
              [
                176.78061678389975,
                -39.19022980874376
              ],
              [
                176.7802701561816,
                -39.190241071662875
              ],
              [
                176.7802556837123,
                -39.18997132939234
              ],
              [
                176.77990905711926,
                -39.18998259117539
              ],
              [
                176.77989458616355,
                -39.189712848780296
              ],
              [
                176.78024121143727,
                -39.189701587104814
              ],
              [
                176.78022673935644,
                -39.18943184480026
              ],
              [
                176.779880115402,
                -39.18944310636819
              ],
              [
                176.77986564483467,
                -39.189173363939055
              ],
              [
                176.7795190220053,
                -39.189184624370945
              ],
              [
                176.77953349125335,
                -39.18945436690762
              ],
              [
                176.7788402423735,
                -39.18947688490104
              ],
              [
                176.778825775764,
                -39.18920714214929
              ],
              [
                176.77917239898173,
                -39.18919588377436
              ],
              [
                176.7791579312471,
                -39.188926141113136
              ],
              [
                176.78019779577747,
                -39.18889236014011
              ],
              [
                176.78018332427925,
                -39.18862261778452
              ],
              [
                176.78087656369001,
                -39.18860009220865
              ],
              [
                176.78090551215755,
                -39.18913957647254
              ],
              [
                176.78055888991082,
                -39.18915083998985
              ],
              [
                176.7805733631167,
                -39.18942058220386
              ],
              [
                176.7809199866827,
                -39.18940931857897
              ]
            ]
          ],
          [
            [
              [
                176.77667374182315,
                -39.187925953562115
              ],
              [
                176.77665928429363,
                -39.187656210063366
              ],
              [
                176.7763126676327,
                -39.187667460594156
              ],
              [
                176.77629821161636,
                -39.18739771697095
              ],
              [
                176.77733805705944,
                -39.18736396261567
              ],
              [
                176.7773525170333,
                -39.1876337059165
              ],
              [
                176.77700590076049,
                -39.187644958504144
              ],
              [
                176.77702035960922,
                -39.18791470189541
              ],
              [
                176.77667374182315,
                -39.187925953562115
              ]
            ]
          ],
          [
            [
              [
                176.7765869995561,
                -39.18630749231454
              ],
              [
                176.7765725431906,
                -39.186037748713765
              ],
              [
                176.77622593444454,
                -39.186048998599844
              ],
              [
                176.7762403894909,
                -39.18631874230807
              ],
              [
                176.77589377923178,
                -39.18632999127322
              ],
              [
                176.77590823315302,
                -39.18659973507188
              ],
              [
                176.77556162138077,
                -39.18661098311607
              ],
              [
                176.77559052716694,
                -39.18715047087726
              ],
              [
                176.77524391256244,
                -39.18716171810789
              ],
              [
                176.77525836442732,
                -39.1874314620704
              ],
              [
                176.7749117483097,
                -39.18744270838004
              ],
              [
                176.7749261990493,
                -39.187712452432955
              ],
              [
                176.77457958141858,
                -39.18772369782155
              ],
              [
                176.77459403103293,
                -39.1879934419649
              ],
              [
                176.77424741188906,
                -39.18800468643245
              ],
              [
                176.77426186037806,
                -39.188274430666176
              ],
              [
                176.77460848084115,
                -39.18826318609122
              ],
              [
                176.77462293084332,
                -39.18853293020055
              ],
              [
                176.7749695524317,
                -39.18852168448973
              ],
              [
                176.77499845565634,
                -39.18906117244255
              ],
              [
                176.7746518314294,
                -39.1890724183682
              ],
              [
                176.77463738103938,
                -39.18880267429287
              ],
              [
                176.7742907579378,
                -39.18881391908263
              ],
              [
                176.77427630906098,
                -39.188544174882914
              ],
              [
                176.77392968708472,
                -39.18855541853679
              ],
              [
                176.77394413464228,
                -39.1888251628439
              ],
              [
                176.77359751115287,
                -39.18883640557668
              ],
              [
                176.77355417301965,
                -39.188027172282204
              ],
              [
                176.77320755329418,
                -39.188038413664394
              ],
              [
                176.77319310895672,
                -39.187768669091525
              ],
              [
                176.7721532525749,
                -39.187802386745304
              ],
              [
                176.77216769295467,
                -39.1880721316402
              ],
              [
                176.7718210724539,
                -39.18808336890854
              ],
              [
                176.77187883063377,
                -39.18916234874751
              ],
              [
                176.7715322046621,
                -39.18917358541667
              ],
              [
                176.77151776614576,
                -39.188903840375104
              ],
              [
                176.77117114129962,
                -39.18891507590844
              ],
              [
                176.77118557849667,
                -39.18918482105731
              ],
              [
                176.77083895213747,
                -39.189196055669456
              ],
              [
                176.77081008057576,
                -39.18865656514011
              ],
              [
                176.77046345666145,
                -39.18866779850915
              ],
              [
                176.77044902249048,
                -39.18839805311169
              ],
              [
                176.77079564508554,
                -39.18838681984993
              ],
              [
                176.7707523397771,
                -39.18757758387747
              ],
              [
                176.77109895822068,
                -39.18756634990912
              ],
              [
                176.771113394449,
                -39.18783609514297
              ],
              [
                176.77180663339337,
                -39.18781362390631
              ],
              [
                176.77179219452663,
                -39.187543878887084
              ],
              [
                176.77213881238896,
                -39.1875326418334
              ],
              [
                176.77212437239677,
                -39.187262896904514
              ],
              [
                176.7724709887461,
                -39.18725165892971
              ],
              [
                176.77244210670474,
                -39.18671216923561
              ],
              [
                176.77278872022197,
                -39.186700930447074
              ],
              [
                176.77277427817285,
                -39.18643118568187
              ],
              [
                176.77312089017707,
                -39.18641994597227
              ],
              [
                176.77307756123525,
                -39.18561071189675
              ],
              [
                176.7734241690884,
                -39.18559947148084
              ],
              [
                176.77340972517635,
                -39.18532972686236
              ],
              [
                176.77375633151658,
                -39.18531848552545
              ],
              [
                176.77374188647934,
                -39.18504874099735
              ],
              [
                176.77408849130669,
                -39.185037498739455
              ],
              [
                176.77410293766295,
                -39.185307243160175
              ],
              [
                176.77479614937405,
                -39.18528475534456
              ],
              [
                176.7748105985623,
                -39.185554499533495
              ],
              [
                176.77515720544605,
                -39.18554325397576
              ],
              [
                176.7751716561473,
                -39.18581299804028
              ],
              [
                176.7755182641562,
                -39.18580175134676
              ],
              [
                176.77553271637044,
                -39.18607149528687
              ],
              [
                176.77587932550446,
                -39.18606024745754
              ],
              [
                176.77586487197112,
                -39.18579050362485
              ],
              [
                176.77621147959212,
                -39.1857792548746
              ],
              [
                176.77619702493368,
                -39.18550951113237
              ],
              [
                176.77654363104162,
                -39.1854982614612
              ],
              [
                176.77652917525816,
                -39.185228517809406
              ],
              [
                176.77687577985307,
                -39.185217267217325
              ],
              [
                176.77686132294457,
                -39.184947523655985
              ],
              [
                176.7775545289143,
                -39.18492501960176
              ],
              [
                176.77758344820143,
                -39.18546450627755
              ],
              [
                176.77723684267553,
                -39.18547575903378
              ],
              [
                176.77726576010073,
                -39.186015245856495
              ],
              [
                176.77761236826476,
                -39.18600399288531
              ],
              [
                176.77762682858747,
                -39.18627373616368
              ],
              [
                176.7783200469715,
                -39.186251226921215
              ],
              [
                176.77833451012646,
                -39.18652096996758
              ],
              [
                176.7779878997124,
                -39.1865322252105
              ],
              [
                176.77800236174238,
                -39.18680196834737
              ],
              [
                176.77765574981515,
                -39.18681322266939
              ],
              [
                176.77764128910428,
                -39.18654347942504
              ],
              [
                176.77694806730582,
                -39.18656598476895
              ],
              [
                176.77693360942723,
                -39.18629624129263
              ],
              [
                176.7765869995561,
                -39.18630749231454
              ]
            ],
            [
              [
                176.77317866481312,
                -39.187498924501675
              ],
              [
                176.7735252819002,
                -39.18748768333421
              ],
              [
                176.77351083663123,
                -39.18721793883473
              ],
              [
                176.77385745220528,
                -39.18720669674621
              ],
              [
                176.773843005811,
                -39.18693695233709
              ],
              [
                176.77349639155614,
                -39.18694819431824
              ],
              [
                176.7734819466749,
                -39.18667844978476
              ],
              [
                176.77313533354533,
                -39.18668969063012
              ],
              [
                176.77314977710742,
                -39.186959435270964
              ],
              [
                176.77280316246487,
                -39.186970675195276
              ],
              [
                176.77281760490163,
                -39.18724041992648
              ],
              [
                176.77316422086335,
                -39.18722917989483
              ],
              [
                176.77317866481312,
                -39.187498924501675
              ]
            ]
          ],
          [
            [
              [
                176.77934540617366,
                -39.18594771260386
              ],
              [
                176.77969201317308,
                -39.185936453462496
              ],
              [
                176.77970648141024,
                -39.18620619609578
              ],
              [
                176.78005308953456,
                -39.1861949358185
              ],
              [
                176.780067559285,
                -39.186464678327226
              ],
              [
                176.78076077758922,
                -39.18644215447244
              ],
              [
                176.78077525017204,
                -39.18671189674903
              ],
              [
                176.78112186035193,
                -39.1867006331715
              ],
              [
                176.78113633444806,
                -39.186970375323476
              ],
              [
                176.78078972294904,
                -39.18698163900858
              ],
              [
                176.7808041959203,
                -39.18725138125114
              ],
              [
                176.78045758290796,
                -39.18726264401542
              ],
              [
                176.78044311125583,
                -39.186992901665306
              ],
              [
                176.7800964993684,
                -39.187004163293636
              ],
              [
                176.78008202922962,
                -39.18673442081894
              ],
              [
                176.77973541846708,
                -39.186745681311315
              ],
              [
                176.77974988728678,
                -39.18701542389356
              ],
              [
                176.779403275011,
                -39.1870266834651
              ],
              [
                176.7794322105946,
                -39.18756616879364
              ],
              [
                176.77977882550866,
                -39.18755490900701
              ],
              [
                176.77979329491086,
                -39.18782465153822
              ],
              [
                176.7791000622502,
                -39.18784717029811
              ],
              [
                176.77908559548635,
                -39.18757742755183
              ],
              [
                176.77873898018396,
                -39.18758868528161
              ],
              [
                176.77875344562864,
                -39.187858428135414
              ],
              [
                176.77840682881293,
                -39.187869684944296
              ],
              [
                176.77842129313254,
                -39.18813942788859
              ],
              [
                176.77807467480355,
                -39.18815068377654
              ],
              [
                176.77804574899682,
                -39.18761119765591
              ],
              [
                176.77839236468745,
                -39.187599941982974
              ],
              [
                176.77837790075606,
                -39.18733019900463
              ],
              [
                176.7780312863846,
                -39.18734145457007
              ],
              [
                176.77800236174238,
                -39.18680196834737
              ],
              [
                176.77834897347554,
                -39.18679071299694
              ],
              [
                176.77836343701875,
                -39.18706045600929
              ],
              [
                176.77871004987696,
                -39.18704919952297
              ],
              [
                176.77869558501465,
                -39.18677945661811
              ],
              [
                176.7790421963596,
                -39.18676819921091
              ],
              [
                176.7790277303723,
                -39.186498456396585
              ],
              [
                176.77868112034645,
                -39.186509713696275
              ],
              [
                176.77866665587237,
                -39.186239970757406
              ],
              [
                176.7783200469715,
                -39.186251226921215
              ],
              [
                176.77830558401058,
                -39.18598148385782
              ],
              [
                176.77865219159239,
                -39.18597022780154
              ],
              [
                176.77863772750652,
                -39.18570048482865
              ],
              [
                176.77933093944966,
                -39.185677969846026
              ],
              [
                176.77934540617366,
                -39.18594771260386
              ]
            ]
          ],
          [
            [
              [
                176.77508495484872,
                -39.1841945333981
              ],
              [
                176.77509940458035,
                -39.18446427754764
              ],
              [
                176.7747528029727,
                -39.184475522675754
              ],
              [
                176.77473835456004,
                -39.18420577841881
              ],
              [
                176.774045153401,
                -39.18422826537528
              ],
              [
                176.7740307078202,
                -39.183958520886556
              ],
              [
                176.7743773071777,
                -39.18394727802986
              ],
              [
                176.77436286047177,
                -39.183677533631524
              ],
              [
                176.77505605596718,
                -39.18365504504802
              ],
              [
                176.775070505311,
                -39.18392478923157
              ],
              [
                176.77541710408678,
                -39.18391354328996
              ],
              [
                176.77543155494348,
                -39.184183287349086
              ],
              [
                176.77508495484872,
                -39.1841945333981
              ]
            ]
          ],
          [
            [
              [
                176.77830510709882,
                -39.179496391757795
              ],
              [
                176.77834848654746,
                -39.18030562179903
              ],
              [
                176.7786950662387,
                -39.18029436697209
              ],
              [
                176.77870952776172,
                -39.18056411017765
              ],
              [
                176.77836294675177,
                -39.1805753651121
              ],
              [
                176.77839186774253,
                -39.18111485168719
              ],
              [
                176.77873845138993,
                -39.18110359653775
              ],
              [
                176.77875291349517,
                -39.18137333969228
              ],
              [
                176.77909949826724,
                -39.181362083407144
              ],
              [
                176.77911396188532,
                -39.181631826437155
              ],
              [
                176.77946054778207,
                -39.18162056901628
              ],
              [
                176.77948947823808,
                -39.18216005481023
              ],
              [
                176.77914288970376,
                -39.18217131244614
              ],
              [
                176.77912842569748,
                -39.18190156945015
              ],
              [
                176.77704889832876,
                -39.18196909302798
              ],
              [
                176.77706335442218,
                -39.182238836668915
              ],
              [
                176.77671676452945,
                -39.18225008710725
              ],
              [
                176.77670230975488,
                -39.181980343358845
              ],
              [
                176.77600913202525,
                -39.1820028409359
              ],
              [
                176.77598022833322,
                -39.18146335295831
              ],
              [
                176.77563364181506,
                -39.18147459998964
              ],
              [
                176.77561919157876,
                -39.18120485586792
              ],
              [
                176.77596577677812,
                -39.18119360894402
              ],
              [
                176.7759368742497,
                -39.18065412086441
              ],
              [
                176.77628345661765,
                -39.18064287312718
              ],
              [
                176.77625455222753,
                -39.18010338519444
              ],
              [
                176.7766011317641,
                -39.18009213664391
              ],
              [
                176.77655777267745,
                -39.17928290493959
              ],
              [
                176.77690434806405,
                -39.17927165568326
              ],
              [
                176.77688989410444,
                -39.17900191185526
              ],
              [
                176.77827618843656,
                -39.17895690497859
              ],
              [
                176.77829064767067,
                -39.1792266483767
              ],
              [
                176.77794407306,
                -39.179237901745516
              ],
              [
                176.77795853116953,
                -39.179507645234104
              ],
              [
                176.77830510709882,
                -39.179496391757795
              ]
            ],
            [
              [
                176.7769910758951,
                -39.18089011829415
              ],
              [
                176.7773376589999,
                -39.180878867364925
              ],
              [
                176.77732320255768,
                -39.180609123746414
              ],
              [
                176.77766978414974,
                -39.18059787189649
              ],
              [
                176.77765532658285,
                -39.180328128368444
              ],
              [
                176.7773087463095,
                -39.1803393801109
              ],
              [
                176.77729429025533,
                -39.18006963645839
              ],
              [
                176.7769477111067,
                -39.18008088706522
              ],
              [
                176.77696216584218,
                -39.1803506308252
              ],
              [
                176.77661558518085,
                -39.18036188051134
              ],
              [
                176.77663003879164,
                -39.180631624361766
              ],
              [
                176.77697662077165,
                -39.180620374568186
              ],
              [
                176.7769910758951,
                -39.18089011829415
              ]
            ]
          ],
          [
            [
              [
                176.78216085247462,
                -39.1801817621544
              ],
              [
                176.7821753271845,
                -39.18045150428441
              ],
              [
                176.78252190605872,
                -39.180440238040234
              ],
              [
                176.78253638228156,
                -39.18070998004561
              ],
              [
                176.7811500603445,
                -39.180755039283774
              ],
              [
                176.78112111864257,
                -39.18021555439525
              ],
              [
                176.78146769678082,
                -39.1802042913431
              ],
              [
                176.78148216885333,
                -39.18047403368829
              ],
              [
                176.78182874811603,
                -39.18046276950042
              ],
              [
                176.78181427472484,
                -39.18019302726282
              ],
              [
                176.78216085247462,
                -39.1801817621544
              ]
            ]
          ],
          [
            [
              [
                176.76910655816937,
                -39.17628194642609
              ],
              [
                176.76912098098933,
                -39.17655169280255
              ],
              [
                176.76946754594056,
                -39.176540466316865
              ],
              [
                176.76948197027255,
                -39.176810212569116
              ],
              [
                176.76982853634874,
                -39.17679898494815
              ],
              [
                176.76985738823052,
                -39.17733847718718
              ],
              [
                176.7702039567502,
                -39.177327248323635
              ],
              [
                176.77021838430002,
                -39.177596994310406
              ],
              [
                176.77056495394464,
                -39.17758576431152
              ],
              [
                176.77057938300666,
                -39.17785551017404
              ],
              [
                176.7712725243521,
                -39.17783304687744
              ],
              [
                176.77130138833147,
                -39.178372538122375
              ],
              [
                176.77164796135088,
                -39.17836130471734
              ],
              [
                176.77166239494966,
                -39.178631050207024
              ],
              [
                176.772008969094,
                -39.17861981566656
              ],
              [
                176.77202340420513,
                -39.17888956103194
              ],
              [
                176.77236997947438,
                -39.17887832535604
              ],
              [
                176.77238441609785,
                -39.1791480705971
              ],
              [
                176.77307756869246,
                -39.17912559594624
              ],
              [
                176.77309200814702,
                -39.17939534095564
              ],
              [
                176.77343858547232,
                -39.17938410198066
              ],
              [
                176.7734530264393,
                -39.179653846865705
              ],
              [
                176.7737996048895,
                -39.17964260675522
              ],
              [
                176.77381404736894,
                -39.17991235151591
              ],
              [
                176.77416062694402,
                -39.179901110269896
              ],
              [
                176.77418951512183,
                -39.18044059952555
              ],
              [
                176.7745360971405,
                -39.18042935703661
              ],
              [
                176.77455054283888,
                -39.180699101531545
              ],
              [
                176.77316420832634,
                -39.180744065747696
              ],
              [
                176.77314976790294,
                -39.18047432082328
              ],
              [
                176.77245660212137,
                -39.180496796547516
              ],
              [
                176.7724710399073,
                -39.180766541686616
              ],
              [
                176.77212445540712,
                -39.180777778113786
              ],
              [
                176.77211001893994,
                -39.180508032867365
              ],
              [
                176.7717634355648,
                -39.180519268159
              ],
              [
                176.7717490006101,
                -39.18024952278829
              ],
              [
                176.77140241835997,
                -39.18026075694444
              ],
              [
                176.7713879849177,
                -39.17999101144941
              ],
              [
                176.77173456584907,
                -39.17997977740055
              ],
              [
                176.7717056969082,
                -39.17944028657412
              ],
              [
                176.77135911861424,
                -39.179451520408364
              ],
              [
                176.771344685753,
                -39.17918177486235
              ],
              [
                176.770998108584,
                -39.17919300756115
              ],
              [
                176.77101254012652,
                -39.17946275321446
              ],
              [
                176.7703193825702,
                -39.179485215742176
              ],
              [
                176.77030495366503,
                -39.17921546987432
              ],
              [
                176.76995837591508,
                -39.17922669948868
              ],
              [
                176.76994394852218,
                -39.17895695349657
              ],
              [
                176.7695973718973,
                -39.178968181975534
              ],
              [
                176.76961179797152,
                -39.17923792807489
              ],
              [
                176.76926521983438,
                -39.17924915563296
              ],
              [
                176.76923637051684,
                -39.17870966320277
              ],
              [
                176.76888979482345,
                -39.178720889518196
              ],
              [
                176.7688753717737,
                -39.178451143170406
              ],
              [
                176.76852879720536,
                -39.17846236835047
              ],
              [
                176.7685143756678,
                -39.17819262187846
              ],
              [
                176.76816780222455,
                -39.17820384592321
              ],
              [
                176.7681533821991,
                -39.177934099327
              ],
              [
                176.76711366466432,
                -39.177967764970944
              ],
              [
                176.76709924878818,
                -39.17769801803619
              ],
              [
                176.7664061054349,
                -39.177720456443915
              ],
              [
                176.76639169238936,
                -39.17745070927784
              ],
              [
                176.76673826284411,
                -39.17743949069519
              ],
              [
                176.7667094346962,
                -39.17689999652643
              ],
              [
                176.7670560023204,
                -39.176888777130024
              ],
              [
                176.76704158721805,
                -39.17661903012733
              ],
              [
                176.76738815333033,
                -39.17660780981002
              ],
              [
                176.7674025697512,
                -39.176877556705534
              ],
              [
                176.76774913698853,
                -39.176866335252974
              ],
              [
                176.7677347192491,
                -39.17659658846464
              ],
              [
                176.76808128497441,
                -39.17658536609122
              ],
              [
                176.76806686610996,
                -39.176315619393094
              ],
              [
                176.76772030170315,
                -39.176326841659346
              ],
              [
                176.7677058843507,
                -39.17605709483706
              ],
              [
                176.76735932106888,
                -39.17606831596806
              ],
              [
                176.7673304895813,
                -39.17552882205818
              ],
              [
                176.76802361067755,
                -39.175506379196875
              ],
              [
                176.768052447439,
                -39.17604587267802
              ],
              [
                176.76839901033387,
                -39.17603464949092
              ],
              [
                176.76841343032328,
                -39.17630439609881
              ],
              [
                176.76910655816937,
                -39.17628194642609
              ]
            ]
          ],
          [
            [
              [
                176.7785360022933,
                -39.17732719058832
              ],
              [
                176.77846370826148,
                -39.17597847336994
              ],
              [
                176.7791568248682,
                -39.17595596407191
              ],
              [
                176.77917128592335,
                -39.17622570733458
              ],
              [
                176.77882472639862,
                -39.176236962605124
              ],
              [
                176.77888256728593,
                -39.1773159359158
              ],
              [
                176.7785360022933,
                -39.17732719058832
              ]
            ]
          ],
          [
            [
              [
                176.76309975053067,
                -39.174314651372455
              ],
              [
                176.76312854844232,
                -39.17485414802293
              ],
              [
                176.76243542984324,
                -39.17487656145694
              ],
              [
                176.76240663720523,
                -39.17433706437827
              ],
              [
                176.76309975053067,
                -39.174314651372455
              ]
            ]
          ],
          [
            [
              [
                176.7613813580354,
                -39.17464042504588
              ],
              [
                176.76139575049572,
                -39.17491017389781
              ],
              [
                176.76070262996495,
                -39.17493257705159
              ],
              [
                176.76065946107397,
                -39.17412332980293
              ],
              [
                176.7613525736942,
                -39.17410092729114
              ],
              [
                176.76136696576825,
                -39.174370676177
              ],
              [
                176.76102040823628,
                -39.17438187805389
              ],
              [
                176.76103479918504,
                -39.17465162702979
              ],
              [
                176.7613813580354,
                -39.17464042504588
              ]
            ]
          ],
          [
            [
              [
                176.7759222074929,
                -39.17389926907964
              ],
              [
                176.7759366551311,
                -39.17416901344558
              ],
              [
                176.77524355349036,
                -39.17419150273574
              ],
              [
                176.77515688638823,
                -39.17257303499631
              ],
              [
                176.77550342939597,
                -39.172561791509615
              ],
              [
                176.7754745392762,
                -39.172022302341944
              ],
              [
                176.77582107945375,
                -39.17201105804218
              ],
              [
                176.77584997220993,
                -39.17255054699504
              ],
              [
                176.77619651482996,
                -39.17253930145256
              ],
              [
                176.77626875670418,
                -39.173888023000075
              ],
              [
                176.7759222074929,
                -39.17389926907964
              ]
            ]
          ],
          [
            [
              [
                176.77429053452772,
                -39.16287345430274
              ],
              [
                176.7743049702667,
                -39.163143199687724
              ],
              [
                176.77465146734176,
                -39.16313196098708
              ],
              [
                176.7746370302852,
                -39.162862215709445
              ],
              [
                176.77498352584897,
                -39.16285097608862
              ],
              [
                176.7749979642231,
                -39.16312072125888
              ],
              [
                176.7753444609107,
                -39.16310948050314
              ],
              [
                176.7753589007962,
                -39.16337922554902
              ],
              [
                176.7757053986076,
                -39.163367983658354
              ],
              [
                176.77571984000448,
                -39.163637728579836
              ],
              [
                176.77398734242178,
                -39.163693928294535
              ],
              [
                176.773972907613,
                -39.16342418283618
              ],
              [
                176.77293341069182,
                -39.1634578900122
              ],
              [
                176.77291898002957,
                -39.16318814421485
              ],
              [
                176.77257248198612,
                -39.163199377777744
              ],
              [
                176.77252919511395,
                -39.162390139961836
              ],
              [
                176.77322218310167,
                -39.162367672452376
              ],
              [
                176.77323661450058,
                -39.16263741819338
              ],
              [
                176.77392960434884,
                -39.16261494635916
              ],
              [
                176.77394403857656,
                -39.16288469186849
              ],
              [
                176.77429053452772,
                -39.16287345430274
              ]
            ]
          ],
          [
            [
              [
                176.76795269904758,
                -39.161187341585276
              ],
              [
                176.7682991890661,
                -39.161176122238196
              ],
              [
                176.76831360105191,
                -39.161445869565696
              ],
              [
                176.76866009219455,
                -39.16143464908392
              ],
              [
                176.7686745056913,
                -39.16170439628724
              ],
              [
                176.76902099795805,
                -39.161693174670766
              ],
              [
                176.7690065831438,
                -39.16142342757465
              ],
              [
                176.7693530738996,
                -39.161412205037855
              ],
              [
                176.76936749003139,
                -39.161681952026775
              ],
              [
                176.76971398191128,
                -39.161670728355276
              ],
              [
                176.7697428173903,
                -39.16221022206771
              ],
              [
                176.76835683816978,
                -39.16225511144629
              ],
              [
                176.76832801323116,
                -39.1617156168762
              ],
              [
                176.7679815205776,
                -39.16172683643765
              ],
              [
                176.7679671097159,
                -39.16145708901996
              ],
              [
                176.76762061818653,
                -39.16146830744671
              ],
              [
                176.7676062088357,
                -39.161198559904854
              ],
              [
                176.7672597184305,
                -39.161209777196945
              ],
              [
                176.7672453105905,
                -39.16094002953097
              ],
              [
                176.76689882130947,
                -39.160951245688395
              ],
              [
                176.76685560290196,
                -39.160142002267136
              ],
              [
                176.7672020882306,
                -39.16013078643114
              ],
              [
                176.76718768116393,
                -39.159861038697244
              ],
              [
                176.7678806486064,
                -39.15983860415721
              ],
              [
                176.76789505830794,
                -39.160108351676776
              ],
              [
                176.76824154305658,
                -39.160097132758395
              ],
              [
                176.76828477727364,
                -39.16090637489371
              ],
              [
                176.76793828857262,
                -39.16091759413362
              ],
              [
                176.76795269904758,
                -39.161187341585276
              ]
            ]
          ],
          [
            [
              [
                176.76730441906525,
                -39.14904868945294
              ],
              [
                176.76695798812332,
                -39.14905990295071
              ],
              [
                176.7669723887762,
                -39.14932965125648
              ],
              [
                176.76593309084103,
                -39.14936328590878
              ],
              [
                176.76591869413835,
                -39.14909353728166
              ],
              [
                176.76557226242366,
                -39.14910474667118
              ],
              [
                176.7655434722312,
                -39.148565249151844
              ],
              [
                176.76588990131248,
                -39.14855403997652
              ],
              [
                176.7658755051893,
                -39.14828429129849
              ],
              [
                176.76622193276071,
                -39.14827308120321
              ],
              [
                176.766164344933,
                -39.14719408674979
              ],
              [
                176.76651076704474,
                -39.14718287605591
              ],
              [
                176.76653956320547,
                -39.147722373102354
              ],
              [
                176.76688598775723,
                -39.14771116116726
              ],
              [
                176.76691478732403,
                -39.14825065793155
              ],
              [
                176.76726121431588,
                -39.14823944475518
              ],
              [
                176.76730441906525,
                -39.14904868945294
              ]
            ]
          ],
          [
            [
              [
                176.76200726453035,
                -39.14732853497008
              ],
              [
                176.762021645398,
                -39.147598284893434
              ],
              [
                176.76132879332874,
                -39.147620678765946
              ],
              [
                176.76134317175604,
                -39.14789042888629
              ],
              [
                176.76099674411535,
                -39.147901624388965
              ],
              [
                176.76096799008695,
                -39.14736212391738
              ],
              [
                176.76062156488666,
                -39.14737331817912
              ],
              [
                176.76059281426316,
                -39.14683381742581
              ],
              [
                176.7609392368302,
                -39.146822623377986
              ],
              [
                176.76095361336212,
                -39.147092373656164
              ],
              [
                176.7616464605507,
                -39.14706998226557
              ],
              [
                176.7616608399088,
                -39.14733973231287
              ],
              [
                176.76200726453035,
                -39.14732853497008
              ]
            ]
          ],
          [
            [
              [
                176.80495609106862,
                -39.19727248293066
              ],
              [
                176.80497066174868,
                -39.197542217135414
              ],
              [
                176.8053173154093,
                -39.197530878976664
              ],
              [
                176.80533188760458,
                -39.19780061305607
              ],
              [
                176.8056785423893,
                -39.19778927376034
              ],
              [
                176.80569311609983,
                -39.198059007714384
              ],
              [
                176.80603977200866,
                -39.19804766728168
              ],
              [
                176.80605434723446,
                -39.19831740111034
              ],
              [
                176.8057076900059,
                -39.198328741651345
              ],
              [
                176.8057222641076,
                -39.19859847557124
              ],
              [
                176.80502894642436,
                -39.19862115378371
              ],
              [
                176.8050143749621,
                -39.19835141964725
              ],
              [
                176.80466771714686,
                -39.19836275710213
              ],
              [
                176.80465314719987,
                -39.19809302284033
              ],
              [
                176.8043064905088,
                -39.19810435915822
              ],
              [
                176.80429192207703,
                -39.19783462477107
              ],
              [
                176.80394526651017,
                -39.19784595995202
              ],
              [
                176.8039306995936,
                -39.19757622543955
              ],
              [
                176.8035840451509,
                -39.197587559483544
              ],
              [
                176.80356947974948,
                -39.197317824845754
              ],
              [
                176.80322282643095,
                -39.19732915775284
              ],
              [
                176.80319369885385,
                -39.1967896882096
              ],
              [
                176.80354034953305,
                -39.19677835551897
              ],
              [
                176.80352578471803,
                -39.196508620829974
              ],
              [
                176.80317913535842,
                -39.196519953412356
              ],
              [
                176.80316457205848,
                -39.19625021859807
              ],
              [
                176.80385786794304,
                -39.196227552621096
              ],
              [
                176.80384330219937,
                -39.1959578180062
              ],
              [
                176.8041899485289,
                -39.19594648358301
              ],
              [
                176.80420451559212,
                -39.196216218089646
              ],
              [
                176.8045511630457,
                -39.19620488252957
              ],
              [
                176.8046094385321,
                -39.19728381995245
              ],
              [
                176.80495609106862,
                -39.19727248293066
              ]
            ]
          ],
          [
            [
              [
                176.79581224308575,
                -39.19513927725591
              ],
              [
                176.7961588886283,
                -39.195127966923756
              ],
              [
                176.79614435289136,
                -39.194858229844634
              ],
              [
                176.7964909969193,
                -39.19484691859188
              ],
              [
                176.79646192339158,
                -39.19430744459852
              ],
              [
                176.7968085645854,
                -39.19429613253322
              ],
              [
                176.79679402679466,
                -39.194026395619
              ],
              [
                176.79714066647387,
                -39.194015082633136
              ],
              [
                176.79712612755878,
                -39.1937453458099
              ],
              [
                176.79747276572343,
                -39.19373403190352
              ],
              [
                176.79745822568398,
                -39.193464295171275
              ],
              [
                176.79849813504867,
                -39.19343034760487
              ],
              [
                176.7985417676275,
                -39.19423955677775
              ],
              [
                176.79784848699612,
                -39.19426219016573
              ],
              [
                176.79786302894044,
                -39.19453192673872
              ],
              [
                176.7971697448894,
                -39.19455455622844
              ],
              [
                176.79718428438986,
                -39.1948242930005
              ],
              [
                176.7968376407521,
                -39.1948356063105
              ],
              [
                176.7968667176993,
                -39.19537508001955
              ],
              [
                176.7972133639761,
                -39.19536376649346
              ],
              [
                176.79722790406194,
                -39.19563350321436
              ],
              [
                176.7975745514632,
                -39.19562218855158
              ],
              [
                176.79758909306378,
                -39.19589192514735
              ],
              [
                176.7972424443429,
                -39.195903239918195
              ],
              [
                176.79727152549023,
                -39.19644271327471
              ],
              [
                176.79761817685034,
                -39.19643139828775
              ],
              [
                176.79763271903636,
                -39.19670113483235
              ],
              [
                176.79797937152094,
                -39.19668981870865
              ],
              [
                176.7979648280153,
                -39.19642008227211
              ],
              [
                176.79831147898506,
                -39.19640876522781
              ],
              [
                176.79828238992005,
                -39.19586929251972
              ],
              [
                176.7979357415895,
                -39.19588060934786
              ],
              [
                176.79792119866934,
                -39.19561087286016
              ],
              [
                176.79826784568033,
                -39.19559955614009
              ],
              [
                176.79825330163578,
                -39.1953298197434
              ],
              [
                176.79859994713198,
                -39.19531850210278
              ],
              [
                176.79861449249609,
                -39.19558823839139
              ],
              [
                176.79896113911664,
                -39.195576919614034
              ],
              [
                176.79897568599554,
                -39.19584665577749
              ],
              [
                176.79932233374046,
                -39.195835335863386
              ],
              [
                176.79933688213418,
                -39.19610507190167
              ],
              [
                176.79968353100347,
                -39.196093750850814
              ],
              [
                176.79969808091204,
                -39.196363486763914
              ],
              [
                176.800391380704,
                -39.196340841359984
              ],
              [
                176.80040593344708,
                -39.196610577039756
              ],
              [
                176.80075258436975,
                -39.19659925268665
              ],
              [
                176.80076713862775,
                -39.1968689882412
              ],
              [
                176.80146044252638,
                -39.19684633623266
              ],
              [
                176.80148955690703,
                -39.197385806857916
              ],
              [
                176.8018362112026,
                -39.19737447909428
              ],
              [
                176.80185077000567,
                -39.197644214273126
              ],
              [
                176.80115745857978,
                -39.197666868988065
              ],
              [
                176.8011429024161,
                -39.197397133592865
              ],
              [
                176.80079624772978,
                -39.19740845929912
              ],
              [
                176.80081080257378,
                -39.19767819480248
              ],
              [
                176.80046414637246,
                -39.19768951958818
              ],
              [
                176.80047870009207,
                -39.19795925518263
              ],
              [
                176.80082535761312,
                -39.19794793028877
              ],
              [
                176.80083991284778,
                -39.198217665758
              ],
              [
                176.8011865714932,
                -39.19820633972726
              ],
              [
                176.8011720149388,
                -39.1979366043662
              ],
              [
                176.8018653290041,
                -39.19791394943489
              ],
              [
                176.80187988819793,
                -39.19818368457961
              ],
              [
                176.80222654625723,
                -39.1981723554627
              ],
              [
                176.8022119857437,
                -39.197902620426184
              ],
              [
                176.80255864228786,
                -39.19789129038876
              ],
              [
                176.8025877661498,
                -39.19843076022831
              ],
              [
                176.80224110696616,
                -39.198442090482146
              ],
              [
                176.80227022897031,
                -39.19898156046983
              ],
              [
                176.7908302792838,
                -39.19935488884973
              ],
              [
                176.79078672723043,
                -39.1985456731468
              ],
              [
                176.7911333915335,
                -39.198534376949816
              ],
              [
                176.79111887325223,
                -39.19826463845597
              ],
              [
                176.79077221026895,
                -39.19827593454508
              ],
              [
                176.79075769350231,
                -39.19800619592631
              ],
              [
                176.79110435516577,
                -39.19799489994508
              ],
              [
                176.79106080207552,
                -39.197185684310156
              ],
              [
                176.79071414437132,
                -39.19719697996776
              ],
              [
                176.79068511259138,
                -39.196657502576834
              ],
              [
                176.79033845733179,
                -39.19666879698999
              ],
              [
                176.7902513745851,
                -39.19505036376112
              ],
              [
                176.79059802192683,
                -39.19503906999515
              ],
              [
                176.7906125365506,
                -39.195308808801364
              ],
              [
                176.79130583328887,
                -39.195286217967734
              ],
              [
                176.79129131602593,
                -39.195016479377266
              ],
              [
                176.79198460934572,
                -39.1949938846448
              ],
              [
                176.79199912924787,
                -39.19526362301949
              ],
              [
                176.7930390717248,
                -39.19522972288223
              ],
              [
                176.79302454786395,
                -39.19495998483131
              ],
              [
                176.79441112982602,
                -39.194914770679084
              ],
              [
                176.79442565896517,
                -39.19518450829818
              ],
              [
                176.79477230528784,
                -39.19517320208057
              ],
              [
                176.79475777482912,
                -39.19490346456944
              ],
              [
                176.79510441963723,
                -39.194892157431184
              ],
              [
                176.79511895141547,
                -39.19516189483431
              ],
              [
                176.79546559734814,
                -39.195150586559436
              ],
              [
                176.795480130641,
                -39.195420323837524
              ],
              [
                176.79582677769818,
                -39.195409014426
              ],
              [
                176.79581224308575,
                -39.19513927725591
              ]
            ],
            [
              [
                176.79413712567555,
                -39.19627476422497
              ],
              [
                176.79448377747164,
                -39.196263458604115
              ],
              [
                176.7944692475525,
                -39.1959937210532
              ],
              [
                176.79481589783398,
                -39.19598241451165
              ],
              [
                176.79480136679027,
                -39.19571267705168
              ],
              [
                176.79445471782842,
                -39.19572398348525
              ],
              [
                176.7944401882993,
                -39.19545424590024
              ],
              [
                176.79409354046206,
                -39.195465551197195
              ],
              [
                176.7941080686716,
                -39.19573528889018
              ],
              [
                176.79376141931976,
                -39.19574659326642
              ],
              [
                176.79377594640465,
                -39.196016331050316
              ],
              [
                176.79412259707607,
                -39.196005026566084
              ],
              [
                176.79413712567555,
                -39.19627476422497
              ]
            ],
            [
              [
                176.79237481996313,
                -39.19579180048479
              ],
              [
                176.79202816963672,
                -39.195803099717715
              ],
              [
                176.79204269012342,
                -39.19607283804126
              ],
              [
                176.79134938624674,
                -39.19609543363689
              ],
              [
                176.7913348683993,
                -39.195825695097554
              ],
              [
                176.7909882174883,
                -39.195836991244455
              ],
              [
                176.7910027340161,
                -39.19610672989168
              ],
              [
                176.79065608159067,
                -39.19611802511778
              ],
              [
                176.79067059699364,
                -39.19638776385584
              ],
              [
                176.79101725073872,
                -39.19637646852186
              ],
              [
                176.79103176765616,
                -39.19664620713499
              ],
              [
                176.79137842252612,
                -39.19663491066444
              ],
              [
                176.791363904289,
                -39.19636517215918
              ],
              [
                176.79171055764445,
                -39.19635387476782
              ],
              [
                176.79172507720125,
                -39.19662361316519
              ],
              [
                176.7920717316815,
                -39.196612314637214
              ],
              [
                176.79208625275282,
                -39.19688205290963
              ],
              [
                176.7924329083579,
                -39.19687075324506
              ],
              [
                176.79241838596687,
                -39.19660101508055
              ],
              [
                176.79276504005736,
                -39.196589714495204
              ],
              [
                176.79273599322067,
                -39.196050238330905
              ],
              [
                176.79238934176948,
                -39.19606153870042
              ],
              [
                176.79237481996313,
                -39.19579180048479
              ]
            ],
            [
              [
                176.79244743094384,
                -39.1971404913925
              ],
              [
                176.79210077401905,
                -39.197151791165005
              ],
              [
                176.79217338327348,
                -39.19850048218619
              ],
              [
                176.79252004679705,
                -39.19848918187411
              ],
              [
                176.79253457055245,
                -39.1987589199193
              ],
              [
                176.79288123520092,
                -39.19874761847051
              ],
              [
                176.79286671012574,
                -39.19847788053327
              ],
              [
                176.79321337325945,
                -39.198466578163654
              ],
              [
                176.79314074420867,
                -39.19711788876138
              ],
              [
                176.7927940876737,
                -39.197129190591305
              ],
              [
                176.79277956376808,
                -39.19685945255177
              ],
              [
                176.7924329083579,
                -39.19687075324506
              ],
              [
                176.79244743094384,
                -39.1971404913925
              ]
            ],
            [
              [
                176.79631879461007,
                -39.1980950736685
              ],
              [
                176.79666545447375,
                -39.19808376111936
              ],
              [
                176.7966509152711,
                -39.19781402433588
              ],
              [
                176.79699757361988,
                -39.19780271086606
              ],
              [
                176.79698303329263,
                -39.197532974173555
              ],
              [
                176.79663637626356,
                -39.19754428753533
              ],
              [
                176.79662183745117,
                -39.19727455071773
              ],
              [
                176.79627518154666,
                -39.197285862942756
              ],
              [
                176.79628971903935,
                -39.1975555998684
              ],
              [
                176.79594306162005,
                -39.19756691117274
              ],
              [
                176.79595759798812,
                -39.197836648189345
              ],
              [
                176.79630425672715,
                -39.19782533677697
              ],
              [
                176.79631879461007,
                -39.1980950736685
              ]
            ]
          ],
          [
            [
              [
                176.79578317444603,
                -39.19459980286459
              ],
              [
                176.79543653134752,
                -39.19461111195209
              ],
              [
                176.7954510642503,
                -39.19488084926429
              ],
              [
                176.79510441963723,
                -39.194892157431184
              ],
              [
                176.79507535666573,
                -39.19435268257373
              ],
              [
                176.79542199863977,
                -39.19434137462284
              ],
              [
                176.79540746612705,
                -39.194071637276544
              ],
              [
                176.79575410658651,
                -39.194060328405044
              ],
              [
                176.79578317444603,
                -39.19459980286459
              ]
            ]
          ],
          [
            [
              [
                176.7936742609045,
                -39.19412816620506
              ],
              [
                176.79365973518426,
                -39.19385842830183
              ],
              [
                176.79261981366986,
                -39.19389233299192
              ],
              [
                176.7926343354316,
                -39.194162071218955
              ],
              [
                176.79228769321747,
                -39.194173370833035
              ],
              [
                176.79227317277525,
                -39.19390363249808
              ],
              [
                176.7919265316858,
                -39.19391493097565
              ],
              [
                176.79191201275793,
                -39.193645192515746
              ],
              [
                176.792605292103,
                -39.193622594747836
              ],
              [
                176.79259077073104,
                -39.19335285648672
              ],
              [
                176.7936306843286,
                -39.193318952444244
              ],
              [
                176.79361615919316,
                -39.193049214489875
              ],
              [
                176.79396279534976,
                -39.1930379111932
              ],
              [
                176.79400637529923,
                -39.193847124681284
              ],
              [
                176.79435301521923,
                -39.19383582003215
              ],
              [
                176.79436754357846,
                -39.19410555771946
              ],
              [
                176.7936742609045,
                -39.19412816620506
              ]
            ]
          ],
          [
            [
              [
                176.79593873330768,
                -39.18459690105405
              ],
              [
                176.7959532629528,
                -39.18486663867313
              ],
              [
                176.79629985797482,
                -39.18485533038856
              ],
              [
                176.7963289204878,
                -39.18539480535955
              ],
              [
                176.795982322828,
                -39.185406113860154
              ],
              [
                176.79601138348315,
                -39.18594558897897
              ],
              [
                176.79566478299043,
                -39.185956896667285
              ],
              [
                176.79567931229153,
                -39.186226634309115
              ],
              [
                176.7960259141032,
                -39.186215326512794
              ],
              [
                176.79604044491828,
                -39.186485064029576
              ],
              [
                176.79638704785393,
                -39.18647375509695
              ],
              [
                176.79637251571987,
                -39.18620401768817
              ],
              [
                176.79671911714152,
                -39.18619270783523
              ],
              [
                176.79670458388355,
                -39.18592297051743
              ],
              [
                176.79705118379124,
                -39.18591165974423
              ],
              [
                176.79703664940934,
                -39.1856419225174
              ],
              [
                176.79738324780303,
                -39.18563061082394
              ],
              [
                176.79739778350384,
                -39.18590034794273
              ],
              [
                176.79774438302144,
                -39.18588903511294
              ],
              [
                176.7977734576462,
                -39.18642850908326
              ],
              [
                176.79742685549073,
                -39.186439822129145
              ],
              [
                176.79747046493407,
                -39.18724903328085
              ],
              [
                176.79781707104658,
                -39.187237719910804
              ],
              [
                176.7978316092369,
                -39.18750745681921
              ],
              [
                176.79817821647333,
                -39.187496142312774
              ],
              [
                176.7981927561778,
                -39.18776587909607
              ],
              [
                176.7978461476223,
                -39.187777193710566
              ],
              [
                176.7978606862028,
                -39.18804693058486
              ],
              [
                176.79820729607738,
                -39.1880356158623
              ],
              [
                176.79823637646192,
                -39.18857508934359
              ],
              [
                176.79788976394914,
                -39.18858640428228
              ],
              [
                176.797904303115,
                -39.18885614110541
              ],
              [
                176.79755768908797,
                -39.188867455123784
              ],
              [
                176.79757222712976,
                -39.18913719203791
              ],
              [
                176.79791884247592,
                -39.189125877911486
              ],
              [
                176.79793338203197,
                -39.189395614700494
              ],
              [
                176.7982799985022,
                -39.18938429943759
              ],
              [
                176.79826545762697,
                -39.18911456275665
              ],
              [
                176.79861207258287,
                -39.18910324657341
              ],
              [
                176.79859753058363,
                -39.18883350998349
              ],
              [
                176.79894414402526,
                -39.188822192879925
              ],
              [
                176.79892960090206,
                -39.18855245638104
              ],
              [
                176.7992762128294,
                -39.188541138357195
              ],
              [
                176.7992907572717,
                -39.188810874747986
              ],
              [
                176.79963737032298,
                -39.188799555587664
              ],
              [
                176.79972464899095,
                -39.190417972925566
              ],
              [
                176.79937802802462,
                -39.19042929273454
              ],
              [
                176.7993925738333,
                -39.19069902900593
              ],
              [
                176.79904595135253,
                -39.19071034789456
              ],
              [
                176.79906049603713,
                -39.19098008425699
              ],
              [
                176.79836724785153,
                -39.191002719165056
              ],
              [
                176.79835270580546,
                -39.19073298258646
              ],
              [
                176.7966195885229,
                -39.1907895513181
              ],
              [
                176.79663412397264,
                -39.19105928843699
              ],
              [
                176.79594087305549,
                -39.19108190894638
              ],
              [
                176.79595540606167,
                -39.19135164626425
              ],
              [
                176.79456889660995,
                -39.191396875373215
              ],
              [
                176.79458342453384,
                -39.191666613106
              ],
              [
                176.79389016599944,
                -39.19168922170541
              ],
              [
                176.7939046914796,
                -39.19195895963706
              ],
              [
                176.7932114295268,
                -39.19198156433831
              ],
              [
                176.79322595256315,
                -39.192251302468804
              ],
              [
                176.79287931997501,
                -39.19226260338457
              ],
              [
                176.79285027673592,
                -39.19172312689067
              ],
              [
                176.7925036465916,
                -39.19173442656206
              ],
              [
                176.79248912658372,
                -39.191464688181625
              ],
              [
                176.79214249756393,
                -39.19147598671658
              ],
              [
                176.79212797907024,
                -39.191206248211195
              ],
              [
                176.79178135117493,
                -39.191217545609746
              ],
              [
                176.7917668341954,
                -39.19094780697941
              ],
              [
                176.7921134607714,
                -39.19093650968876
              ],
              [
                176.79209894266737,
                -39.19066677114929
              ],
              [
                176.79244556772923,
                -39.19065547293806
              ],
              [
                176.79246008715253,
                -39.19092521136962
              ],
              [
                176.79280671333885,
                -39.19091391202199
              ],
              [
                176.79279219259624,
                -39.190644173698345
              ],
              [
                176.79313881726836,
                -39.19063287343015
              ],
              [
                176.79312429540138,
                -39.19036313519738
              ],
              [
                176.7927776720485,
                -39.19037443535765
              ],
              [
                176.79276315169562,
                -39.19010469699992
              ],
              [
                176.7920699070438,
                -39.190127294019234
              ],
              [
                176.7920553895243,
                -39.18985755542863
              ],
              [
                176.79170876822542,
                -39.189868852287695
              ],
              [
                176.79167973640926,
                -39.18932937483958
              ],
              [
                176.79133311755402,
                -39.18934067045442
              ],
              [
                176.79131860325734,
                -39.189070931596916
              ],
              [
                176.79062536760094,
                -39.189093519525564
              ],
              [
                176.7906398792592,
                -39.1893632585988
              ],
              [
                176.79029325981963,
                -39.189374551128324
              ],
              [
                176.79024972938663,
                -39.188565333533944
              ],
              [
                176.79059634486862,
                -39.188554041327976
              ],
              [
                176.7905528122307,
                -39.1877448239038
              ],
              [
                176.79089942356052,
                -39.187733530993
              ],
              [
                176.79087040013738,
                -39.18719405284073
              ],
              [
                176.79121700863428,
                -39.18718275911728
              ],
              [
                176.79123152156757,
                -39.18745249809407
              ],
              [
                176.7915781311888,
                -39.18744120323438
              ],
              [
                176.79159264563592,
                -39.187710942086255
              ],
              [
                176.79124603469558,
                -39.18772223705382
              ],
              [
                176.79130408915543,
                -39.18880119272238
              ],
              [
                176.79165070537232,
                -39.1887898973233
              ],
              [
                176.7916652207934,
                -39.189059636089965
              ],
              [
                176.79201183813464,
                -39.189048339554574
              ],
              [
                176.7920263550697,
                -39.189318078196294
              ],
              [
                176.79271959180616,
                -39.18929548182443
              ],
              [
                176.79273411157445,
                -39.18956522023331
              ],
              [
                176.7930807309696,
                -39.189553920396804
              ],
              [
                176.79306620988208,
                -39.189284182095854
              ],
              [
                176.79341282776318,
                -39.18927288133885
              ],
              [
                176.79339830555134,
                -39.18900314312879
              ],
              [
                176.79374492191835,
                -39.1889918414513
              ],
              [
                176.79375944544935,
                -39.18926157955341
              ],
              [
                176.794452680237,
                -39.189238972897265
              ],
              [
                176.79443815406762,
                -39.188969235011065
              ],
              [
                176.79478476984988,
                -39.18895793024832
              ],
              [
                176.7947702425563,
                -39.188688192453036
              ],
              [
                176.79442362809323,
                -39.1886994971078
              ],
              [
                176.79440910231372,
                -39.188429759187486
              ],
              [
                176.79371587544105,
                -39.18845236519591
              ],
              [
                176.79370135249474,
                -39.18818262704265
              ],
              [
                176.79404796470942,
                -39.18817132466058
              ],
              [
                176.7940043930826,
                -39.18736211042237
              ],
              [
                176.79469760901267,
                -39.18733950322086
              ],
              [
                176.79468308288878,
                -39.18706976532327
              ],
              [
                176.79502968924237,
                -39.18705846028796
              ],
              [
                176.79501516199437,
                -39.186788722481296
              ],
              [
                176.795361766834,
                -39.18677741652563
              ],
              [
                176.79530365451555,
                -39.18569846556044
              ],
              [
                176.7956502538843,
                -39.18568715900841
              ],
              [
                176.79563572497315,
                -39.18541742133247
              ],
              [
                176.79528912692336,
                -39.18542872777652
              ],
              [
                176.7952745995261,
                -39.18515898997555
              ],
              [
                176.79492800260027,
                -39.18517029528334
              ],
              [
                176.7949425286786,
                -39.185440033192286
              ],
              [
                176.7945959302389,
                -39.18545133757978
              ],
              [
                176.794566880915,
                -39.1849118615289
              ],
              [
                176.79422028491823,
                -39.18492316467218
              ],
              [
                176.79420576186752,
                -39.18465342651321
              ],
              [
                176.79524554531642,
                -39.18461951432246
              ],
              [
                176.79526007232377,
                -39.18488925215754
              ],
              [
                176.79560666773577,
                -39.184877945929465
              ],
              [
                176.79559213940954,
                -39.184608208202384
              ],
              [
                176.79593873330768,
                -39.18459690105405
              ]
            ],
            [
              [
                176.79579555371976,
                -39.18838453482994
              ],
              [
                176.79578102285876,
                -39.18811479732453
              ],
              [
                176.79543441161883,
                -39.1881261048485
              ],
              [
                176.7954489411607,
                -39.18839584246192
              ],
              [
                176.7951023284067,
                -39.1884071490655
              ],
              [
                176.79511685682442,
                -39.18867688676986
              ],
              [
                176.7954634708976,
                -39.1886655800583
              ],
              [
                176.7954780008295,
                -39.188935317637615
              ],
              [
                176.7958246160268,
                -39.18892400978965
              ],
              [
                176.79581008477578,
                -39.18865427231833
              ],
              [
                176.79615669845896,
                -39.18864296354997
              ],
              [
                176.79614216608383,
                -39.188373226169595
              ],
              [
                176.79579555371976,
                -39.18838453482994
              ]
            ],
            [
              [
                176.79513138543717,
                -39.18894662445718
              ],
              [
                176.79514591424484,
                -39.18921636212744
              ],
              [
                176.7947992973384,
                -39.18922766802656
              ],
              [
                176.7948138250219,
                -39.18949740578775
              ],
              [
                176.79446720660127,
                -39.18950871076643
              ],
              [
                176.79448173316052,
                -39.18977844861854
              ],
              [
                176.79413511322574,
                -39.18978975267676
              ],
              [
                176.7941496386607,
                -39.190059490619795
              ],
              [
                176.79449625991472,
                -39.19004818645361
              ],
              [
                176.79451078686384,
                -39.19031792427163
              ],
              [
                176.79485740924213,
                -39.19030661896904
              ],
              [
                176.79484288097376,
                -39.190036881259
              ],
              [
                176.79518950183783,
                -39.19002557503593
              ],
              [
                176.79517497244518,
                -39.18975583741681
              ],
              [
                176.79552159179508,
                -39.18974453027328
              ],
              [
                176.79550706127822,
                -39.18947479274511
              ],
              [
                176.7958536791139,
                -39.189463484681156
              ],
              [
                176.79583914747283,
                -39.18919374724392
              ],
              [
                176.79549253095632,
                -39.189205055199885
              ],
              [
                176.7954780008295,
                -39.188935317637615
              ],
              [
                176.79513138543717,
                -39.18894662445718
              ]
            ]
          ],
          [
            [
              [
                176.8006044616642,
                -39.187416911974154
              ],
              [
                176.80061901060196,
                -39.18768664800072
              ],
              [
                176.80027240341266,
                -39.18769796981367
              ],
              [
                176.80031604744025,
                -39.188507178115394
              ],
              [
                176.7999694360985,
                -39.18851849922437
              ],
              [
                176.79995488921315,
                -39.18824876303272
              ],
              [
                176.7996082789953,
                -39.18826008300521
              ],
              [
                176.79962282456154,
                -39.18852981930497
              ],
              [
                176.7992762128294,
                -39.188541138357195
              ],
              [
                176.79926166858226,
                -39.188271401949336
              ],
              [
                176.798915057974,
                -39.18828271986507
              ],
              [
                176.79890051524112,
                -39.188012983332065
              ],
              [
                176.7992471245303,
                -39.18800166552442
              ],
              [
                176.7992325806735,
                -39.18773192908243
              ],
              [
                176.79888597270343,
                -39.187743246782
              ],
              [
                176.79887143036086,
                -39.18747351021487
              ],
              [
                176.79852482351464,
                -39.187484826778004
              ],
              [
                176.7985102826863,
                -39.18721509008572
              ],
              [
                176.79885688821344,
                -39.18720377363068
              ],
              [
                176.79882780450404,
                -39.18666430041113
              ],
              [
                176.79917440719805,
                -39.18665298314394
              ],
              [
                176.79915986431712,
                -39.186383246616664
              ],
              [
                176.799506465497,
                -39.18637192842926
              ],
              [
                176.79949192149223,
                -39.18610219199302
              ],
              [
                176.79983852115797,
                -39.18609087288544
              ],
              [
                176.79988215771465,
                -39.186900081818614
              ],
              [
                176.8002287611421,
                -39.18688876135839
              ],
              [
                176.80025785579392,
                -39.18742823367898
              ],
              [
                176.8006044616642,
                -39.187416911974154
              ]
            ]
          ],
          [
            [
              [
                176.78983057347824,
                -39.187227927840915
              ],
              [
                176.78948396420247,
                -39.18723921745092
              ],
              [
                176.78946945805927,
                -39.18696947791787
              ],
              [
                176.7891228499079,
                -39.18698076639167
              ],
              [
                176.78910834527844,
                -39.18671102673377
              ],
              [
                176.78876173825145,
                -39.18672231407141
              ],
              [
                176.7887472351357,
                -39.18645257428867
              ],
              [
                176.7890938408436,
                -39.186441287058834
              ],
              [
                176.7890648325579,
                -39.18590180765784
              ],
              [
                176.78941143543315,
                -39.18589051961528
              ],
              [
                176.78939693026325,
                -39.18562077999706
              ],
              [
                176.79009013279182,
                -39.18559820104265
              ],
              [
                176.79007562517867,
                -39.18532846162303
              ],
              [
                176.79042222483196,
                -39.1853171707112
              ],
              [
                176.7904512428909,
                -39.18585664931773
              ],
              [
                176.79010464059968,
                -39.18586794044522
              ],
              [
                176.79014816519137,
                -39.18667715855074
              ],
              [
                176.7898015587484,
                -39.18668844897343
              ],
              [
                176.78983057347824,
                -39.187227927840915
              ]
            ]
          ],
          [
            [
              [
                176.78487660702683,
                -39.18549770190386
              ],
              [
                176.78522320959857,
                -39.18548642641665
              ],
              [
                176.78526667762412,
                -39.186295649150665
              ],
              [
                176.7845734643721,
                -39.186318199742885
              ],
              [
                176.78454449077006,
                -39.18577871750648
              ],
              [
                176.78489109485523,
                -39.18576744293992
              ],
              [
                176.78487660702683,
                -39.18549770190386
              ]
            ]
          ],
          [
            [
              [
                176.7987550986456,
                -39.18531561706374
              ],
              [
                176.79874055805925,
                -39.18504588034309
              ],
              [
                176.79908715283966,
                -39.18503456372442
              ],
              [
                176.79907261112962,
                -39.18476482709481
              ],
              [
                176.79976579746727,
                -39.18474219098893
              ],
              [
                176.79980943109615,
                -39.18555140017801
              ],
              [
                176.79946283406827,
                -39.18556271906938
              ],
              [
                176.799448290649,
                -39.185292982581984
              ],
              [
                176.7987550986456,
                -39.18531561706374
              ]
            ]
          ],
          [
            [
              [
                176.78271011210873,
                -39.183946882782706
              ],
              [
                176.7827245908572,
                -39.184216624566844
              ],
              [
                176.78307118800038,
                -39.184205355787775
              ],
              [
                176.78310014871812,
                -39.18474483908972
              ],
              [
                176.78344674830484,
                -39.18473356906709
              ],
              [
                176.78346123027416,
                -39.18500331058488
              ],
              [
                176.78380783098552,
                -39.18499203942629
              ],
              [
                176.78382231446815,
                -39.18526178081941
              ],
              [
                176.78347571243782,
                -39.185273052085655
              ],
              [
                176.78349019479586,
                -39.18554279356941
              ],
              [
                176.78210377945524,
                -39.185587868781695
              ],
              [
                176.78208930237324,
                -39.18531812686742
              ],
              [
                176.78174269937136,
                -39.18532939299206
              ],
              [
                176.78172822380265,
                -39.18505965095316
              ],
              [
                176.78103501985407,
                -39.185082179902246
              ],
              [
                176.78102054711758,
                -39.184812437631166
              ],
              [
                176.78067394617094,
                -39.184823700455645
              ],
              [
                176.78065947494764,
                -39.184553958059965
              ],
              [
                176.7810060745753,
                -39.18454269534305
              ],
              [
                176.7809916022272,
                -39.18427295303791
              ],
              [
                176.7813382003417,
                -39.18426168940029
              ],
              [
                176.78129478050604,
                -39.183452462705546
              ],
              [
                176.78198796823887,
                -39.18342993299098
              ],
              [
                176.78200244396098,
                -39.183699675024386
              ],
              [
                176.7823490388549,
                -39.183688408517106
              ],
              [
                176.7823635160902,
                -39.18395815042588
              ],
              [
                176.78271011210873,
                -39.183946882782706
              ]
            ]
          ],
          [
            [
              [
                176.79449426101615,
                -39.18356317110338
              ],
              [
                176.79447973762106,
                -39.18329343296714
              ],
              [
                176.79482632550986,
                -39.18328212944337
              ],
              [
                176.7948118009909,
                -39.183012391398044
              ],
              [
                176.7955049735462,
                -39.182989781481865
              ],
              [
                176.7955485556006,
                -39.18379899491885
              ],
              [
                176.795201965464,
                -39.183810300714974
              ],
              [
                176.7951874392364,
                -39.18354056281172
              ],
              [
                176.79449426101615,
                -39.18356317110338
              ]
            ]
          ],
          [
            [
              [
                176.79749728021415,
                -39.181303503611
              ],
              [
                176.797511814113,
                -39.1815732408946
              ],
              [
                176.79716523569627,
                -39.18158455199572
              ],
              [
                176.79720883460695,
                -39.18239376406832
              ],
              [
                176.79686225203918,
                -39.18240507446538
              ],
              [
                176.79687678408072,
                -39.18267481189684
              ],
              [
                176.79653019999918,
                -39.182686121373756
              ],
              [
                176.79651566927635,
                -39.182416383834266
              ],
              [
                176.79582250316574,
                -39.182438999487566
              ],
              [
                176.79579344757988,
                -39.181899523925445
              ],
              [
                176.79648660841565,
                -39.18187690870416
              ],
              [
                176.7964720782778,
                -39.181607171113534
              ],
              [
                176.79681865708454,
                -39.18159586206869
              ],
              [
                176.79677506388492,
                -39.180786649518545
              ],
              [
                176.79746821300157,
                -39.18076402899262
              ],
              [
                176.79748274651033,
                -39.181033766310335
              ],
              [
                176.7978293220947,
                -39.18102245439718
              ],
              [
                176.79784385711716,
                -39.181292191589804
              ],
              [
                176.79749728021415,
                -39.181303503611
              ]
            ]
          ],
          [
            [
              [
                176.7881541284616,
                -39.18187827974497
              ],
              [
                176.78818312563368,
                -39.18241776008812
              ],
              [
                176.7871433661094,
                -39.182451607672924
              ],
              [
                176.78711437684987,
                -39.181912126683194
              ],
              [
                176.78676779259024,
                -39.18192340693957
              ],
              [
                176.78675329957102,
                -39.18165366631143
              ],
              [
                176.78640671643564,
                -39.18166494543189
              ],
              [
                176.78639222492959,
                -39.18139520467898
              ],
              [
                176.78708538836838,
                -39.181372645625345
              ],
              [
                176.78709988251185,
                -39.181642386162785
              ],
              [
                176.78744646525826,
                -39.18163110498598
              ],
              [
                176.78746096091498,
                -39.18190084539864
              ],
              [
                176.7881541284616,
                -39.18187827974497
              ]
            ]
          ],
          [
            [
              [
                176.7929772461718,
                -39.181180727622554
              ],
              [
                176.79296272980528,
                -39.18091098890117
              ],
              [
                176.79261615281072,
                -39.18092228631271
              ],
              [
                176.7925726088358,
                -39.18011306972257
              ],
              [
                176.79361232736753,
                -39.18007917537485
              ],
              [
                176.79365588321,
                -39.18088839099375
              ],
              [
                176.79330930660507,
                -39.180899690461516
              ],
              [
                176.79332382429024,
                -39.181169429074984
              ],
              [
                176.7929772461718,
                -39.181180727622554
              ]
            ]
          ],
          [
            [
              [
                176.79573533874756,
                -39.18082057259661
              ],
              [
                176.79572081202684,
                -39.18055083472177
              ],
              [
                176.79537423790978,
                -39.18056214025027
              ],
              [
                176.7953597127026,
                -39.18029240225041
              ],
              [
                176.79501313970923,
                -39.180303706642825
              ],
              [
                176.7949986160155,
                -39.18003396851795
              ],
              [
                176.7956917591702,
                -39.18001135892097
              ],
              [
                176.79570628550104,
                -39.1802810968299
              ],
              [
                176.79605285810462,
                -39.18026979038131
              ],
              [
                176.7960819139883,
                -39.180809265932034
              ],
              [
                176.79573533874756,
                -39.18082057259661
              ]
            ]
          ],
          [
            [
              [
                176.78738848457652,
                -39.18055214316506
              ],
              [
                176.7877350618536,
                -39.180540861391115
              ],
              [
                176.7877640544428,
                -39.18108034212012
              ],
              [
                176.78741747452833,
                -39.18109162410957
              ],
              [
                176.78740297945518,
                -39.180821883645834
              ],
              [
                176.7870564006649,
                -39.18083316449939
              ],
              [
                176.7870419071049,
                -39.180563423910876
              ],
              [
                176.78634875157823,
                -39.18058598231809
              ],
              [
                176.7863632425009,
                -39.18085572312208
              ],
              [
                176.78601666312719,
                -39.180867000891205
              ],
              [
                176.7860311529256,
                -39.18113674178589
              ],
              [
                176.786377733618,
                -39.18112546390905
              ],
              [
                176.78639222492959,
                -39.18139520467898
              ],
              [
                176.78604564291848,
                -39.18140648266354
              ],
              [
                176.7860601331058,
                -39.18167622352418
              ],
              [
                176.7857135495815,
                -39.18168750058828
              ],
              [
                176.78569906071291,
                -39.18141775961994
              ],
              [
                176.7850058957185,
                -39.18144031044822
              ],
              [
                176.78502038194966,
                -39.18171005163195
              ],
              [
                176.7846737978421,
                -39.18172132561151
              ],
              [
                176.78465931292973,
                -39.181451584320094
              ],
              [
                176.78431272994652,
                -39.181462857163794
              ],
              [
                176.78429824654725,
                -39.18119311574769
              ],
              [
                176.78395166468843,
                -39.18120438745555
              ],
              [
                176.783966146769,
                -39.18147412897933
              ],
              [
                176.78327297983088,
                -39.18149666952585
              ],
              [
                176.78325850038783,
                -39.181226927786774
              ],
              [
                176.78291191794602,
                -39.18123819641013
              ],
              [
                176.78289744001597,
                -39.18096845454641
              ],
              [
                176.7825508586986,
                -39.18097972203396
              ],
              [
                176.78253638228156,
                -39.18070998004561
              ],
              [
                176.78426928033178,
                -39.180653632864406
              ],
              [
                176.7842547975156,
                -39.18038389139722
              ],
              [
                176.78460137522399,
                -39.180372618984194
              ],
              [
                176.78458689128345,
                -39.18010287760766
              ],
              [
                176.7842403148937,
                -39.18011414991302
              ],
              [
                176.7842258324662,
                -39.17984440841181
              ],
              [
                176.78526555709638,
                -39.179810588734405
              ],
              [
                176.78525107090738,
                -39.17954084753919
              ],
              [
                176.78663736241825,
                -39.17949574067324
              ],
              [
                176.7866518538817,
                -39.179765481437606
              ],
              [
                176.78699842759187,
                -39.17975420204314
              ],
              [
                176.7870274137394,
                -39.18029368330532
              ],
              [
                176.78737398989236,
                -39.18028240266726
              ],
              [
                176.78738848457652,
                -39.18055214316506
              ]
            ]
          ],
          [
            [
              [
                176.78142428172848,
                -39.17939506420542
              ],
              [
                176.78177085571656,
                -39.179383800447916
              ],
              [
                176.78175638310222,
                -39.17911405814225
              ],
              [
                176.78210295557753,
                -39.17910279346422
              ],
              [
                176.78208848183883,
                -39.17883305124913
              ],
              [
                176.78243505280128,
                -39.178821785650605
              ],
              [
                176.7824929541959,
                -39.17990075397843
              ],
              [
                176.78179980152785,
                -39.17992328500821
              ],
              [
                176.7817853285251,
                -39.17965354273656
              ],
              [
                176.7814387532184,
                -39.17966480660168
              ],
              [
                176.78142428172848,
                -39.17939506420542
              ]
            ]
          ]
        ]
      }
    }
  ]
}